solid OpenSCAD_Model
  facet normal 0 0 1
    outer loop
      vertex 0 69.68 5.949999999999999
      vertex 4.696472380161296 66.06637033104897 5.949999999999999
      vertex 4.7477895206213105 66.07657794684172 5.949999999999999
    endloop
  endfacet
  facet normal 0 0 1
    outer loop
      vertex 0 69.68 5.949999999999999
      vertex 4.646926630139362 66.04955181509257 5.949999999999999
      vertex 4.696472380161296 66.06637033104897 5.949999999999999
    endloop
  endfacet
  facet normal 0 0 1
    outer loop
      vertex 0 69.68 5.949999999999999
      vertex 4.599999997615825 66.02641016274691 5.949999999999999
      vertex 4.646926630139362 66.04955181509257 5.949999999999999
    endloop
  endfacet
  facet normal 0 0 1
    outer loop
      vertex 0 69.68 5.949999999999999
      vertex 4.556495431661617 65.99734133511782 5.949999999999999
      vertex 4.599999997615825 66.02641016274691 5.949999999999999
    endloop
  endfacet
  facet normal 0 0 1
    outer loop
      vertex 0 69.68 5.949999999999999
      vertex 4.7477895206213105 66.07657794684172 5.949999999999999
      vertex 4.800000000596057 66.07999999850989 5.949999999999999
    endloop
  endfacet
  facet normal 0 0 1
    outer loop
      vertex 0 69.68 5.949999999999999
      vertex 4.517157289981853 65.96284271061421 5.949999999999999
      vertex 4.556495431661617 65.99734133511782 5.949999999999999
    endloop
  endfacet
  facet normal 0 0 1
    outer loop
      vertex 0 69.68 5.949999999999999
      vertex 4.48265866547824 65.92350456893445 5.949999999999999
      vertex 4.517157289981853 65.96284271061421 5.949999999999999
    endloop
  endfacet
  facet normal 0 0 1
    outer loop
      vertex 0 69.68 5.949999999999999
      vertex 4.453589837849151 65.88000000298024 5.949999999999999
      vertex 4.48265866547824 65.92350456893445 5.949999999999999
    endloop
  endfacet
  facet normal 0 0 1
    outer loop
      vertex 0 69.68 5.949999999999999
      vertex 4.430448185503494 65.8330733704567 5.949999999999999
      vertex 4.453589837849151 65.88000000298024 5.949999999999999
    endloop
  endfacet
  facet normal 0 0 1
    outer loop
      vertex 0 69.68 5.949999999999999
      vertex 4.413629669547092 65.78352762043477 5.949999999999999
      vertex 4.430448185503494 65.8330733704567 5.949999999999999
    endloop
  endfacet
  facet normal 0 0 1
    outer loop
      vertex 0 69.68 5.949999999999999
      vertex 4.4034220537543405 65.73221047997475 5.949999999999999
      vertex 4.413629669547092 65.78352762043477 5.949999999999999
    endloop
  endfacet
  facet normal 0 0 1
    outer loop
      vertex 0 69.68 5.949999999999999
      vertex 0 0 5.949999999999999
      vertex 4.4034220537543405 65.73221047997475 5.949999999999999
    endloop
  endfacet
  facet normal 0 0 1
    outer loop
      vertex 4.4034220537543405 65.73221047997475 5.949999999999999
      vertex 0 0 5.949999999999999
      vertex 4.400000002086173 65.68 5.949999999999999
    endloop
  endfacet
  facet normal 0 0 1
    outer loop
      vertex 0 69.68 5.949999999999999
      vertex 4.800000000596057 66.07999999850989 5.949999999999999
      vertex 115.91000000000001 66.07999999850989 5.949999999999999
    endloop
  endfacet
  facet normal 0 0 -1
    outer loop
      vertex 0 69.68 0
      vertex 5.707968978321702 63.67203102167831 0
      vertex 5.4406046450971814 63.36716042992704 0
    endloop
  endfacet
  facet normal 0 0 -1
    outer loop
      vertex 0 69.68 0
      vertex 5.4406046450971814 63.36716042992704 0
      vertex 5.215321248268239 63.03000000000001 0
    endloop
  endfacet
  facet normal 0 0 -1
    outer loop
      vertex 0 69.68 0
      vertex 6.3500000000000085 64.16467875173177 0
      vertex 6.01283957007297 63.939395354902835 0
    endloop
  endfacet
  facet normal 0 0 -1
    outer loop
      vertex 0 69.68 0
      vertex 7.097660960182196 64.47437006149612 0
      vertex 6.713681359668229 64.344026550785 0
    endloop
  endfacet
  facet normal 0 0 -1
    outer loop
      vertex 0 69.68 0
      vertex 6.713681359668229 64.344026550785 0
      vertex 6.3500000000000085 64.16467875173177 0
    endloop
  endfacet
  facet normal 0 0 -1
    outer loop
      vertex 0 69.68 0
      vertex 6.01283957007297 63.939395354902835 0
      vertex 5.707968978321702 63.67203102167831 0
    endloop
  endfacet
  facet normal 0 0 -1
    outer loop
      vertex 0 69.68 0
      vertex 7.495368804117845 64.55347907025882 0
      vertex 7.097660960182196 64.47437006149612 0
    endloop
  endfacet
  facet normal 0 0 -1
    outer loop
      vertex 0 69.68 0
      vertex 7.900000000000006 64.58000000000001 0
      vertex 7.495368804117845 64.55347907025882 0
    endloop
  endfacet
  facet normal 0 0 -1
    outer loop
      vertex 0 69.68 0
      vertex 8.304631195882166 64.55347907025882 0
      vertex 7.900000000000006 64.58000000000001 0
    endloop
  endfacet
  facet normal 0 0 -1
    outer loop
      vertex 0 69.68 0
      vertex 12.670000000000002 65.28 0
      vertex 9.086318640331783 64.344026550785 0
    endloop
  endfacet
  facet normal 0 0 -1
    outer loop
      vertex 0 69.68 0
      vertex 8.702339039817815 64.47437006149612 0
      vertex 8.304631195882166 64.55347907025882 0
    endloop
  endfacet
  facet normal 0 0 -1
    outer loop
      vertex 0 69.68 0
      vertex 9.086318640331783 64.344026550785 0
      vertex 8.702339039817815 64.47437006149612 0
    endloop
  endfacet
  facet normal 0 0 -1
    outer loop
      vertex 0 69.68 0
      vertex 5.215321248268239 63.03000000000001 0
      vertex 5.035973449215021 62.66631864033178 0
    endloop
  endfacet
  facet normal 0 0 -1
    outer loop
      vertex 0 69.68 0
      vertex 5.035973449215021 62.66631864033178 0
      vertex 4.905629938503893 62.28233903981782 0
    endloop
  endfacet
  facet normal 0 0 -1
    outer loop
      vertex 0 69.68 0
      vertex 4.905629938503893 62.28233903981782 0
      vertex 4.826520929741193 61.884631195882164 0
    endloop
  endfacet
  facet normal 0 0 -1
    outer loop
      vertex 12.670000000000002 65.28 0
      vertex 9.450000000000003 64.16467875173177 0
      vertex 9.086318640331783 64.344026550785 0
    endloop
  endfacet
  facet normal 0 0 -1
    outer loop
      vertex 12.670000000000002 65.28 0
      vertex 9.787160429927042 63.939395354902835 0
      vertex 9.450000000000003 64.16467875173177 0
    endloop
  endfacet
  facet normal 0 0 -1
    outer loop
      vertex 12.670000000000002 65.28 0
      vertex 10.09203102167831 63.67203102167831 0
      vertex 9.787160429927042 63.939395354902835 0
    endloop
  endfacet
  facet normal 0 0 -1
    outer loop
      vertex 12.670000000000002 65.28 0
      vertex 10.35939535490283 63.36716042992704 0
      vertex 10.09203102167831 63.67203102167831 0
    endloop
  endfacet
  facet normal 0 0 -1
    outer loop
      vertex 12.670000000000002 65.28 0
      vertex 10.584678751731772 63.03000000000001 0
      vertex 10.35939535490283 63.36716042992704 0
    endloop
  endfacet
  facet normal 0 0 -1
    outer loop
      vertex 12.670000000000002 65.28 0
      vertex 10.76402655078499 62.66631864033178 0
      vertex 10.584678751731772 63.03000000000001 0
    endloop
  endfacet
  facet normal 0 0 -1
    outer loop
      vertex 12.670000000000002 65.28 0
      vertex 10.894370061496119 62.28233903981782 0
      vertex 10.76402655078499 62.66631864033178 0
    endloop
  endfacet
  facet normal 0 0 -1
    outer loop
      vertex 12.670000000000002 65.28 0
      vertex 10.973479070258819 61.884631195882164 0
      vertex 10.894370061496119 62.28233903981782 0
    endloop
  endfacet
  facet normal 0 0 -1
    outer loop
      vertex 12.670000000000002 65.28 0
      vertex 11 61.480000000000004 0
      vertex 10.973479070258819 61.884631195882164 0
    endloop
  endfacet
  facet normal -1 0 0
    outer loop
      vertex 0 69.68 5.949999999999999
      vertex 0 69.68 0
      vertex 0 0 0
    endloop
  endfacet
  facet normal 0 0 -1
    outer loop
      vertex 0 69.68 0
      vertex 4.826520929741193 61.884631195882164 0
      vertex 0 0 0
    endloop
  endfacet
  facet normal 0 0 -1
    outer loop
      vertex 10.973479070258819 61.07536880411784 0
      vertex 11 61.480000000000004 0
      vertex 10.973479070258819 8.60463119588217 0
    endloop
  endfacet
  facet normal 0 0 -1
    outer loop
      vertex 10.894370061496119 60.677660960182195 0
      vertex 10.973479070258819 61.07536880411784 0
      vertex 10.894370061496119 9.002339039817826 0
    endloop
  endfacet
  facet normal 0 0 -1
    outer loop
      vertex 12.670000000000002 4.400000000000006 0
      vertex 11 61.480000000000004 0
      vertex 12.670000000000002 65.28 0
    endloop
  endfacet
  facet normal 0 0 -1
    outer loop
      vertex 0 0 0
      vertex 4.826520929741193 61.884631195882164 0
      vertex 4.800000000000011 61.480000000000004 0
    endloop
  endfacet
  facet normal 0 0 -1
    outer loop
      vertex 0 0 0
      vertex 4.800000000000011 61.480000000000004 0
      vertex 4.826520929741193 61.07536880411784 0
    endloop
  endfacet
  facet normal 0 0 -1
    outer loop
      vertex 0 0 0
      vertex 4.826520929741193 61.07536880411784 0
      vertex 4.905629938503893 60.677660960182195 0
    endloop
  endfacet
  facet normal 0 0 -1
    outer loop
      vertex 0 0 0
      vertex 4.905629938503893 60.677660960182195 0
      vertex 5.035973449215021 60.29368135966823 0
    endloop
  endfacet
  facet normal 0 0 -1
    outer loop
      vertex 0 0 0
      vertex 5.035973449215021 60.29368135966823 0
      vertex 5.215321248268239 59.93000000000001 0
    endloop
  endfacet
  facet normal 0 0 -1
    outer loop
      vertex 0 0 0
      vertex 5.215321248268239 59.93000000000001 0
      vertex 5.4406046450971814 59.59283957007297 0
    endloop
  endfacet
  facet normal 0 0 -1
    outer loop
      vertex 5.4406046450971814 59.59283957007297 0
      vertex 5.707968978321702 59.28796897832171 0
      vertex 5.4406046450971814 10.087160429927046 0
    endloop
  endfacet
  facet normal 0 0 -1
    outer loop
      vertex 6.01283957007297 59.02060464509718 0
      vertex 5.707968978321702 10.392031021678307 0
      vertex 5.707968978321702 59.28796897832171 0
    endloop
  endfacet
  facet normal 0 0 -1
    outer loop
      vertex 6.3500000000000085 58.795321248268245 0
      vertex 6.01283957007297 10.659395354902841 0
      vertex 6.01283957007297 59.02060464509718 0
    endloop
  endfacet
  facet normal 0 0 -1
    outer loop
      vertex 6.713681359668229 58.61597344921502 0
      vertex 6.3500000000000085 10.88467875173177 0
      vertex 6.3500000000000085 58.795321248268245 0
    endloop
  endfacet
  facet normal 0 0 -1
    outer loop
      vertex 7.097660960182196 58.48562993850389 0
      vertex 6.713681359668229 11.064026550785002 0
      vertex 6.713681359668229 58.61597344921502 0
    endloop
  endfacet
  facet normal 0 0 -1
    outer loop
      vertex 7.495368804117845 58.40652092974119 0
      vertex 7.097660960182196 11.194370061496123 0
      vertex 7.097660960182196 58.48562993850389 0
    endloop
  endfacet
  facet normal 0 0 -1
    outer loop
      vertex 7.900000000000006 58.38000000000001 0
      vertex 7.495368804117845 11.273479070258823 0
      vertex 7.495368804117845 58.40652092974119 0
    endloop
  endfacet
  facet normal 0 0 -1
    outer loop
      vertex 8.304631195882166 58.40652092974119 0
      vertex 7.900000000000006 11.300000000000011 0
      vertex 7.900000000000006 58.38000000000001 0
    endloop
  endfacet
  facet normal 0 0 -1
    outer loop
      vertex 9.086318640331783 58.61597344921502 0
      vertex 8.702339039817815 11.194370061496123 0
      vertex 8.702339039817815 58.48562993850389 0
    endloop
  endfacet
  facet normal 0 0 -1
    outer loop
      vertex 8.702339039817815 58.48562993850389 0
      vertex 8.304631195882166 11.273479070258823 0
      vertex 8.304631195882166 58.40652092974119 0
    endloop
  endfacet
  facet normal 0 0 -1
    outer loop
      vertex 9.450000000000003 58.795321248268245 0
      vertex 9.086318640331783 11.064026550785002 0
      vertex 9.086318640331783 58.61597344921502 0
    endloop
  endfacet
  facet normal 0 0 -1
    outer loop
      vertex 10.09203102167831 59.28796897832171 0
      vertex 10.35939535490283 59.59283957007297 0
      vertex 10.09203102167831 10.392031021678307 0
    endloop
  endfacet
  facet normal 0 0 -1
    outer loop
      vertex 9.787160429927042 59.02060464509718 0
      vertex 9.450000000000003 10.88467875173177 0
      vertex 9.450000000000003 58.795321248268245 0
    endloop
  endfacet
  facet normal 0 0 -1
    outer loop
      vertex 10.09203102167831 59.28796897832171 0
      vertex 9.787160429927042 10.659395354902841 0
      vertex 9.787160429927042 59.02060464509718 0
    endloop
  endfacet
  facet normal 0 0 -1
    outer loop
      vertex 10.584678751731772 59.93000000000001 0
      vertex 10.76402655078499 60.29368135966823 0
      vertex 10.584678751731772 9.750000000000007 0
    endloop
  endfacet
  facet normal 0 0 -1
    outer loop
      vertex 10.35939535490283 59.59283957007297 0
      vertex 10.584678751731772 59.93000000000001 0
      vertex 10.35939535490283 10.087160429927046 0
    endloop
  endfacet
  facet normal 0 0 -1
    outer loop
      vertex 10.76402655078499 60.29368135966823 0
      vertex 10.894370061496119 60.677660960182195 0
      vertex 10.76402655078499 9.386318640331787 0
    endloop
  endfacet
  facet normal 0 1 0
    outer loop
      vertex 0 69.68 5.949999999999999
      vertex 119.91 69.68 0
      vertex 0 69.68 0
    endloop
  endfacet
  facet normal 0 0 -1
    outer loop
      vertex 0 69.68 0
      vertex 101.89 65.28 0
      vertex 12.670000000000002 65.28 0
    endloop
  endfacet
  facet normal 0 0 1
    outer loop
      vertex 4.400000002086173 65.68 5.949999999999999
      vertex 0 0 5.949999999999999
      vertex 4.400000002086173 4.799999997317798 5.949999999999999
    endloop
  endfacet
  facet normal -1 0 0
    outer loop
      vertex 0 69.68 5.949999999999999
      vertex 0 0 0
      vertex 0 0 5.949999999999999
    endloop
  endfacet
  facet normal 0 0 1
    outer loop
      vertex 4.400000002086173 4.799999997317798 5.949999999999999
      vertex 0 0 5.949999999999999
      vertex 4.4034220537543405 4.747789517343051 5.949999999999999
    endloop
  endfacet
  facet normal 0 0 1
    outer loop
      vertex 4.4034220537543405 4.747789517343051 5.949999999999999
      vertex 0 0 5.949999999999999
      vertex 4.413629669547092 4.696472376883037 5.949999999999999
    endloop
  endfacet
  facet normal 0 0 1
    outer loop
      vertex 4.413629669547092 4.696472376883037 5.949999999999999
      vertex 0 0 5.949999999999999
      vertex 4.430448185503494 4.646926626861102 5.949999999999999
    endloop
  endfacet
  facet normal 0 0 1
    outer loop
      vertex 4.430448185503494 4.646926626861102 5.949999999999999
      vertex 0 0 5.949999999999999
      vertex 4.453589837849151 4.599999994337566 5.949999999999999
    endloop
  endfacet
  facet normal 0 0 1
    outer loop
      vertex 4.453589837849151 4.599999994337566 5.949999999999999
      vertex 0 0 5.949999999999999
      vertex 4.48265866547824 4.556495428383357 5.949999999999999
    endloop
  endfacet
  facet normal 0 0 1
    outer loop
      vertex 4.48265866547824 4.556495428383357 5.949999999999999
      vertex 0 0 5.949999999999999
      vertex 4.517157289981853 4.517157286703593 5.949999999999999
    endloop
  endfacet
  facet normal 0 0 1
    outer loop
      vertex 4.517157289981853 4.517157286703593 5.949999999999999
      vertex 0 0 5.949999999999999
      vertex 4.556495431661617 4.482658662199981 5.949999999999999
    endloop
  endfacet
  facet normal 0 0 1
    outer loop
      vertex 4.556495431661617 4.482658662199981 5.949999999999999
      vertex 0 0 5.949999999999999
      vertex 4.599999997615825 4.4535898345708915 5.949999999999999
    endloop
  endfacet
  facet normal 0 0 1
    outer loop
      vertex 4.599999997615825 4.4535898345708915 5.949999999999999
      vertex 0 0 5.949999999999999
      vertex 4.646926630139362 4.430448182225234 5.949999999999999
    endloop
  endfacet
  facet normal 0 0 1
    outer loop
      vertex 4.646926630139362 4.430448182225234 5.949999999999999
      vertex 0 0 5.949999999999999
      vertex 4.696472380161296 4.413629666268832 5.949999999999999
    endloop
  endfacet
  facet normal 0 0 1
    outer loop
      vertex 4.696472380161296 4.413629666268832 5.949999999999999
      vertex 0 0 5.949999999999999
      vertex 4.7477895206213105 4.403422050476081 5.949999999999999
    endloop
  endfacet
  facet normal 0 0 1
    outer loop
      vertex 4.7477895206213105 4.403422050476081 5.949999999999999
      vertex 0 0 5.949999999999999
      vertex 4.800000000596057 4.399999998807914 5.949999999999999
    endloop
  endfacet
  facet normal 0 0 1
    outer loop
      vertex 4.800000000596057 4.399999998807914 5.949999999999999
      vertex 0 0 5.949999999999999
      vertex 119.91 0 5.949999999999999
    endloop
  endfacet
  facet normal 0 -1 0
    outer loop
      vertex 0 0 5.949999999999999
      vertex 0 0 0
      vertex 119.91 0 5.949999999999999
    endloop
  endfacet
  facet normal 0 0 -1
    outer loop
      vertex 5.4406046450971814 59.59283957007297 0
      vertex 5.4406046450971814 10.087160429927046 0
      vertex 5.215321248268239 9.750000000000007 0
    endloop
  endfacet
  facet normal 0 0 -1
    outer loop
      vertex 5.707968978321702 59.28796897832171 0
      vertex 5.707968978321702 10.392031021678307 0
      vertex 5.4406046450971814 10.087160429927046 0
    endloop
  endfacet
  facet normal 0 0 -1
    outer loop
      vertex 6.01283957007297 59.02060464509718 0
      vertex 6.01283957007297 10.659395354902841 0
      vertex 5.707968978321702 10.392031021678307 0
    endloop
  endfacet
  facet normal 0 0 -1
    outer loop
      vertex 6.3500000000000085 58.795321248268245 0
      vertex 6.3500000000000085 10.88467875173177 0
      vertex 6.01283957007297 10.659395354902841 0
    endloop
  endfacet
  facet normal 0 0 -1
    outer loop
      vertex 6.713681359668229 58.61597344921502 0
      vertex 6.713681359668229 11.064026550785002 0
      vertex 6.3500000000000085 10.88467875173177 0
    endloop
  endfacet
  facet normal 0 0 -1
    outer loop
      vertex 7.097660960182196 58.48562993850389 0
      vertex 7.097660960182196 11.194370061496123 0
      vertex 6.713681359668229 11.064026550785002 0
    endloop
  endfacet
  facet normal 0 0 -1
    outer loop
      vertex 7.495368804117845 58.40652092974119 0
      vertex 7.495368804117845 11.273479070258823 0
      vertex 7.097660960182196 11.194370061496123 0
    endloop
  endfacet
  facet normal 0 0 -1
    outer loop
      vertex 7.900000000000006 58.38000000000001 0
      vertex 7.900000000000006 11.300000000000011 0
      vertex 7.495368804117845 11.273479070258823 0
    endloop
  endfacet
  facet normal 0 0 -1
    outer loop
      vertex 8.304631195882166 58.40652092974119 0
      vertex 8.304631195882166 11.273479070258823 0
      vertex 7.900000000000006 11.300000000000011 0
    endloop
  endfacet
  facet normal 0 0 -1
    outer loop
      vertex 8.702339039817815 58.48562993850389 0
      vertex 8.702339039817815 11.194370061496123 0
      vertex 8.304631195882166 11.273479070258823 0
    endloop
  endfacet
  facet normal 0 0 -1
    outer loop
      vertex 9.086318640331783 58.61597344921502 0
      vertex 9.086318640331783 11.064026550785002 0
      vertex 8.702339039817815 11.194370061496123 0
    endloop
  endfacet
  facet normal 0 0 -1
    outer loop
      vertex 9.450000000000003 58.795321248268245 0
      vertex 9.450000000000003 10.88467875173177 0
      vertex 9.086318640331783 11.064026550785002 0
    endloop
  endfacet
  facet normal 0 0 -1
    outer loop
      vertex 9.787160429927042 59.02060464509718 0
      vertex 9.787160429927042 10.659395354902841 0
      vertex 9.450000000000003 10.88467875173177 0
    endloop
  endfacet
  facet normal 0 0 -1
    outer loop
      vertex 10.09203102167831 59.28796897832171 0
      vertex 10.09203102167831 10.392031021678307 0
      vertex 9.787160429927042 10.659395354902841 0
    endloop
  endfacet
  facet normal 0 0 -1
    outer loop
      vertex 10.35939535490283 59.59283957007297 0
      vertex 10.35939535490283 10.087160429927046 0
      vertex 10.09203102167831 10.392031021678307 0
    endloop
  endfacet
  facet normal 0 0 -1
    outer loop
      vertex 10.584678751731772 59.93000000000001 0
      vertex 10.584678751731772 9.750000000000007 0
      vertex 10.35939535490283 10.087160429927046 0
    endloop
  endfacet
  facet normal 0 0 -1
    outer loop
      vertex 10.76402655078499 60.29368135966823 0
      vertex 10.76402655078499 9.386318640331787 0
      vertex 10.584678751731772 9.750000000000007 0
    endloop
  endfacet
  facet normal 0 0 -1
    outer loop
      vertex 10.894370061496119 60.677660960182195 0
      vertex 10.894370061496119 9.002339039817826 0
      vertex 10.76402655078499 9.386318640331787 0
    endloop
  endfacet
  facet normal 0 0 -1
    outer loop
      vertex 10.973479070258819 61.07536880411784 0
      vertex 10.973479070258819 8.60463119588217 0
      vertex 10.894370061496119 9.002339039817826 0
    endloop
  endfacet
  facet normal 0 0 -1
    outer loop
      vertex 0 0 0
      vertex 5.4406046450971814 59.59283957007297 0
      vertex 5.215321248268239 9.750000000000007 0
    endloop
  endfacet
  facet normal 0 0 -1
    outer loop
      vertex 11 61.480000000000004 0
      vertex 11 8.20000000000001 0
      vertex 10.973479070258819 8.60463119588217 0
    endloop
  endfacet
  facet normal 0 0 -1
    outer loop
      vertex 12.670000000000002 4.400000000000006 0
      vertex 11 8.20000000000001 0
      vertex 11 61.480000000000004 0
    endloop
  endfacet
  facet normal 0 0 -1
    outer loop
      vertex 0 0 0
      vertex 5.215321248268239 9.750000000000007 0
      vertex 5.035973449215021 9.386318640331787 0
    endloop
  endfacet
  facet normal 0 0 -1
    outer loop
      vertex 0 0 0
      vertex 5.035973449215021 9.386318640331787 0
      vertex 4.905629938503893 9.002339039817826 0
    endloop
  endfacet
  facet normal 0 0 -1
    outer loop
      vertex 0 0 0
      vertex 4.905629938503893 9.002339039817826 0
      vertex 4.826520929741193 8.60463119588217 0
    endloop
  endfacet
  facet normal 0 0 -1
    outer loop
      vertex 0 0 0
      vertex 4.826520929741193 8.60463119588217 0
      vertex 4.800000000000011 8.20000000000001 0
    endloop
  endfacet
  facet normal 0 0 -1
    outer loop
      vertex 0 0 0
      vertex 4.800000000000011 8.20000000000001 0
      vertex 4.826520929741193 7.7953688041178495 0
    endloop
  endfacet
  facet normal 0 0 -1
    outer loop
      vertex 0 0 0
      vertex 4.826520929741193 7.7953688041178495 0
      vertex 4.905629938503893 7.397660960182193 0
    endloop
  endfacet
  facet normal 0 0 -1
    outer loop
      vertex 0 0 0
      vertex 4.905629938503893 7.397660960182193 0
      vertex 5.035973449215021 7.013681359668233 0
    endloop
  endfacet
  facet normal 0 0 -1
    outer loop
      vertex 0 0 0
      vertex 5.035973449215021 7.013681359668233 0
      vertex 5.215321248268239 6.650000000000013 0
    endloop
  endfacet
  facet normal 0 0 -1
    outer loop
      vertex 0 0 0
      vertex 5.215321248268239 6.650000000000013 0
      vertex 5.4406046450971814 6.312839570072974 0
    endloop
  endfacet
  facet normal 0 0 -1
    outer loop
      vertex 0 0 0
      vertex 5.4406046450971814 6.312839570072974 0
      vertex 5.707968978321702 6.007968978321713 0
    endloop
  endfacet
  facet normal 0 0 -1
    outer loop
      vertex 0 0 0
      vertex 5.707968978321702 6.007968978321713 0
      vertex 6.01283957007297 5.740604645097179 0
    endloop
  endfacet
  facet normal 0 0 -1
    outer loop
      vertex 0 0 0
      vertex 6.01283957007297 5.740604645097179 0
      vertex 6.3500000000000085 5.5153212482682505 0
    endloop
  endfacet
  facet normal 0 0 -1
    outer loop
      vertex 0 0 0
      vertex 6.3500000000000085 5.5153212482682505 0
      vertex 6.713681359668229 5.335973449215018 0
    endloop
  endfacet
  facet normal 0 0 -1
    outer loop
      vertex 0 0 0
      vertex 6.713681359668229 5.335973449215018 0
      vertex 7.097660960182196 5.20562993850389 0
    endloop
  endfacet
  facet normal 0 0 -1
    outer loop
      vertex 0 0 0
      vertex 7.097660960182196 5.20562993850389 0
      vertex 7.495368804117845 5.12652092974119 0
    endloop
  endfacet
  facet normal 0 0 -1
    outer loop
      vertex 0 0 0
      vertex 7.495368804117845 5.12652092974119 0
      vertex 7.900000000000006 5.1000000000000085 0
    endloop
  endfacet
  facet normal 0 0 -1
    outer loop
      vertex 0 0 0
      vertex 7.900000000000006 5.1000000000000085 0
      vertex 8.304631195882166 5.12652092974119 0
    endloop
  endfacet
  facet normal 0 0 -1
    outer loop
      vertex 0 0 0
      vertex 8.304631195882166 5.12652092974119 0
      vertex 8.702339039817815 5.20562993850389 0
    endloop
  endfacet
  facet normal 0 0 -1
    outer loop
      vertex 0 0 0
      vertex 8.702339039817815 5.20562993850389 0
      vertex 9.086318640331783 5.335973449215018 0
    endloop
  endfacet
  facet normal 0 0 -1
    outer loop
      vertex 0 0 0
      vertex 9.086318640331783 5.335973449215018 0
      vertex 9.450000000000003 5.5153212482682505 0
    endloop
  endfacet
  facet normal 0 0 -1
    outer loop
      vertex 0 0 0
      vertex 9.450000000000003 5.5153212482682505 0
      vertex 12.670000000000002 4.400000000000006 0
    endloop
  endfacet
  facet normal 0 0 -1
    outer loop
      vertex 12.670000000000002 4.400000000000006 0
      vertex 10.35939535490283 6.312839570072974 0
      vertex 10.584678751731772 6.650000000000013 0
    endloop
  endfacet
  facet normal 0 0 -1
    outer loop
      vertex 12.670000000000002 4.400000000000006 0
      vertex 10.09203102167831 6.007968978321713 0
      vertex 10.35939535490283 6.312839570072974 0
    endloop
  endfacet
  facet normal 0 0 -1
    outer loop
      vertex 12.670000000000002 4.400000000000006 0
      vertex 9.450000000000003 5.5153212482682505 0
      vertex 9.787160429927042 5.740604645097179 0
    endloop
  endfacet
  facet normal 0 0 -1
    outer loop
      vertex 12.670000000000002 4.400000000000006 0
      vertex 9.787160429927042 5.740604645097179 0
      vertex 10.09203102167831 6.007968978321713 0
    endloop
  endfacet
  facet normal 0 0 -1
    outer loop
      vertex 12.670000000000002 4.400000000000006 0
      vertex 10.973479070258819 7.7953688041178495 0
      vertex 11 8.20000000000001 0
    endloop
  endfacet
  facet normal 0 0 -1
    outer loop
      vertex 12.670000000000002 4.400000000000006 0
      vertex 10.76402655078499 7.013681359668233 0
      vertex 10.894370061496119 7.397660960182193 0
    endloop
  endfacet
  facet normal 0 0 -1
    outer loop
      vertex 12.670000000000002 4.400000000000006 0
      vertex 10.894370061496119 7.397660960182193 0
      vertex 10.973479070258819 7.7953688041178495 0
    endloop
  endfacet
  facet normal 0 0 -1
    outer loop
      vertex 12.670000000000002 4.400000000000006 0
      vertex 10.584678751731772 6.650000000000013 0
      vertex 10.76402655078499 7.013681359668233 0
    endloop
  endfacet
  facet normal 0 0 -1
    outer loop
      vertex 0 0 0
      vertex 12.670000000000002 4.400000000000006 0
      vertex 119.91 0 0
    endloop
  endfacet
  facet normal 0 0 1
    outer loop
      vertex 0 69.68 5.949999999999999
      vertex 115.91000000000001 66.07999999850989 5.949999999999999
      vertex 119.91 69.68 5.949999999999999
    endloop
  endfacet
  facet normal 0 1 0
    outer loop
      vertex 0 69.68 5.949999999999999
      vertex 119.91 69.68 5.949999999999999
      vertex 119.91 69.68 0
    endloop
  endfacet
  facet normal 0 0 1
    outer loop
      vertex 115.91000000000001 66.07999999850989 5.949999999999999
      vertex 115.96221047997476 66.07657794684172 5.949999999999999
      vertex 119.91 69.68 5.949999999999999
    endloop
  endfacet
  facet normal 0 0 1
    outer loop
      vertex 115.96221047997476 66.07657794684172 5.949999999999999
      vertex 116.01352762043477 66.06637033104897 5.949999999999999
      vertex 119.91 69.68 5.949999999999999
    endloop
  endfacet
  facet normal 0 0 1
    outer loop
      vertex 116.01352762043477 66.06637033104897 5.949999999999999
      vertex 116.0630733704567 66.04955181509257 5.949999999999999
      vertex 119.91 69.68 5.949999999999999
    endloop
  endfacet
  facet normal 0 0 1
    outer loop
      vertex 116.0630733704567 66.04955181509257 5.949999999999999
      vertex 116.11000000298024 66.02641016274691 5.949999999999999
      vertex 119.91 69.68 5.949999999999999
    endloop
  endfacet
  facet normal 0 0 1
    outer loop
      vertex 116.11000000298024 66.02641016274691 5.949999999999999
      vertex 116.15350456893445 65.99734133511782 5.949999999999999
      vertex 119.91 69.68 5.949999999999999
    endloop
  endfacet
  facet normal 0 0 1
    outer loop
      vertex 116.15350456893445 65.99734133511782 5.949999999999999
      vertex 116.19284271061422 65.96284271061421 5.949999999999999
      vertex 119.91 69.68 5.949999999999999
    endloop
  endfacet
  facet normal 0 0 1
    outer loop
      vertex 119.91 69.68 5.949999999999999
      vertex 116.19284271061422 65.96284271061421 5.949999999999999
      vertex 116.22734133511783 65.92350456893445 5.949999999999999
    endloop
  endfacet
  facet normal 0 0 1
    outer loop
      vertex 119.91 69.68 5.949999999999999
      vertex 116.22734133511783 65.92350456893445 5.949999999999999
      vertex 116.25641016274692 65.88000000298024 5.949999999999999
    endloop
  endfacet
  facet normal 0 0 1
    outer loop
      vertex 119.91 69.68 5.949999999999999
      vertex 116.25641016274692 65.88000000298024 5.949999999999999
      vertex 116.27955181509257 65.8330733704567 5.949999999999999
    endloop
  endfacet
  facet normal 0 0 1
    outer loop
      vertex 119.91 69.68 5.949999999999999
      vertex 116.27955181509257 65.8330733704567 5.949999999999999
      vertex 116.29637033104898 65.78352762043477 5.949999999999999
    endloop
  endfacet
  facet normal 0 0 1
    outer loop
      vertex 119.91 69.68 5.949999999999999
      vertex 116.29637033104898 65.78352762043477 5.949999999999999
      vertex 116.30657794684173 65.73221047997475 5.949999999999999
    endloop
  endfacet
  facet normal 0 0 1
    outer loop
      vertex 119.91 69.68 5.949999999999999
      vertex 116.30657794684173 65.73221047997475 5.949999999999999
      vertex 116.3099999985099 65.68 5.949999999999999
    endloop
  endfacet
  facet normal 0 0 1
    outer loop
      vertex 119.91 69.68 5.949999999999999
      vertex 116.3099999985099 65.68 5.949999999999999
      vertex 119.91 0 5.949999999999999
    endloop
  endfacet
  facet normal 1 0 0
    outer loop
      vertex 119.91 69.68 5.949999999999999
      vertex 119.91 0 5.949999999999999
      vertex 119.91 69.68 0
    endloop
  endfacet
  facet normal 0 0 -1
    outer loop
      vertex 0 69.68 0
      vertex 119.91 69.68 0
      vertex 101.89 65.28 0
    endloop
  endfacet
  facet normal 0 0 -1
    outer loop
      vertex 119.91 69.68 0
      vertex 110.46000000000001 64.16467875173177 0
      vertex 101.89 65.28 0
    endloop
  endfacet
  facet normal 0 0 -1
    outer loop
      vertex 101.89 65.28 0
      vertex 109.32532124826824 63.03000000000001 0
      vertex 109.14597344921502 62.66631864033178 0
    endloop
  endfacet
  facet normal 0 0 -1
    outer loop
      vertex 101.89 65.28 0
      vertex 109.14597344921502 62.66631864033178 0
      vertex 109.01562993850389 62.28233903981782 0
    endloop
  endfacet
  facet normal 0 0 -1
    outer loop
      vertex 101.89 65.28 0
      vertex 109.01562993850389 62.28233903981782 0
      vertex 108.93652092974119 61.884631195882164 0
    endloop
  endfacet
  facet normal 0 0 -1
    outer loop
      vertex 101.89 65.28 0
      vertex 110.46000000000001 64.16467875173177 0
      vertex 110.12283957007297 63.939395354902835 0
    endloop
  endfacet
  facet normal 0 0 -1
    outer loop
      vertex 101.89 65.28 0
      vertex 110.12283957007297 63.939395354902835 0
      vertex 109.8179689783217 63.67203102167831 0
    endloop
  endfacet
  facet normal 0 0 -1
    outer loop
      vertex 101.89 65.28 0
      vertex 109.8179689783217 63.67203102167831 0
      vertex 109.55060464509718 63.36716042992704 0
    endloop
  endfacet
  facet normal 0 0 -1
    outer loop
      vertex 101.89 65.28 0
      vertex 109.55060464509718 63.36716042992704 0
      vertex 109.32532124826824 63.03000000000001 0
    endloop
  endfacet
  facet normal 0 0 -1
    outer loop
      vertex 101.89 65.28 0
      vertex 108.93652092974119 61.884631195882164 0
      vertex 108.91000000000001 61.480000000000004 0
    endloop
  endfacet
  facet normal 0 0 -1
    outer loop
      vertex 101.89 65.28 0
      vertex 108.91000000000001 61.480000000000004 0
      vertex 108.93652092974119 61.07536880411784 0
    endloop
  endfacet
  facet normal 0 0 -1
    outer loop
      vertex 101.89 65.28 0
      vertex 108.93652092974119 61.07536880411784 0
      vertex 109.01562993850389 60.677660960182195 0
    endloop
  endfacet
  facet normal 0 0 -1
    outer loop
      vertex 101.89 65.28 0
      vertex 109.01562993850389 60.677660960182195 0
      vertex 109.14597344921502 60.29368135966823 0
    endloop
  endfacet
  facet normal 0 0 -1
    outer loop
      vertex 101.89 65.28 0
      vertex 109.14597344921502 60.29368135966823 0
      vertex 109.32532124826824 59.93000000000001 0
    endloop
  endfacet
  facet normal 0 0 -1
    outer loop
      vertex 119.91 69.68 0
      vertex 110.82368135966823 64.344026550785 0
      vertex 110.46000000000001 64.16467875173177 0
    endloop
  endfacet
  facet normal 0 0 -1
    outer loop
      vertex 119.91 69.68 0
      vertex 111.2076609601822 64.47437006149612 0
      vertex 110.82368135966823 64.344026550785 0
    endloop
  endfacet
  facet normal 0 0 -1
    outer loop
      vertex 119.91 69.68 0
      vertex 111.60536880411784 64.55347907025882 0
      vertex 111.2076609601822 64.47437006149612 0
    endloop
  endfacet
  facet normal 0 0 -1
    outer loop
      vertex 119.91 69.68 0
      vertex 112.01 64.58000000000001 0
      vertex 111.60536880411784 64.55347907025882 0
    endloop
  endfacet
  facet normal 0 0 -1
    outer loop
      vertex 119.91 69.68 0
      vertex 112.41463119588217 64.55347907025882 0
      vertex 112.01 64.58000000000001 0
    endloop
  endfacet
  facet normal 0 0 -1
    outer loop
      vertex 119.91 69.68 0
      vertex 112.81233903981781 64.47437006149612 0
      vertex 112.41463119588217 64.55347907025882 0
    endloop
  endfacet
  facet normal 0 0 -1
    outer loop
      vertex 119.91 69.68 0
      vertex 113.19631864033178 64.344026550785 0
      vertex 112.81233903981781 64.47437006149612 0
    endloop
  endfacet
  facet normal 0 0 -1
    outer loop
      vertex 119.91 69.68 0
      vertex 113.56 64.16467875173177 0
      vertex 113.19631864033178 64.344026550785 0
    endloop
  endfacet
  facet normal 0 0 -1
    outer loop
      vertex 119.91 69.68 0
      vertex 113.89716042992704 63.939395354902835 0
      vertex 113.56 64.16467875173177 0
    endloop
  endfacet
  facet normal 0 0 -1
    outer loop
      vertex 119.91 69.68 0
      vertex 114.20203102167831 63.67203102167831 0
      vertex 113.89716042992704 63.939395354902835 0
    endloop
  endfacet
  facet normal 0 0 -1
    outer loop
      vertex 119.91 69.68 0
      vertex 114.46939535490283 63.36716042992704 0
      vertex 114.20203102167831 63.67203102167831 0
    endloop
  endfacet
  facet normal 0 0 -1
    outer loop
      vertex 119.91 69.68 0
      vertex 114.69467875173177 63.03000000000001 0
      vertex 114.46939535490283 63.36716042992704 0
    endloop
  endfacet
  facet normal 0 0 -1
    outer loop
      vertex 119.91 69.68 0
      vertex 114.87402655078499 62.66631864033178 0
      vertex 114.69467875173177 63.03000000000001 0
    endloop
  endfacet
  facet normal 0 0 -1
    outer loop
      vertex 119.91 69.68 0
      vertex 115.00437006149612 62.28233903981782 0
      vertex 114.87402655078499 62.66631864033178 0
    endloop
  endfacet
  facet normal 0 0 -1
    outer loop
      vertex 119.91 69.68 0
      vertex 115.08347907025882 61.884631195882164 0
      vertex 115.00437006149612 62.28233903981782 0
    endloop
  endfacet
  facet normal 0 0 -1
    outer loop
      vertex 119.91 69.68 0
      vertex 115.11 61.480000000000004 0
      vertex 115.08347907025882 61.884631195882164 0
    endloop
  endfacet
  facet normal 0 0 -1
    outer loop
      vertex 101.89 65.28 0
      vertex 109.32532124826824 59.93000000000001 0
      vertex 109.32532124826824 9.750000000000007 0
    endloop
  endfacet
  facet normal 0 0 -1
    outer loop
      vertex 115.08347907025882 61.07536880411784 0
      vertex 115.11 61.480000000000004 0
      vertex 115.08347907025882 8.60463119588217 0
    endloop
  endfacet
  facet normal 0 0 -1
    outer loop
      vertex 115.00437006149612 60.677660960182195 0
      vertex 115.08347907025882 61.07536880411784 0
      vertex 115.00437006149612 9.002339039817826 0
    endloop
  endfacet
  facet normal 0 0 -1
    outer loop
      vertex 119.91 69.68 0
      vertex 115.11 8.20000000000001 0
      vertex 115.11 61.480000000000004 0
    endloop
  endfacet
  facet normal 0 0 -1
    outer loop
      vertex 109.32532124826824 59.93000000000001 0
      vertex 109.55060464509718 59.59283957007297 0
      vertex 109.32532124826824 9.750000000000007 0
    endloop
  endfacet
  facet normal 0 0 -1
    outer loop
      vertex 109.55060464509718 59.59283957007297 0
      vertex 109.8179689783217 59.28796897832171 0
      vertex 109.55060464509718 10.087160429927046 0
    endloop
  endfacet
  facet normal 0 0 -1
    outer loop
      vertex 110.12283957007297 59.02060464509718 0
      vertex 109.8179689783217 10.392031021678307 0
      vertex 109.8179689783217 59.28796897832171 0
    endloop
  endfacet
  facet normal 0 0 -1
    outer loop
      vertex 110.46000000000001 58.795321248268245 0
      vertex 110.12283957007297 10.659395354902841 0
      vertex 110.12283957007297 59.02060464509718 0
    endloop
  endfacet
  facet normal 0 0 -1
    outer loop
      vertex 110.82368135966823 58.61597344921502 0
      vertex 110.46000000000001 10.88467875173177 0
      vertex 110.46000000000001 58.795321248268245 0
    endloop
  endfacet
  facet normal 0 0 -1
    outer loop
      vertex 111.2076609601822 58.48562993850389 0
      vertex 110.82368135966823 11.064026550785002 0
      vertex 110.82368135966823 58.61597344921502 0
    endloop
  endfacet
  facet normal 0 0 -1
    outer loop
      vertex 111.60536880411784 58.40652092974119 0
      vertex 111.2076609601822 11.194370061496123 0
      vertex 111.2076609601822 58.48562993850389 0
    endloop
  endfacet
  facet normal 0 0 -1
    outer loop
      vertex 112.01 58.38000000000001 0
      vertex 111.60536880411784 11.273479070258823 0
      vertex 111.60536880411784 58.40652092974119 0
    endloop
  endfacet
  facet normal 0 0 -1
    outer loop
      vertex 112.41463119588217 58.40652092974119 0
      vertex 112.01 11.300000000000011 0
      vertex 112.01 58.38000000000001 0
    endloop
  endfacet
  facet normal 0 0 -1
    outer loop
      vertex 112.81233903981781 58.48562993850389 0
      vertex 112.41463119588217 11.273479070258823 0
      vertex 112.41463119588217 58.40652092974119 0
    endloop
  endfacet
  facet normal 0 0 -1
    outer loop
      vertex 113.19631864033178 58.61597344921502 0
      vertex 112.81233903981781 11.194370061496123 0
      vertex 112.81233903981781 58.48562993850389 0
    endloop
  endfacet
  facet normal 0 0 -1
    outer loop
      vertex 113.56 58.795321248268245 0
      vertex 113.19631864033178 11.064026550785002 0
      vertex 113.19631864033178 58.61597344921502 0
    endloop
  endfacet
  facet normal 0 0 -1
    outer loop
      vertex 113.89716042992704 59.02060464509718 0
      vertex 113.56 10.88467875173177 0
      vertex 113.56 58.795321248268245 0
    endloop
  endfacet
  facet normal 0 0 -1
    outer loop
      vertex 114.20203102167831 59.28796897832171 0
      vertex 113.89716042992704 10.659395354902841 0
      vertex 113.89716042992704 59.02060464509718 0
    endloop
  endfacet
  facet normal 0 0 -1
    outer loop
      vertex 114.69467875173177 59.93000000000001 0
      vertex 114.87402655078499 60.29368135966823 0
      vertex 114.69467875173177 9.750000000000007 0
    endloop
  endfacet
  facet normal 0 0 -1
    outer loop
      vertex 114.20203102167831 59.28796897832171 0
      vertex 114.46939535490283 59.59283957007297 0
      vertex 114.20203102167831 10.392031021678307 0
    endloop
  endfacet
  facet normal 0 0 -1
    outer loop
      vertex 114.46939535490283 59.59283957007297 0
      vertex 114.69467875173177 59.93000000000001 0
      vertex 114.46939535490283 10.087160429927046 0
    endloop
  endfacet
  facet normal 0 0 -1
    outer loop
      vertex 114.87402655078499 60.29368135966823 0
      vertex 115.00437006149612 60.677660960182195 0
      vertex 114.87402655078499 9.386318640331787 0
    endloop
  endfacet
  facet normal 0 0 1
    outer loop
      vertex 4.800000000596057 4.399999998807914 5.949999999999999
      vertex 119.91 0 5.949999999999999
      vertex 115.91000000000001 4.399999998807914 5.949999999999999
    endloop
  endfacet
  facet normal 0 0 1
    outer loop
      vertex 116.3099999985099 65.68 5.949999999999999
      vertex 116.3099999985099 4.799999997317798 5.949999999999999
      vertex 119.91 0 5.949999999999999
    endloop
  endfacet
  facet normal 0 0 1
    outer loop
      vertex 116.30657794684173 4.747789517343051 5.949999999999999
      vertex 116.29637033104898 4.696472376883037 5.949999999999999
      vertex 119.91 0 5.949999999999999
    endloop
  endfacet
  facet normal 0 0 1
    outer loop
      vertex 116.3099999985099 4.799999997317798 5.949999999999999
      vertex 116.30657794684173 4.747789517343051 5.949999999999999
      vertex 119.91 0 5.949999999999999
    endloop
  endfacet
  facet normal 0 0 1
    outer loop
      vertex 116.15350456893445 4.482658662199981 5.949999999999999
      vertex 119.91 0 5.949999999999999
      vertex 116.19284271061422 4.517157286703593 5.949999999999999
    endloop
  endfacet
  facet normal 0 0 1
    outer loop
      vertex 116.22734133511783 4.556495428383357 5.949999999999999
      vertex 116.19284271061422 4.517157286703593 5.949999999999999
      vertex 119.91 0 5.949999999999999
    endloop
  endfacet
  facet normal 0 0 1
    outer loop
      vertex 116.27955181509257 4.646926626861102 5.949999999999999
      vertex 116.25641016274692 4.599999994337566 5.949999999999999
      vertex 119.91 0 5.949999999999999
    endloop
  endfacet
  facet normal 0 0 1
    outer loop
      vertex 116.27955181509257 4.646926626861102 5.949999999999999
      vertex 119.91 0 5.949999999999999
      vertex 116.29637033104898 4.696472376883037 5.949999999999999
    endloop
  endfacet
  facet normal 0 0 1
    outer loop
      vertex 116.25641016274692 4.599999994337566 5.949999999999999
      vertex 116.22734133511783 4.556495428383357 5.949999999999999
      vertex 119.91 0 5.949999999999999
    endloop
  endfacet
  facet normal 0 0 1
    outer loop
      vertex 115.91000000000001 4.399999998807914 5.949999999999999
      vertex 119.91 0 5.949999999999999
      vertex 115.96221047997476 4.403422050476081 5.949999999999999
    endloop
  endfacet
  facet normal 0 0 1
    outer loop
      vertex 115.96221047997476 4.403422050476081 5.949999999999999
      vertex 119.91 0 5.949999999999999
      vertex 116.01352762043477 4.413629666268832 5.949999999999999
    endloop
  endfacet
  facet normal 0 0 1
    outer loop
      vertex 116.01352762043477 4.413629666268832 5.949999999999999
      vertex 119.91 0 5.949999999999999
      vertex 116.0630733704567 4.430448182225234 5.949999999999999
    endloop
  endfacet
  facet normal 0 0 1
    outer loop
      vertex 116.0630733704567 4.430448182225234 5.949999999999999
      vertex 119.91 0 5.949999999999999
      vertex 116.11000000298024 4.4535898345708915 5.949999999999999
    endloop
  endfacet
  facet normal 0 0 1
    outer loop
      vertex 116.15350456893445 4.482658662199981 5.949999999999999
      vertex 116.11000000298024 4.4535898345708915 5.949999999999999
      vertex 119.91 0 5.949999999999999
    endloop
  endfacet
  facet normal 0 -1 0
    outer loop
      vertex 0 0 0
      vertex 119.91 0 0
      vertex 119.91 0 5.949999999999999
    endloop
  endfacet
  facet normal 0 0 -1
    outer loop
      vertex 119.91 0 0
      vertex 12.670000000000002 4.400000000000006 0
      vertex 101.89 4.400000000000006 0
    endloop
  endfacet
  facet normal 1 0 0
    outer loop
      vertex 119.91 69.68 0
      vertex 119.91 0 5.949999999999999
      vertex 119.91 0 0
    endloop
  endfacet
  facet normal 0 0 -1
    outer loop
      vertex 101.89 65.28 0
      vertex 108.93652092974119 7.7953688041178495 0
      vertex 101.89 4.400000000000006 0
    endloop
  endfacet
  facet normal 0 0 -1
    outer loop
      vertex 101.89 65.28 0
      vertex 109.32532124826824 9.750000000000007 0
      vertex 109.14597344921502 9.386318640331787 0
    endloop
  endfacet
  facet normal 0 0 -1
    outer loop
      vertex 101.89 65.28 0
      vertex 109.14597344921502 9.386318640331787 0
      vertex 109.01562993850389 9.002339039817826 0
    endloop
  endfacet
  facet normal 0 0 -1
    outer loop
      vertex 101.89 65.28 0
      vertex 109.01562993850389 9.002339039817826 0
      vertex 108.93652092974119 8.60463119588217 0
    endloop
  endfacet
  facet normal 0 0 -1
    outer loop
      vertex 101.89 65.28 0
      vertex 108.93652092974119 8.60463119588217 0
      vertex 108.91000000000001 8.20000000000001 0
    endloop
  endfacet
  facet normal 0 0 -1
    outer loop
      vertex 101.89 65.28 0
      vertex 108.91000000000001 8.20000000000001 0
      vertex 108.93652092974119 7.7953688041178495 0
    endloop
  endfacet
  facet normal 0 0 -1
    outer loop
      vertex 109.55060464509718 59.59283957007297 0
      vertex 109.55060464509718 10.087160429927046 0
      vertex 109.32532124826824 9.750000000000007 0
    endloop
  endfacet
  facet normal 0 0 -1
    outer loop
      vertex 110.12283957007297 59.02060464509718 0
      vertex 110.12283957007297 10.659395354902841 0
      vertex 109.8179689783217 10.392031021678307 0
    endloop
  endfacet
  facet normal 0 0 -1
    outer loop
      vertex 110.46000000000001 58.795321248268245 0
      vertex 110.46000000000001 10.88467875173177 0
      vertex 110.12283957007297 10.659395354902841 0
    endloop
  endfacet
  facet normal 0 0 -1
    outer loop
      vertex 109.8179689783217 59.28796897832171 0
      vertex 109.8179689783217 10.392031021678307 0
      vertex 109.55060464509718 10.087160429927046 0
    endloop
  endfacet
  facet normal 0 0 -1
    outer loop
      vertex 110.82368135966823 58.61597344921502 0
      vertex 110.82368135966823 11.064026550785002 0
      vertex 110.46000000000001 10.88467875173177 0
    endloop
  endfacet
  facet normal 0 0 -1
    outer loop
      vertex 111.60536880411784 58.40652092974119 0
      vertex 111.60536880411784 11.273479070258823 0
      vertex 111.2076609601822 11.194370061496123 0
    endloop
  endfacet
  facet normal 0 0 -1
    outer loop
      vertex 111.2076609601822 58.48562993850389 0
      vertex 111.2076609601822 11.194370061496123 0
      vertex 110.82368135966823 11.064026550785002 0
    endloop
  endfacet
  facet normal 0 0 -1
    outer loop
      vertex 112.01 58.38000000000001 0
      vertex 112.01 11.300000000000011 0
      vertex 111.60536880411784 11.273479070258823 0
    endloop
  endfacet
  facet normal 0 0 -1
    outer loop
      vertex 112.41463119588217 58.40652092974119 0
      vertex 112.41463119588217 11.273479070258823 0
      vertex 112.01 11.300000000000011 0
    endloop
  endfacet
  facet normal 0 0 -1
    outer loop
      vertex 112.81233903981781 58.48562993850389 0
      vertex 112.81233903981781 11.194370061496123 0
      vertex 112.41463119588217 11.273479070258823 0
    endloop
  endfacet
  facet normal 0 0 -1
    outer loop
      vertex 113.19631864033178 58.61597344921502 0
      vertex 113.19631864033178 11.064026550785002 0
      vertex 112.81233903981781 11.194370061496123 0
    endloop
  endfacet
  facet normal 0 0 -1
    outer loop
      vertex 113.56 58.795321248268245 0
      vertex 113.56 10.88467875173177 0
      vertex 113.19631864033178 11.064026550785002 0
    endloop
  endfacet
  facet normal 0 0 -1
    outer loop
      vertex 113.89716042992704 59.02060464509718 0
      vertex 113.89716042992704 10.659395354902841 0
      vertex 113.56 10.88467875173177 0
    endloop
  endfacet
  facet normal 0 0 -1
    outer loop
      vertex 114.20203102167831 59.28796897832171 0
      vertex 114.20203102167831 10.392031021678307 0
      vertex 113.89716042992704 10.659395354902841 0
    endloop
  endfacet
  facet normal 0 0 -1
    outer loop
      vertex 114.46939535490283 59.59283957007297 0
      vertex 114.46939535490283 10.087160429927046 0
      vertex 114.20203102167831 10.392031021678307 0
    endloop
  endfacet
  facet normal 0 0 -1
    outer loop
      vertex 114.69467875173177 59.93000000000001 0
      vertex 114.69467875173177 9.750000000000007 0
      vertex 114.46939535490283 10.087160429927046 0
    endloop
  endfacet
  facet normal 0 0 -1
    outer loop
      vertex 114.87402655078499 60.29368135966823 0
      vertex 114.87402655078499 9.386318640331787 0
      vertex 114.69467875173177 9.750000000000007 0
    endloop
  endfacet
  facet normal 0 0 -1
    outer loop
      vertex 115.00437006149612 60.677660960182195 0
      vertex 115.00437006149612 9.002339039817826 0
      vertex 114.87402655078499 9.386318640331787 0
    endloop
  endfacet
  facet normal 0 0 -1
    outer loop
      vertex 115.08347907025882 61.07536880411784 0
      vertex 115.08347907025882 8.60463119588217 0
      vertex 115.00437006149612 9.002339039817826 0
    endloop
  endfacet
  facet normal 0 0 -1
    outer loop
      vertex 115.11 61.480000000000004 0
      vertex 115.11 8.20000000000001 0
      vertex 115.08347907025882 8.60463119588217 0
    endloop
  endfacet
  facet normal 0 0 -1
    outer loop
      vertex 119.91 69.68 0
      vertex 119.91 0 0
      vertex 115.11 8.20000000000001 0
    endloop
  endfacet
  facet normal 0 0 -1
    outer loop
      vertex 101.89 4.400000000000006 0
      vertex 108.93652092974119 7.7953688041178495 0
      vertex 109.01562993850389 7.397660960182193 0
    endloop
  endfacet
  facet normal 0 0 -1
    outer loop
      vertex 101.89 4.400000000000006 0
      vertex 109.01562993850389 7.397660960182193 0
      vertex 109.14597344921502 7.013681359668233 0
    endloop
  endfacet
  facet normal 0 0 -1
    outer loop
      vertex 101.89 4.400000000000006 0
      vertex 109.14597344921502 7.013681359668233 0
      vertex 109.32532124826824 6.650000000000013 0
    endloop
  endfacet
  facet normal 0 0 -1
    outer loop
      vertex 101.89 4.400000000000006 0
      vertex 109.32532124826824 6.650000000000013 0
      vertex 109.55060464509718 6.312839570072974 0
    endloop
  endfacet
  facet normal 0 0 -1
    outer loop
      vertex 101.89 4.400000000000006 0
      vertex 109.55060464509718 6.312839570072974 0
      vertex 109.8179689783217 6.007968978321713 0
    endloop
  endfacet
  facet normal 0 0 -1
    outer loop
      vertex 101.89 4.400000000000006 0
      vertex 109.8179689783217 6.007968978321713 0
      vertex 110.12283957007297 5.740604645097179 0
    endloop
  endfacet
  facet normal 0 0 -1
    outer loop
      vertex 101.89 4.400000000000006 0
      vertex 110.12283957007297 5.740604645097179 0
      vertex 110.46000000000001 5.5153212482682505 0
    endloop
  endfacet
  facet normal 0 0 -1
    outer loop
      vertex 101.89 4.400000000000006 0
      vertex 110.46000000000001 5.5153212482682505 0
      vertex 110.82368135966823 5.335973449215018 0
    endloop
  endfacet
  facet normal 0 0 -1
    outer loop
      vertex 101.89 4.400000000000006 0
      vertex 110.82368135966823 5.335973449215018 0
      vertex 111.2076609601822 5.20562993850389 0
    endloop
  endfacet
  facet normal 0 0 -1
    outer loop
      vertex 101.89 4.400000000000006 0
      vertex 111.2076609601822 5.20562993850389 0
      vertex 111.60536880411784 5.12652092974119 0
    endloop
  endfacet
  facet normal 0 0 -1
    outer loop
      vertex 119.91 0 0
      vertex 101.89 4.400000000000006 0
      vertex 111.60536880411784 5.12652092974119 0
    endloop
  endfacet
  facet normal 0 0 -1
    outer loop
      vertex 119.91 0 0
      vertex 115.08347907025882 7.7953688041178495 0
      vertex 115.11 8.20000000000001 0
    endloop
  endfacet
  facet normal 0 0 -1
    outer loop
      vertex 119.91 0 0
      vertex 115.00437006149612 7.397660960182193 0
      vertex 115.08347907025882 7.7953688041178495 0
    endloop
  endfacet
  facet normal 0 0 -1
    outer loop
      vertex 119.91 0 0
      vertex 114.87402655078499 7.013681359668233 0
      vertex 115.00437006149612 7.397660960182193 0
    endloop
  endfacet
  facet normal 0 0 -1
    outer loop
      vertex 119.91 0 0
      vertex 114.69467875173177 6.650000000000013 0
      vertex 114.87402655078499 7.013681359668233 0
    endloop
  endfacet
  facet normal 0 0 -1
    outer loop
      vertex 119.91 0 0
      vertex 111.60536880411784 5.12652092974119 0
      vertex 112.01 5.1000000000000085 0
    endloop
  endfacet
  facet normal 0 0 -1
    outer loop
      vertex 119.91 0 0
      vertex 112.01 5.1000000000000085 0
      vertex 112.41463119588217 5.12652092974119 0
    endloop
  endfacet
  facet normal 0 0 -1
    outer loop
      vertex 119.91 0 0
      vertex 112.41463119588217 5.12652092974119 0
      vertex 112.81233903981781 5.20562993850389 0
    endloop
  endfacet
  facet normal 0 0 -1
    outer loop
      vertex 119.91 0 0
      vertex 113.89716042992704 5.740604645097179 0
      vertex 114.20203102167831 6.007968978321713 0
    endloop
  endfacet
  facet normal 0 0 -1
    outer loop
      vertex 119.91 0 0
      vertex 113.19631864033178 5.335973449215018 0
      vertex 113.56 5.5153212482682505 0
    endloop
  endfacet
  facet normal 0 0 -1
    outer loop
      vertex 119.91 0 0
      vertex 112.81233903981781 5.20562993850389 0
      vertex 113.19631864033178 5.335973449215018 0
    endloop
  endfacet
  facet normal 0 0 -1
    outer loop
      vertex 119.91 0 0
      vertex 113.56 5.5153212482682505 0
      vertex 113.89716042992704 5.740604645097179 0
    endloop
  endfacet
  facet normal 0 0 -1
    outer loop
      vertex 119.91 0 0
      vertex 114.46939535490283 6.312839570072974 0
      vertex 114.69467875173177 6.650000000000013 0
    endloop
  endfacet
  facet normal 0 0 -1
    outer loop
      vertex 119.91 0 0
      vertex 114.20203102167831 6.007968978321713 0
      vertex 114.46939535490283 6.312839570072974 0
    endloop
  endfacet
  facet normal 0.4422886618952023 -0.8968727555004397 0
    outer loop
      vertex 4.599999997615825 66.02641016274691 5.949999999999999
      vertex 4.599999997615825 66.02641016274691 1.5999999999999996
      vertex 4.646926630139362 66.04955181509257 5.949999999999999
    endloop
  endfacet
  facet normal 0.5555703123844806 -0.8314695592726234 0
    outer loop
      vertex 4.599999997615825 66.02641016274691 5.949999999999999
      vertex 4.556495431661617 65.99734133511782 5.949999999999999
      vertex 4.556495431661617 65.99734133511782 1.5999999999999996
    endloop
  endfacet
  facet normal 0.3214394670661981 -0.9469301288966354 0
    outer loop
      vertex 4.646926630139362 66.04955181509257 5.949999999999999
      vertex 4.646926630139362 66.04955181509257 1.5999999999999996
      vertex 4.696472380161296 66.06637033104897 5.949999999999999
    endloop
  endfacet
  facet normal 0.6593458167485153 -0.7518398060333286 0
    outer loop
      vertex 4.556495431661617 65.99734133511782 5.949999999999999
      vertex 4.517157289981853 65.96284271061421 5.949999999999999
      vertex 4.517157289981853 65.96284271061421 1.5999999999999996
    endloop
  endfacet
  facet normal 0.7518398060333286 -0.6593458167485153 0
    outer loop
      vertex 4.517157289981853 65.96284271061421 5.949999999999999
      vertex 4.48265866547824 65.92350456893445 5.949999999999999
      vertex 4.48265866547824 65.92350456893445 1.5999999999999996
    endloop
  endfacet
  facet normal 0.8314695592726234 -0.5555703123844806 0
    outer loop
      vertex 4.48265866547824 65.92350456893445 5.949999999999999
      vertex 4.453589837849151 65.88000000298024 5.949999999999999
      vertex 4.453589837849151 65.88000000298024 1.5999999999999996
    endloop
  endfacet
  facet normal 0.8968727555004397 -0.4422886618952023 0
    outer loop
      vertex 4.453589837849151 65.88000000298024 5.949999999999999
      vertex 4.430448185503494 65.8330733704567 5.949999999999999
      vertex 4.430448185503494 65.8330733704567 1.5999999999999996
    endloop
  endfacet
  facet normal 0.9469301288966354 -0.3214394670661981 0
    outer loop
      vertex 4.430448185503494 65.8330733704567 5.949999999999999
      vertex 4.413629669547092 65.78352762043477 5.949999999999999
      vertex 4.413629669547092 65.78352762043477 1.5999999999999996
    endloop
  endfacet
  facet normal 0.9807852734670754 -0.19509035688653095 0
    outer loop
      vertex 4.413629669547092 65.78352762043477 5.949999999999999
      vertex 4.4034220537543405 65.73221047997475 5.949999999999999
      vertex 4.4034220537543405 65.73221047997475 1.5999999999999996
    endloop
  endfacet
  facet normal 0.9978589282087154 -0.06540305340084453 0
    outer loop
      vertex 4.4034220537543405 65.73221047997475 5.949999999999999
      vertex 4.400000002086173 65.68 5.949999999999999
      vertex 4.400000002086173 65.68 1.5999999999999996
    endloop
  endfacet
  facet normal 0.06540305340084453 -0.9978589282087154 0
    outer loop
      vertex 4.7477895206213105 66.07657794684172 5.949999999999999
      vertex 4.7477895206213105 66.07657794684172 1.5999999999999996
      vertex 4.800000000596057 66.07999999850989 5.949999999999999
    endloop
  endfacet
  facet normal 0.19509035688653095 -0.9807852734670754 0
    outer loop
      vertex 4.7477895206213105 66.07657794684172 5.949999999999999
      vertex 4.696472380161296 66.06637033104897 5.949999999999999
      vertex 4.696472380161296 66.06637033104897 1.5999999999999996
    endloop
  endfacet
  facet normal 0.5555703123844806 -0.8314695592726234 0
    outer loop
      vertex 4.599999997615825 66.02641016274691 5.949999999999999
      vertex 4.556495431661617 65.99734133511782 1.5999999999999996
      vertex 4.599999997615825 66.02641016274691 1.5999999999999996
    endloop
  endfacet
  facet normal 0.4422886618952023 -0.8968727555004397 0
    outer loop
      vertex 4.646926630139362 66.04955181509257 5.949999999999999
      vertex 4.599999997615825 66.02641016274691 1.5999999999999996
      vertex 4.646926630139362 66.04955181509257 1.5999999999999996
    endloop
  endfacet
  facet normal 0.3214394670661981 -0.9469301288966354 0
    outer loop
      vertex 4.696472380161296 66.06637033104897 5.949999999999999
      vertex 4.646926630139362 66.04955181509257 1.5999999999999996
      vertex 4.696472380161296 66.06637033104897 1.5999999999999996
    endloop
  endfacet
  facet normal 0.6593458167485153 -0.7518398060333286 0
    outer loop
      vertex 4.556495431661617 65.99734133511782 5.949999999999999
      vertex 4.517157289981853 65.96284271061421 1.5999999999999996
      vertex 4.556495431661617 65.99734133511782 1.5999999999999996
    endloop
  endfacet
  facet normal 0.7518398060333286 -0.6593458167485153 0
    outer loop
      vertex 4.517157289981853 65.96284271061421 5.949999999999999
      vertex 4.48265866547824 65.92350456893445 1.5999999999999996
      vertex 4.517157289981853 65.96284271061421 1.5999999999999996
    endloop
  endfacet
  facet normal 0.8314695592726234 -0.5555703123844806 0
    outer loop
      vertex 4.48265866547824 65.92350456893445 5.949999999999999
      vertex 4.453589837849151 65.88000000298024 1.5999999999999996
      vertex 4.48265866547824 65.92350456893445 1.5999999999999996
    endloop
  endfacet
  facet normal 0.8968727555004397 -0.4422886618952023 0
    outer loop
      vertex 4.453589837849151 65.88000000298024 5.949999999999999
      vertex 4.430448185503494 65.8330733704567 1.5999999999999996
      vertex 4.453589837849151 65.88000000298024 1.5999999999999996
    endloop
  endfacet
  facet normal 0.9469301288966354 -0.3214394670661981 0
    outer loop
      vertex 4.430448185503494 65.8330733704567 5.949999999999999
      vertex 4.413629669547092 65.78352762043477 1.5999999999999996
      vertex 4.430448185503494 65.8330733704567 1.5999999999999996
    endloop
  endfacet
  facet normal 0.9807852734670754 -0.19509035688653095 0
    outer loop
      vertex 4.413629669547092 65.78352762043477 5.949999999999999
      vertex 4.4034220537543405 65.73221047997475 1.5999999999999996
      vertex 4.413629669547092 65.78352762043477 1.5999999999999996
    endloop
  endfacet
  facet normal 0.9978589282087154 -0.06540305340084453 0
    outer loop
      vertex 4.4034220537543405 65.73221047997475 5.949999999999999
      vertex 4.400000002086173 65.68 1.5999999999999996
      vertex 4.4034220537543405 65.73221047997475 1.5999999999999996
    endloop
  endfacet
  facet normal 0.06540305340084453 -0.9978589282087154 0
    outer loop
      vertex 4.800000000596057 66.07999999850989 5.949999999999999
      vertex 4.7477895206213105 66.07657794684172 1.5999999999999996
      vertex 4.800000000596057 66.07999999850989 1.5999999999999996
    endloop
  endfacet
  facet normal 0.19509035688653095 -0.9807852734670754 0
    outer loop
      vertex 4.7477895206213105 66.07657794684172 5.949999999999999
      vertex 4.696472380161296 66.06637033104897 1.5999999999999996
      vertex 4.7477895206213105 66.07657794684172 1.5999999999999996
    endloop
  endfacet
  facet normal 1 0 0
    outer loop
      vertex 4.400000002086173 65.68 5.949999999999999
      vertex 4.400000002086173 4.799999997317798 1.5999999999999996
      vertex 4.400000002086173 65.68 1.5999999999999996
    endloop
  endfacet
  facet normal 0 -1 0
    outer loop
      vertex 4.800000000596057 66.07999999850989 5.949999999999999
      vertex 4.800000000596057 66.07999999850989 1.5999999999999996
      vertex 115.91000000000001 66.07999999850989 5.949999999999999
    endloop
  endfacet
  facet normal 0 0 1
    outer loop
      vertex 4.413629669547092 65.78352762043477 1.5999999999999996
      vertex 4.4034220537543405 65.73221047997475 1.5999999999999996
      vertex 4.400000002086173 65.68 1.5999999999999996
    endloop
  endfacet
  facet normal 0 0 1
    outer loop
      vertex 4.800000000596057 66.07999999850989 1.5999999999999996
      vertex 5.707968978321702 63.67203102167831 1.5999999999999996
      vertex 6.01283957007297 63.939395354902835 1.5999999999999996
    endloop
  endfacet
  facet normal 0 0 1
    outer loop
      vertex 4.800000000596057 66.07999999850989 1.5999999999999996
      vertex 5.4406046450971814 63.36716042992704 1.5999999999999996
      vertex 5.707968978321702 63.67203102167831 1.5999999999999996
    endloop
  endfacet
  facet normal 0 0 1
    outer loop
      vertex 4.800000000596057 66.07999999850989 1.5999999999999996
      vertex 5.215321248268239 63.03000000000001 1.5999999999999996
      vertex 5.4406046450971814 63.36716042992704 1.5999999999999996
    endloop
  endfacet
  facet normal 0 0 1
    outer loop
      vertex 4.800000000596057 66.07999999850989 1.5999999999999996
      vertex 5.035973449215021 62.66631864033178 1.5999999999999996
      vertex 5.215321248268239 63.03000000000001 1.5999999999999996
    endloop
  endfacet
  facet normal 0 0 1
    outer loop
      vertex 4.800000000596057 66.07999999850989 1.5999999999999996
      vertex 4.905629938503893 62.28233903981782 1.5999999999999996
      vertex 5.035973449215021 62.66631864033178 1.5999999999999996
    endloop
  endfacet
  facet normal 0 0 1
    outer loop
      vertex 4.800000000596057 66.07999999850989 1.5999999999999996
      vertex 4.826520929741193 61.884631195882164 1.5999999999999996
      vertex 4.905629938503893 62.28233903981782 1.5999999999999996
    endloop
  endfacet
  facet normal 0 0 1
    outer loop
      vertex 4.800000000596057 66.07999999850989 1.5999999999999996
      vertex 4.800000000000011 61.480000000000004 1.5999999999999996
      vertex 4.826520929741193 61.884631195882164 1.5999999999999996
    endloop
  endfacet
  facet normal 0 0 1
    outer loop
      vertex 4.800000000596057 66.07999999850989 1.5999999999999996
      vertex 6.3500000000000085 64.16467875173177 1.5999999999999996
      vertex 6.713681359668229 64.344026550785 1.5999999999999996
    endloop
  endfacet
  facet normal 0 0 1
    outer loop
      vertex 4.800000000596057 66.07999999850989 1.5999999999999996
      vertex 6.713681359668229 64.344026550785 1.5999999999999996
      vertex 7.097660960182196 64.47437006149612 1.5999999999999996
    endloop
  endfacet
  facet normal 0 0 1
    outer loop
      vertex 4.800000000596057 66.07999999850989 1.5999999999999996
      vertex 7.097660960182196 64.47437006149612 1.5999999999999996
      vertex 7.495368804117845 64.55347907025882 1.5999999999999996
    endloop
  endfacet
  facet normal 0 0 1
    outer loop
      vertex 4.800000000596057 66.07999999850989 1.5999999999999996
      vertex 6.01283957007297 63.939395354902835 1.5999999999999996
      vertex 6.3500000000000085 64.16467875173177 1.5999999999999996
    endloop
  endfacet
  facet normal 0 0 1
    outer loop
      vertex 4.800000000596057 66.07999999850989 1.5999999999999996
      vertex 7.495368804117845 64.55347907025882 1.5999999999999996
      vertex 7.900000000000006 64.58000000000001 1.5999999999999996
    endloop
  endfacet
  facet normal 0 0 1
    outer loop
      vertex 4.800000000596057 66.07999999850989 1.5999999999999996
      vertex 7.900000000000006 64.58000000000001 1.5999999999999996
      vertex 8.304631195882166 64.55347907025882 1.5999999999999996
    endloop
  endfacet
  facet normal 0 0 1
    outer loop
      vertex 4.800000000596057 66.07999999850989 1.5999999999999996
      vertex 8.304631195882166 64.55347907025882 1.5999999999999996
      vertex 13.03834532374101 64.911654676259 1.5999999999999996
    endloop
  endfacet
  facet normal 0 0 1
    outer loop
      vertex 13.03834532374101 64.911654676259 1.5999999999999996
      vertex 8.304631195882166 64.55347907025882 1.5999999999999996
      vertex 8.702339039817815 64.47437006149612 1.5999999999999996
    endloop
  endfacet
  facet normal 0 0 1
    outer loop
      vertex 13.03834532374101 64.911654676259 1.5999999999999996
      vertex 8.702339039817815 64.47437006149612 1.5999999999999996
      vertex 9.086318640331783 64.344026550785 1.5999999999999996
    endloop
  endfacet
  facet normal 0 0 1
    outer loop
      vertex 13.03834532374101 64.911654676259 1.5999999999999996
      vertex 9.086318640331783 64.344026550785 1.5999999999999996
      vertex 9.450000000000003 64.16467875173177 1.5999999999999996
    endloop
  endfacet
  facet normal 0 0 1
    outer loop
      vertex 13.03834532374101 64.911654676259 1.5999999999999996
      vertex 9.450000000000003 64.16467875173177 1.5999999999999996
      vertex 9.787160429927042 63.939395354902835 1.5999999999999996
    endloop
  endfacet
  facet normal 0 0 1
    outer loop
      vertex 13.03834532374101 64.911654676259 1.5999999999999996
      vertex 9.787160429927042 63.939395354902835 1.5999999999999996
      vertex 10.09203102167831 63.67203102167831 1.5999999999999996
    endloop
  endfacet
  facet normal 0 0 1
    outer loop
      vertex 13.03834532374101 64.911654676259 1.5999999999999996
      vertex 10.09203102167831 63.67203102167831 1.5999999999999996
      vertex 10.35939535490283 63.36716042992704 1.5999999999999996
    endloop
  endfacet
  facet normal 0 0 1
    outer loop
      vertex 13.03834532374101 64.911654676259 1.5999999999999996
      vertex 10.35939535490283 63.36716042992704 1.5999999999999996
      vertex 10.584678751731772 63.03000000000001 1.5999999999999996
    endloop
  endfacet
  facet normal 0 0 1
    outer loop
      vertex 13.03834532374101 64.911654676259 1.5999999999999996
      vertex 10.584678751731772 63.03000000000001 1.5999999999999996
      vertex 10.76402655078499 62.66631864033178 1.5999999999999996
    endloop
  endfacet
  facet normal 0 0 1
    outer loop
      vertex 13.03834532374101 64.911654676259 1.5999999999999996
      vertex 10.76402655078499 62.66631864033178 1.5999999999999996
      vertex 10.894370061496119 62.28233903981782 1.5999999999999996
    endloop
  endfacet
  facet normal 0 0 1
    outer loop
      vertex 13.03834532374101 64.911654676259 1.5999999999999996
      vertex 10.894370061496119 62.28233903981782 1.5999999999999996
      vertex 10.973479070258819 61.884631195882164 1.5999999999999996
    endloop
  endfacet
  facet normal 0 0 1
    outer loop
      vertex 13.03834532374101 64.911654676259 1.5999999999999996
      vertex 10.973479070258819 61.884631195882164 1.5999999999999996
      vertex 11 61.480000000000004 1.5999999999999996
    endloop
  endfacet
  facet normal 0 0 1
    outer loop
      vertex 13.03834532374101 64.911654676259 1.5999999999999996
      vertex 11 61.480000000000004 1.5999999999999996
      vertex 10.973479070258819 61.07536880411784 1.5999999999999996
    endloop
  endfacet
  facet normal 0 0 1
    outer loop
      vertex 13.03834532374101 64.911654676259 1.5999999999999996
      vertex 10.973479070258819 61.07536880411784 1.5999999999999996
      vertex 10.894370061496119 60.677660960182195 1.5999999999999996
    endloop
  endfacet
  facet normal 0 0 1
    outer loop
      vertex 13.03834532374101 64.911654676259 1.5999999999999996
      vertex 10.894370061496119 60.677660960182195 1.5999999999999996
      vertex 10.76402655078499 60.29368135966823 1.5999999999999996
    endloop
  endfacet
  facet normal 0 0 1
    outer loop
      vertex 4.453589837849151 65.88000000298024 1.5999999999999996
      vertex 4.430448185503494 65.8330733704567 1.5999999999999996
      vertex 4.4034220537543405 4.747789517343051 1.5999999999999996
    endloop
  endfacet
  facet normal 0 0 1
    outer loop
      vertex 4.430448185503494 65.8330733704567 1.5999999999999996
      vertex 4.413629669547092 65.78352762043477 1.5999999999999996
      vertex 4.400000002086173 4.799999997317798 1.5999999999999996
    endloop
  endfacet
  facet normal 0 0 1
    outer loop
      vertex 4.599999997615825 66.02641016274691 1.5999999999999996
      vertex 4.556495431661617 65.99734133511782 1.5999999999999996
      vertex 4.48265866547824 4.556495428383357 1.5999999999999996
    endloop
  endfacet
  facet normal 0 0 1
    outer loop
      vertex 4.517157289981853 65.96284271061421 1.5999999999999996
      vertex 4.453589837849151 4.599999994337566 1.5999999999999996
      vertex 4.556495431661617 65.99734133511782 1.5999999999999996
    endloop
  endfacet
  facet normal 0 0 1
    outer loop
      vertex 4.517157289981853 65.96284271061421 1.5999999999999996
      vertex 4.48265866547824 65.92350456893445 1.5999999999999996
      vertex 4.430448185503494 4.646926626861102 1.5999999999999996
    endloop
  endfacet
  facet normal 0 0 1
    outer loop
      vertex 4.48265866547824 65.92350456893445 1.5999999999999996
      vertex 4.453589837849151 65.88000000298024 1.5999999999999996
      vertex 4.413629669547092 4.696472376883037 1.5999999999999996
    endloop
  endfacet
  facet normal 0 0 1
    outer loop
      vertex 4.599999997615825 66.02641016274691 1.5999999999999996
      vertex 4.517157289981853 4.517157286703593 1.5999999999999996
      vertex 4.646926630139362 66.04955181509257 1.5999999999999996
    endloop
  endfacet
  facet normal 0 0 1
    outer loop
      vertex 4.7477895206213105 66.07657794684172 1.5999999999999996
      vertex 4.696472380161296 66.06637033104897 1.5999999999999996
      vertex 4.599999997615825 4.4535898345708915 1.5999999999999996
    endloop
  endfacet
  facet normal 0 0 1
    outer loop
      vertex 4.646926630139362 66.04955181509257 1.5999999999999996
      vertex 4.556495431661617 4.482658662199981 1.5999999999999996
      vertex 4.696472380161296 66.06637033104897 1.5999999999999996
    endloop
  endfacet
  facet normal 0 0 1
    outer loop
      vertex 4.413629669547092 65.78352762043477 1.5999999999999996
      vertex 4.400000002086173 65.68 1.5999999999999996
      vertex 4.400000002086173 4.799999997317798 1.5999999999999996
    endloop
  endfacet
  facet normal 0 0 1
    outer loop
      vertex 4.7477895206213105 66.07657794684172 1.5999999999999996
      vertex 4.646926630139362 4.430448182225234 1.5999999999999996
      vertex 4.800000000596057 66.07999999850989 1.5999999999999996
    endloop
  endfacet
  facet normal 0 0 1
    outer loop
      vertex 4.800000000596057 66.07999999850989 1.5999999999999996
      vertex 4.696472380161296 4.413629666268832 1.5999999999999996
      vertex 4.800000000000011 61.480000000000004 1.5999999999999996
    endloop
  endfacet
  facet normal 0 0 1
    outer loop
      vertex 13.03834532374101 13.593815224545168 1.5999999999999996
      vertex 10.35939535490283 59.59283957007297 1.5999999999999996
      vertex 10.09203102167831 59.28796897832171 1.5999999999999996
    endloop
  endfacet
  facet normal 0 0 1
    outer loop
      vertex 9.086318640331783 58.61597344921502 1.5999999999999996
      vertex 13.03834532374101 13.593815224545168 1.5999999999999996
      vertex 9.450000000000003 58.795321248268245 1.5999999999999996
    endloop
  endfacet
  facet normal 0 0 1
    outer loop
      vertex 13.03834532374101 13.593815224545168 1.5999999999999996
      vertex 9.787160429927042 59.02060464509718 1.5999999999999996
      vertex 9.450000000000003 58.795321248268245 1.5999999999999996
    endloop
  endfacet
  facet normal 0 0 1
    outer loop
      vertex 13.03834532374101 13.593815224545168 1.5999999999999996
      vertex 10.09203102167831 59.28796897832171 1.5999999999999996
      vertex 9.787160429927042 59.02060464509718 1.5999999999999996
    endloop
  endfacet
  facet normal 0 0 1
    outer loop
      vertex 13.03834532374101 64.911654676259 1.5999999999999996
      vertex 10.76402655078499 60.29368135966823 1.5999999999999996
      vertex 13.03834532374101 13.593815224545168 1.5999999999999996
    endloop
  endfacet
  facet normal 0 0 1
    outer loop
      vertex 13.03834532374101 13.593815224545168 1.5999999999999996
      vertex 10.76402655078499 60.29368135966823 1.5999999999999996
      vertex 10.584678751731772 59.93000000000001 1.5999999999999996
    endloop
  endfacet
  facet normal 0 0 1
    outer loop
      vertex 13.03834532374101 13.593815224545168 1.5999999999999996
      vertex 10.584678751731772 59.93000000000001 1.5999999999999996
      vertex 10.35939535490283 59.59283957007297 1.5999999999999996
    endloop
  endfacet
  facet normal 0 0 1
    outer loop
      vertex 4.696472380161296 4.413629666268832 1.5999999999999996
      vertex 4.826520929741193 61.07536880411784 1.5999999999999996
      vertex 4.800000000000011 61.480000000000004 1.5999999999999996
    endloop
  endfacet
  facet normal 0 0 1
    outer loop
      vertex 4.696472380161296 4.413629666268832 1.5999999999999996
      vertex 4.905629938503893 60.677660960182195 1.5999999999999996
      vertex 4.826520929741193 61.07536880411784 1.5999999999999996
    endloop
  endfacet
  facet normal 0 0 1
    outer loop
      vertex 4.696472380161296 4.413629666268832 1.5999999999999996
      vertex 5.035973449215021 60.29368135966823 1.5999999999999996
      vertex 4.905629938503893 60.677660960182195 1.5999999999999996
    endloop
  endfacet
  facet normal 0 0 1
    outer loop
      vertex 4.696472380161296 4.413629666268832 1.5999999999999996
      vertex 5.215321248268239 59.93000000000001 1.5999999999999996
      vertex 5.035973449215021 60.29368135966823 1.5999999999999996
    endloop
  endfacet
  facet normal 0 0 1
    outer loop
      vertex 4.905629938503893 9.002339039817826 1.5999999999999996
      vertex 6.3500000000000085 58.795321248268245 1.5999999999999996
      vertex 6.01283957007297 59.02060464509718 1.5999999999999996
    endloop
  endfacet
  facet normal 0 0 1
    outer loop
      vertex 6.3500000000000085 58.795321248268245 1.5999999999999996
      vertex 4.905629938503893 9.002339039817826 1.5999999999999996
      vertex 6.713681359668229 58.61597344921502 1.5999999999999996
    endloop
  endfacet
  facet normal 0 0 1
    outer loop
      vertex 4.905629938503893 9.002339039817826 1.5999999999999996
      vertex 7.097660960182196 58.48562993850389 1.5999999999999996
      vertex 6.713681359668229 58.61597344921502 1.5999999999999996
    endloop
  endfacet
  facet normal 0 0 1
    outer loop
      vertex 5.035973449215021 9.386318640331787 1.5999999999999996
      vertex 7.495368804117845 58.40652092974119 1.5999999999999996
      vertex 7.097660960182196 58.48562993850389 1.5999999999999996
    endloop
  endfacet
  facet normal 0 0 1
    outer loop
      vertex 4.696472380161296 4.413629666268832 1.5999999999999996
      vertex 5.4406046450971814 59.59283957007297 1.5999999999999996
      vertex 5.215321248268239 59.93000000000001 1.5999999999999996
    endloop
  endfacet
  facet normal 0 0 1
    outer loop
      vertex 4.696472380161296 4.413629666268832 1.5999999999999996
      vertex 5.707968978321702 59.28796897832171 1.5999999999999996
      vertex 5.4406046450971814 59.59283957007297 1.5999999999999996
    endloop
  endfacet
  facet normal 0 0 1
    outer loop
      vertex 4.696472380161296 4.413629666268832 1.5999999999999996
      vertex 6.01283957007297 59.02060464509718 1.5999999999999996
      vertex 5.707968978321702 59.28796897832171 1.5999999999999996
    endloop
  endfacet
  facet normal 0 0 1
    outer loop
      vertex 7.900000000000006 11.300000000000011 1.5999999999999996
      vertex 7.900000000000006 58.38000000000001 1.5999999999999996
      vertex 7.495368804117845 58.40652092974119 1.5999999999999996
    endloop
  endfacet
  facet normal 0 0 1
    outer loop
      vertex 7.900000000000006 58.38000000000001 1.5999999999999996
      vertex 8.304631195882166 11.273479070258823 1.5999999999999996
      vertex 8.304631195882166 58.40652092974119 1.5999999999999996
    endloop
  endfacet
  facet normal 0 0 1
    outer loop
      vertex 8.702339039817815 58.48562993850389 1.5999999999999996
      vertex 8.304631195882166 11.273479070258823 1.5999999999999996
      vertex 9.086318640331783 58.61597344921502 1.5999999999999996
    endloop
  endfacet
  facet normal 0 0 1
    outer loop
      vertex 8.304631195882166 58.40652092974119 1.5999999999999996
      vertex 8.304631195882166 11.273479070258823 1.5999999999999996
      vertex 8.702339039817815 58.48562993850389 1.5999999999999996
    endloop
  endfacet
  facet normal 0 0 1
    outer loop
      vertex 4.800000000596057 66.07999999850989 1.5999999999999996
      vertex 13.03834532374101 64.911654676259 1.5999999999999996
      vertex 101.521654676259 64.911654676259 1.5999999999999996
    endloop
  endfacet
  facet normal 1 0 0
    outer loop
      vertex 4.400000002086173 65.68 5.949999999999999
      vertex 4.400000002086173 4.799999997317798 5.949999999999999
      vertex 4.400000002086173 4.799999997317798 1.5999999999999996
    endloop
  endfacet
  facet normal 0.9978589282087154 0.06540305340084453 0
    outer loop
      vertex 4.400000002086173 4.799999997317798 5.949999999999999
      vertex 4.4034220537543405 4.747789517343051 5.949999999999999
      vertex 4.4034220537543405 4.747789517343051 1.5999999999999996
    endloop
  endfacet
  facet normal 0.9807852734670754 0.19509035688653095 0
    outer loop
      vertex 4.4034220537543405 4.747789517343051 5.949999999999999
      vertex 4.413629669547092 4.696472376883037 5.949999999999999
      vertex 4.413629669547092 4.696472376883037 1.5999999999999996
    endloop
  endfacet
  facet normal 0.9469301288966354 0.3214394670661981 0
    outer loop
      vertex 4.413629669547092 4.696472376883037 5.949999999999999
      vertex 4.430448185503494 4.646926626861102 5.949999999999999
      vertex 4.430448185503494 4.646926626861102 1.5999999999999996
    endloop
  endfacet
  facet normal 0.8968727555004397 0.4422886618952023 0
    outer loop
      vertex 4.430448185503494 4.646926626861102 5.949999999999999
      vertex 4.453589837849151 4.599999994337566 5.949999999999999
      vertex 4.453589837849151 4.599999994337566 1.5999999999999996
    endloop
  endfacet
  facet normal 0.8314695592726234 0.5555703123844806 0
    outer loop
      vertex 4.453589837849151 4.599999994337566 5.949999999999999
      vertex 4.48265866547824 4.556495428383357 5.949999999999999
      vertex 4.48265866547824 4.556495428383357 1.5999999999999996
    endloop
  endfacet
  facet normal 0.7518398060333286 0.6593458167485153 0
    outer loop
      vertex 4.48265866547824 4.556495428383357 5.949999999999999
      vertex 4.517157289981853 4.517157286703593 5.949999999999999
      vertex 4.517157289981853 4.517157286703593 1.5999999999999996
    endloop
  endfacet
  facet normal 0.6593458167485153 0.7518398060333286 0
    outer loop
      vertex 4.517157289981853 4.517157286703593 5.949999999999999
      vertex 4.556495431661617 4.482658662199981 5.949999999999999
      vertex 4.556495431661617 4.482658662199981 1.5999999999999996
    endloop
  endfacet
  facet normal 0.5555703123844806 0.8314695592726234 0
    outer loop
      vertex 4.556495431661617 4.482658662199981 5.949999999999999
      vertex 4.599999997615825 4.4535898345708915 5.949999999999999
      vertex 4.599999997615825 4.4535898345708915 1.5999999999999996
    endloop
  endfacet
  facet normal 0.4422886618952023 0.8968727555004397 0
    outer loop
      vertex 4.599999997615825 4.4535898345708915 5.949999999999999
      vertex 4.646926630139362 4.430448182225234 5.949999999999999
      vertex 4.646926630139362 4.430448182225234 1.5999999999999996
    endloop
  endfacet
  facet normal 0.3214394670661981 0.9469301288966354 0
    outer loop
      vertex 4.646926630139362 4.430448182225234 5.949999999999999
      vertex 4.696472380161296 4.413629666268832 5.949999999999999
      vertex 4.696472380161296 4.413629666268832 1.5999999999999996
    endloop
  endfacet
  facet normal 0.06540305340084453 0.9978589282087154 0
    outer loop
      vertex 4.7477895206213105 4.403422050476081 5.949999999999999
      vertex 4.800000000596057 4.399999998807914 5.949999999999999
      vertex 4.800000000596057 4.399999998807914 1.5999999999999996
    endloop
  endfacet
  facet normal 0.19509035688653095 0.9807852734670754 0
    outer loop
      vertex 4.696472380161296 4.413629666268832 5.949999999999999
      vertex 4.7477895206213105 4.403422050476081 5.949999999999999
      vertex 4.7477895206213105 4.403422050476081 1.5999999999999996
    endloop
  endfacet
  facet normal 0.9978589282087154 0.06540305340084453 0
    outer loop
      vertex 4.400000002086173 4.799999997317798 5.949999999999999
      vertex 4.4034220537543405 4.747789517343051 1.5999999999999996
      vertex 4.400000002086173 4.799999997317798 1.5999999999999996
    endloop
  endfacet
  facet normal 0.9807852734670754 0.19509035688653095 0
    outer loop
      vertex 4.4034220537543405 4.747789517343051 5.949999999999999
      vertex 4.413629669547092 4.696472376883037 1.5999999999999996
      vertex 4.4034220537543405 4.747789517343051 1.5999999999999996
    endloop
  endfacet
  facet normal 0.9469301288966354 0.3214394670661981 0
    outer loop
      vertex 4.413629669547092 4.696472376883037 5.949999999999999
      vertex 4.430448185503494 4.646926626861102 1.5999999999999996
      vertex 4.413629669547092 4.696472376883037 1.5999999999999996
    endloop
  endfacet
  facet normal 0.8968727555004397 0.4422886618952023 0
    outer loop
      vertex 4.430448185503494 4.646926626861102 5.949999999999999
      vertex 4.453589837849151 4.599999994337566 1.5999999999999996
      vertex 4.430448185503494 4.646926626861102 1.5999999999999996
    endloop
  endfacet
  facet normal 0.8314695592726234 0.5555703123844806 0
    outer loop
      vertex 4.453589837849151 4.599999994337566 5.949999999999999
      vertex 4.48265866547824 4.556495428383357 1.5999999999999996
      vertex 4.453589837849151 4.599999994337566 1.5999999999999996
    endloop
  endfacet
  facet normal 0.7518398060333286 0.6593458167485153 0
    outer loop
      vertex 4.48265866547824 4.556495428383357 5.949999999999999
      vertex 4.517157289981853 4.517157286703593 1.5999999999999996
      vertex 4.48265866547824 4.556495428383357 1.5999999999999996
    endloop
  endfacet
  facet normal 0.6593458167485153 0.7518398060333286 0
    outer loop
      vertex 4.517157289981853 4.517157286703593 5.949999999999999
      vertex 4.556495431661617 4.482658662199981 1.5999999999999996
      vertex 4.517157289981853 4.517157286703593 1.5999999999999996
    endloop
  endfacet
  facet normal 0.5555703123844806 0.8314695592726234 0
    outer loop
      vertex 4.556495431661617 4.482658662199981 5.949999999999999
      vertex 4.599999997615825 4.4535898345708915 1.5999999999999996
      vertex 4.556495431661617 4.482658662199981 1.5999999999999996
    endloop
  endfacet
  facet normal 0.4422886618952023 0.8968727555004397 0
    outer loop
      vertex 4.599999997615825 4.4535898345708915 5.949999999999999
      vertex 4.646926630139362 4.430448182225234 1.5999999999999996
      vertex 4.599999997615825 4.4535898345708915 1.5999999999999996
    endloop
  endfacet
  facet normal 0.3214394670661981 0.9469301288966354 0
    outer loop
      vertex 4.646926630139362 4.430448182225234 5.949999999999999
      vertex 4.696472380161296 4.413629666268832 1.5999999999999996
      vertex 4.646926630139362 4.430448182225234 1.5999999999999996
    endloop
  endfacet
  facet normal 0.19509035688653095 0.9807852734670754 0
    outer loop
      vertex 4.696472380161296 4.413629666268832 5.949999999999999
      vertex 4.7477895206213105 4.403422050476081 1.5999999999999996
      vertex 4.696472380161296 4.413629666268832 1.5999999999999996
    endloop
  endfacet
  facet normal 0.06540305340084453 0.9978589282087154 0
    outer loop
      vertex 4.7477895206213105 4.403422050476081 5.949999999999999
      vertex 4.800000000596057 4.399999998807914 1.5999999999999996
      vertex 4.7477895206213105 4.403422050476081 1.5999999999999996
    endloop
  endfacet
  facet normal 0 1 0
    outer loop
      vertex 4.800000000596057 4.399999998807914 5.949999999999999
      vertex 115.91000000000001 4.399999998807914 1.5999999999999996
      vertex 4.800000000596057 4.399999998807914 1.5999999999999996
    endloop
  endfacet
  facet normal 0 0 1
    outer loop
      vertex 6.01283957007297 10.659395354902841 1.5999999999999996
      vertex 7.495368804117845 58.40652092974119 1.5999999999999996
      vertex 5.707968978321702 10.392031021678307 1.5999999999999996
    endloop
  endfacet
  facet normal 0 0 1
    outer loop
      vertex 5.707968978321702 10.392031021678307 1.5999999999999996
      vertex 7.495368804117845 58.40652092974119 1.5999999999999996
      vertex 5.4406046450971814 10.087160429927046 1.5999999999999996
    endloop
  endfacet
  facet normal 0 0 1
    outer loop
      vertex 6.713681359668229 11.064026550785002 1.5999999999999996
      vertex 7.495368804117845 58.40652092974119 1.5999999999999996
      vertex 6.3500000000000085 10.88467875173177 1.5999999999999996
    endloop
  endfacet
  facet normal 0 0 1
    outer loop
      vertex 7.495368804117845 58.40652092974119 1.5999999999999996
      vertex 7.097660960182196 11.194370061496123 1.5999999999999996
      vertex 7.495368804117845 11.273479070258823 1.5999999999999996
    endloop
  endfacet
  facet normal 0 0 1
    outer loop
      vertex 7.495368804117845 58.40652092974119 1.5999999999999996
      vertex 6.713681359668229 11.064026550785002 1.5999999999999996
      vertex 7.097660960182196 11.194370061496123 1.5999999999999996
    endloop
  endfacet
  facet normal 0 0 1
    outer loop
      vertex 7.495368804117845 58.40652092974119 1.5999999999999996
      vertex 6.01283957007297 10.659395354902841 1.5999999999999996
      vertex 6.3500000000000085 10.88467875173177 1.5999999999999996
    endloop
  endfacet
  facet normal 0 0 1
    outer loop
      vertex 7.495368804117845 58.40652092974119 1.5999999999999996
      vertex 7.495368804117845 11.273479070258823 1.5999999999999996
      vertex 7.900000000000006 11.300000000000011 1.5999999999999996
    endloop
  endfacet
  facet normal 0 0 1
    outer loop
      vertex 8.304631195882166 11.273479070258823 1.5999999999999996
      vertex 7.900000000000006 58.38000000000001 1.5999999999999996
      vertex 7.900000000000006 11.300000000000011 1.5999999999999996
    endloop
  endfacet
  facet normal 0 0 1
    outer loop
      vertex 9.086318640331783 58.61597344921502 1.5999999999999996
      vertex 8.304631195882166 11.273479070258823 1.5999999999999996
      vertex 13.03834532374101 13.593815224545168 1.5999999999999996
    endloop
  endfacet
  facet normal 0 0 1
    outer loop
      vertex 4.430448185503494 65.8330733704567 1.5999999999999996
      vertex 4.400000002086173 4.799999997317798 1.5999999999999996
      vertex 4.4034220537543405 4.747789517343051 1.5999999999999996
    endloop
  endfacet
  facet normal 0 0 1
    outer loop
      vertex 4.48265866547824 65.92350456893445 1.5999999999999996
      vertex 4.413629669547092 4.696472376883037 1.5999999999999996
      vertex 4.430448185503494 4.646926626861102 1.5999999999999996
    endloop
  endfacet
  facet normal 0 0 1
    outer loop
      vertex 4.453589837849151 65.88000000298024 1.5999999999999996
      vertex 4.4034220537543405 4.747789517343051 1.5999999999999996
      vertex 4.413629669547092 4.696472376883037 1.5999999999999996
    endloop
  endfacet
  facet normal 0 0 1
    outer loop
      vertex 4.517157289981853 65.96284271061421 1.5999999999999996
      vertex 4.430448185503494 4.646926626861102 1.5999999999999996
      vertex 4.453589837849151 4.599999994337566 1.5999999999999996
    endloop
  endfacet
  facet normal 0 0 1
    outer loop
      vertex 4.556495431661617 65.99734133511782 1.5999999999999996
      vertex 4.453589837849151 4.599999994337566 1.5999999999999996
      vertex 4.48265866547824 4.556495428383357 1.5999999999999996
    endloop
  endfacet
  facet normal 0 0 1
    outer loop
      vertex 4.905629938503893 9.002339039817826 1.5999999999999996
      vertex 6.01283957007297 59.02060464509718 1.5999999999999996
      vertex 4.826520929741193 8.60463119588217 1.5999999999999996
    endloop
  endfacet
  facet normal 0 0 1
    outer loop
      vertex 6.01283957007297 59.02060464509718 1.5999999999999996
      vertex 4.800000000000011 8.20000000000001 1.5999999999999996
      vertex 4.826520929741193 8.60463119588217 1.5999999999999996
    endloop
  endfacet
  facet normal 0 0 1
    outer loop
      vertex 4.599999997615825 66.02641016274691 1.5999999999999996
      vertex 4.48265866547824 4.556495428383357 1.5999999999999996
      vertex 4.517157289981853 4.517157286703593 1.5999999999999996
    endloop
  endfacet
  facet normal 0 0 1
    outer loop
      vertex 4.696472380161296 66.06637033104897 1.5999999999999996
      vertex 4.556495431661617 4.482658662199981 1.5999999999999996
      vertex 4.599999997615825 4.4535898345708915 1.5999999999999996
    endloop
  endfacet
  facet normal 0 0 1
    outer loop
      vertex 4.646926630139362 66.04955181509257 1.5999999999999996
      vertex 4.517157289981853 4.517157286703593 1.5999999999999996
      vertex 4.556495431661617 4.482658662199981 1.5999999999999996
    endloop
  endfacet
  facet normal 0 0 1
    outer loop
      vertex 4.7477895206213105 66.07657794684172 1.5999999999999996
      vertex 4.599999997615825 4.4535898345708915 1.5999999999999996
      vertex 4.646926630139362 4.430448182225234 1.5999999999999996
    endloop
  endfacet
  facet normal 0 0 1
    outer loop
      vertex 4.800000000596057 66.07999999850989 1.5999999999999996
      vertex 4.646926630139362 4.430448182225234 1.5999999999999996
      vertex 4.696472380161296 4.413629666268832 1.5999999999999996
    endloop
  endfacet
  facet normal 0 0 1
    outer loop
      vertex 7.495368804117845 58.40652092974119 1.5999999999999996
      vertex 5.215321248268239 9.750000000000007 1.5999999999999996
      vertex 5.4406046450971814 10.087160429927046 1.5999999999999996
    endloop
  endfacet
  facet normal 0 0 1
    outer loop
      vertex 7.097660960182196 58.48562993850389 1.5999999999999996
      vertex 4.905629938503893 9.002339039817826 1.5999999999999996
      vertex 5.035973449215021 9.386318640331787 1.5999999999999996
    endloop
  endfacet
  facet normal 0 0 1
    outer loop
      vertex 7.495368804117845 58.40652092974119 1.5999999999999996
      vertex 5.035973449215021 9.386318640331787 1.5999999999999996
      vertex 5.215321248268239 9.750000000000007 1.5999999999999996
    endloop
  endfacet
  facet normal 0 0 1
    outer loop
      vertex 4.696472380161296 4.413629666268832 1.5999999999999996
      vertex 4.800000000000011 8.20000000000001 1.5999999999999996
      vertex 6.01283957007297 59.02060464509718 1.5999999999999996
    endloop
  endfacet
  facet normal 0 0 1
    outer loop
      vertex 8.702339039817815 11.194370061496123 1.5999999999999996
      vertex 13.03834532374101 13.593815224545168 1.5999999999999996
      vertex 8.304631195882166 11.273479070258823 1.5999999999999996
    endloop
  endfacet
  facet normal 0 0 1
    outer loop
      vertex 13.03834532374101 13.593815224545168 1.5999999999999996
      vertex 8.702339039817815 11.194370061496123 1.5999999999999996
      vertex 9.086318640331783 11.064026550785002 1.5999999999999996
    endloop
  endfacet
  facet normal 0 0 1
    outer loop
      vertex 13.03834532374101 13.593815224545168 1.5999999999999996
      vertex 9.086318640331783 11.064026550785002 1.5999999999999996
      vertex 9.450000000000003 10.88467875173177 1.5999999999999996
    endloop
  endfacet
  facet normal 0 0 1
    outer loop
      vertex 13.03834532374101 13.593815224545168 1.5999999999999996
      vertex 9.450000000000003 10.88467875173177 1.5999999999999996
      vertex 9.787160429927042 10.659395354902841 1.5999999999999996
    endloop
  endfacet
  facet normal 0 0 1
    outer loop
      vertex 13.03834532374101 13.593815224545168 1.5999999999999996
      vertex 9.787160429927042 10.659395354902841 1.5999999999999996
      vertex 10.09203102167831 10.392031021678307 1.5999999999999996
    endloop
  endfacet
  facet normal 0 0 1
    outer loop
      vertex 13.03834532374101 13.593815224545168 1.5999999999999996
      vertex 10.09203102167831 10.392031021678307 1.5999999999999996
      vertex 10.35939535490283 10.087160429927046 1.5999999999999996
    endloop
  endfacet
  facet normal 0 0 1
    outer loop
      vertex 13.03834532374101 13.593815224545168 1.5999999999999996
      vertex 10.35939535490283 10.087160429927046 1.5999999999999996
      vertex 10.584678751731772 9.750000000000007 1.5999999999999996
    endloop
  endfacet
  facet normal 0 0 1
    outer loop
      vertex 13.03834532374101 13.593815224545168 1.5999999999999996
      vertex 10.584678751731772 9.750000000000007 1.5999999999999996
      vertex 10.76402655078499 9.386318640331787 1.5999999999999996
    endloop
  endfacet
  facet normal 0 0 1
    outer loop
      vertex 13.03834532374101 13.593815224545168 1.5999999999999996
      vertex 10.76402655078499 9.386318640331787 1.5999999999999996
      vertex 10.894370061496119 9.002339039817826 1.5999999999999996
    endloop
  endfacet
  facet normal 0 0 1
    outer loop
      vertex 13.03834532374101 13.593815224545168 1.5999999999999996
      vertex 10.894370061496119 9.002339039817826 1.5999999999999996
      vertex 10.973479070258819 8.60463119588217 1.5999999999999996
    endloop
  endfacet
  facet normal 0 0 1
    outer loop
      vertex 13.03834532374101 13.593815224545168 1.5999999999999996
      vertex 10.973479070258819 8.60463119588217 1.5999999999999996
      vertex 11 8.20000000000001 1.5999999999999996
    endloop
  endfacet
  facet normal 0 0 1
    outer loop
      vertex 13.03834532374101 13.593815224545168 1.5999999999999996
      vertex 11 8.20000000000001 1.5999999999999996
      vertex 10.973479070258819 7.7953688041178495 1.5999999999999996
    endloop
  endfacet
  facet normal 0 0 1
    outer loop
      vertex 13.03834532374101 13.593815224545168 1.5999999999999996
      vertex 10.973479070258819 7.7953688041178495 1.5999999999999996
      vertex 10.894370061496119 7.397660960182193 1.5999999999999996
    endloop
  endfacet
  facet normal 0 0 1
    outer loop
      vertex 13.03834532374101 13.593815224545168 1.5999999999999996
      vertex 10.894370061496119 7.397660960182193 1.5999999999999996
      vertex 10.76402655078499 7.013681359668233 1.5999999999999996
    endloop
  endfacet
  facet normal 0 0 1
    outer loop
      vertex 4.696472380161296 4.413629666268832 1.5999999999999996
      vertex 4.826520929741193 7.7953688041178495 1.5999999999999996
      vertex 4.800000000000011 8.20000000000001 1.5999999999999996
    endloop
  endfacet
  facet normal 0 0 1
    outer loop
      vertex 4.696472380161296 4.413629666268832 1.5999999999999996
      vertex 4.905629938503893 7.397660960182193 1.5999999999999996
      vertex 4.826520929741193 7.7953688041178495 1.5999999999999996
    endloop
  endfacet
  facet normal 0 0 1
    outer loop
      vertex 4.696472380161296 4.413629666268832 1.5999999999999996
      vertex 5.035973449215021 7.013681359668233 1.5999999999999996
      vertex 4.905629938503893 7.397660960182193 1.5999999999999996
    endloop
  endfacet
  facet normal 0 0 1
    outer loop
      vertex 4.696472380161296 4.413629666268832 1.5999999999999996
      vertex 5.215321248268239 6.650000000000013 1.5999999999999996
      vertex 5.035973449215021 7.013681359668233 1.5999999999999996
    endloop
  endfacet
  facet normal 0 0 1
    outer loop
      vertex 4.696472380161296 4.413629666268832 1.5999999999999996
      vertex 5.4406046450971814 6.312839570072974 1.5999999999999996
      vertex 5.215321248268239 6.650000000000013 1.5999999999999996
    endloop
  endfacet
  facet normal 0 0 1
    outer loop
      vertex 4.696472380161296 4.413629666268832 1.5999999999999996
      vertex 5.707968978321702 6.007968978321713 1.5999999999999996
      vertex 5.4406046450971814 6.312839570072974 1.5999999999999996
    endloop
  endfacet
  facet normal 0 0 1
    outer loop
      vertex 4.696472380161296 4.413629666268832 1.5999999999999996
      vertex 6.01283957007297 5.740604645097179 1.5999999999999996
      vertex 5.707968978321702 6.007968978321713 1.5999999999999996
    endloop
  endfacet
  facet normal 0 0 1
    outer loop
      vertex 4.696472380161296 4.413629666268832 1.5999999999999996
      vertex 4.7477895206213105 4.403422050476081 1.5999999999999996
      vertex 6.01283957007297 5.740604645097179 1.5999999999999996
    endloop
  endfacet
  facet normal 0 0 1
    outer loop
      vertex 4.800000000596057 4.399999998807914 1.5999999999999996
      vertex 6.01283957007297 5.740604645097179 1.5999999999999996
      vertex 4.7477895206213105 4.403422050476081 1.5999999999999996
    endloop
  endfacet
  facet normal 0 0 1
    outer loop
      vertex 4.800000000596057 4.399999998807914 1.5999999999999996
      vertex 6.3500000000000085 5.5153212482682505 1.5999999999999996
      vertex 6.01283957007297 5.740604645097179 1.5999999999999996
    endloop
  endfacet
  facet normal 0 0 1
    outer loop
      vertex 4.800000000596057 4.399999998807914 1.5999999999999996
      vertex 6.713681359668229 5.335973449215018 1.5999999999999996
      vertex 6.3500000000000085 5.5153212482682505 1.5999999999999996
    endloop
  endfacet
  facet normal 0 0 1
    outer loop
      vertex 4.800000000596057 4.399999998807914 1.5999999999999996
      vertex 7.097660960182196 5.20562993850389 1.5999999999999996
      vertex 6.713681359668229 5.335973449215018 1.5999999999999996
    endloop
  endfacet
  facet normal 0 0 1
    outer loop
      vertex 4.800000000596057 4.399999998807914 1.5999999999999996
      vertex 7.495368804117845 5.12652092974119 1.5999999999999996
      vertex 7.097660960182196 5.20562993850389 1.5999999999999996
    endloop
  endfacet
  facet normal 0 0 1
    outer loop
      vertex 4.800000000596057 4.399999998807914 1.5999999999999996
      vertex 7.900000000000006 5.1000000000000085 1.5999999999999996
      vertex 7.495368804117845 5.12652092974119 1.5999999999999996
    endloop
  endfacet
  facet normal 0 0 1
    outer loop
      vertex 4.800000000596057 4.399999998807914 1.5999999999999996
      vertex 13.03834532374101 4.768345323741016 1.5999999999999996
      vertex 7.900000000000006 5.1000000000000085 1.5999999999999996
    endloop
  endfacet
  facet normal 0 0 1
    outer loop
      vertex 13.03834532374101 4.768345323741016 1.5999999999999996
      vertex 10.09203102167831 6.007968978321713 1.5999999999999996
      vertex 9.787160429927042 5.740604645097179 1.5999999999999996
    endloop
  endfacet
  facet normal 0 0 1
    outer loop
      vertex 13.03834532374101 4.768345323741016 1.5999999999999996
      vertex 10.35939535490283 6.312839570072974 1.5999999999999996
      vertex 10.09203102167831 6.007968978321713 1.5999999999999996
    endloop
  endfacet
  facet normal 0 0 1
    outer loop
      vertex 13.03834532374101 4.768345323741016 1.5999999999999996
      vertex 8.304631195882166 5.12652092974119 1.5999999999999996
      vertex 7.900000000000006 5.1000000000000085 1.5999999999999996
    endloop
  endfacet
  facet normal 0 0 1
    outer loop
      vertex 13.03834532374101 4.768345323741016 1.5999999999999996
      vertex 8.702339039817815 5.20562993850389 1.5999999999999996
      vertex 8.304631195882166 5.12652092974119 1.5999999999999996
    endloop
  endfacet
  facet normal 0 0 1
    outer loop
      vertex 13.03834532374101 4.768345323741016 1.5999999999999996
      vertex 9.086318640331783 5.335973449215018 1.5999999999999996
      vertex 8.702339039817815 5.20562993850389 1.5999999999999996
    endloop
  endfacet
  facet normal 0 0 1
    outer loop
      vertex 13.03834532374101 4.768345323741016 1.5999999999999996
      vertex 9.450000000000003 5.5153212482682505 1.5999999999999996
      vertex 9.086318640331783 5.335973449215018 1.5999999999999996
    endloop
  endfacet
  facet normal 0 0 1
    outer loop
      vertex 13.03834532374101 4.768345323741016 1.5999999999999996
      vertex 9.787160429927042 5.740604645097179 1.5999999999999996
      vertex 9.450000000000003 5.5153212482682505 1.5999999999999996
    endloop
  endfacet
  facet normal 0 0 1
    outer loop
      vertex 13.03834532374101 13.593815224545168 1.5999999999999996
      vertex 10.76402655078499 7.013681359668233 1.5999999999999996
      vertex 13.03834532374101 4.768345323741016 1.5999999999999996
    endloop
  endfacet
  facet normal 0 0 1
    outer loop
      vertex 13.03834532374101 4.768345323741016 1.5999999999999996
      vertex 10.76402655078499 7.013681359668233 1.5999999999999996
      vertex 10.584678751731772 6.650000000000013 1.5999999999999996
    endloop
  endfacet
  facet normal 0 0 1
    outer loop
      vertex 13.03834532374101 4.768345323741016 1.5999999999999996
      vertex 10.584678751731772 6.650000000000013 1.5999999999999996
      vertex 10.35939535490283 6.312839570072974 1.5999999999999996
    endloop
  endfacet
  facet normal 0 0 1
    outer loop
      vertex 4.800000000596057 4.399999998807914 1.5999999999999996
      vertex 115.91000000000001 4.399999998807914 1.5999999999999996
      vertex 13.03834532374101 4.768345323741016 1.5999999999999996
    endloop
  endfacet
  facet normal 0 -1 0
    outer loop
      vertex 4.800000000596057 66.07999999850989 1.5999999999999996
      vertex 115.91000000000001 66.07999999850989 1.5999999999999996
      vertex 115.91000000000001 66.07999999850989 5.949999999999999
    endloop
  endfacet
  facet normal -0.06540305340084453 -0.9978589282087154 0
    outer loop
      vertex 115.91000000000001 66.07999999850989 5.949999999999999
      vertex 115.91000000000001 66.07999999850989 1.5999999999999996
      vertex 115.96221047997476 66.07657794684172 5.949999999999999
    endloop
  endfacet
  facet normal -0.19509035688653095 -0.9807852734670754 0
    outer loop
      vertex 115.96221047997476 66.07657794684172 5.949999999999999
      vertex 115.96221047997476 66.07657794684172 1.5999999999999996
      vertex 116.01352762043477 66.06637033104897 5.949999999999999
    endloop
  endfacet
  facet normal -0.3214394670661981 -0.9469301288966354 0
    outer loop
      vertex 116.01352762043477 66.06637033104897 5.949999999999999
      vertex 116.01352762043477 66.06637033104897 1.5999999999999996
      vertex 116.0630733704567 66.04955181509257 5.949999999999999
    endloop
  endfacet
  facet normal -0.4422886618952023 -0.8968727555004397 0
    outer loop
      vertex 116.0630733704567 66.04955181509257 5.949999999999999
      vertex 116.0630733704567 66.04955181509257 1.5999999999999996
      vertex 116.11000000298024 66.02641016274691 5.949999999999999
    endloop
  endfacet
  facet normal -0.5555703123844806 -0.8314695592726234 0
    outer loop
      vertex 116.11000000298024 66.02641016274691 5.949999999999999
      vertex 116.11000000298024 66.02641016274691 1.5999999999999996
      vertex 116.15350456893445 65.99734133511782 5.949999999999999
    endloop
  endfacet
  facet normal -0.6593458167485153 -0.7518398060333286 0
    outer loop
      vertex 116.15350456893445 65.99734133511782 5.949999999999999
      vertex 116.15350456893445 65.99734133511782 1.5999999999999996
      vertex 116.19284271061422 65.96284271061421 5.949999999999999
    endloop
  endfacet
  facet normal -0.7518398060333286 -0.6593458167485153 0
    outer loop
      vertex 116.19284271061422 65.96284271061421 5.949999999999999
      vertex 116.19284271061422 65.96284271061421 1.5999999999999996
      vertex 116.22734133511783 65.92350456893445 5.949999999999999
    endloop
  endfacet
  facet normal -0.8314695592726234 -0.5555703123844806 0
    outer loop
      vertex 116.22734133511783 65.92350456893445 5.949999999999999
      vertex 116.22734133511783 65.92350456893445 1.5999999999999996
      vertex 116.25641016274692 65.88000000298024 5.949999999999999
    endloop
  endfacet
  facet normal -0.8968727555004397 -0.4422886618952023 0
    outer loop
      vertex 116.25641016274692 65.88000000298024 5.949999999999999
      vertex 116.25641016274692 65.88000000298024 1.5999999999999996
      vertex 116.27955181509257 65.8330733704567 5.949999999999999
    endloop
  endfacet
  facet normal -0.9469301288966354 -0.3214394670661981 0
    outer loop
      vertex 116.27955181509257 65.8330733704567 5.949999999999999
      vertex 116.27955181509257 65.8330733704567 1.5999999999999996
      vertex 116.29637033104898 65.78352762043477 5.949999999999999
    endloop
  endfacet
  facet normal -0.9807852734670754 -0.19509035688653095 0
    outer loop
      vertex 116.29637033104898 65.78352762043477 5.949999999999999
      vertex 116.29637033104898 65.78352762043477 1.5999999999999996
      vertex 116.30657794684173 65.73221047997475 5.949999999999999
    endloop
  endfacet
  facet normal -0.9978589282087154 -0.06540305340084453 0
    outer loop
      vertex 116.30657794684173 65.73221047997475 5.949999999999999
      vertex 116.30657794684173 65.73221047997475 1.5999999999999996
      vertex 116.3099999985099 65.68 5.949999999999999
    endloop
  endfacet
  facet normal -0.06540305340084453 -0.9978589282087154 0
    outer loop
      vertex 115.96221047997476 66.07657794684172 5.949999999999999
      vertex 115.91000000000001 66.07999999850989 1.5999999999999996
      vertex 115.96221047997476 66.07657794684172 1.5999999999999996
    endloop
  endfacet
  facet normal -0.19509035688653095 -0.9807852734670754 0
    outer loop
      vertex 116.01352762043477 66.06637033104897 5.949999999999999
      vertex 115.96221047997476 66.07657794684172 1.5999999999999996
      vertex 116.01352762043477 66.06637033104897 1.5999999999999996
    endloop
  endfacet
  facet normal -0.3214394670661981 -0.9469301288966354 0
    outer loop
      vertex 116.0630733704567 66.04955181509257 5.949999999999999
      vertex 116.01352762043477 66.06637033104897 1.5999999999999996
      vertex 116.0630733704567 66.04955181509257 1.5999999999999996
    endloop
  endfacet
  facet normal -0.4422886618952023 -0.8968727555004397 0
    outer loop
      vertex 116.11000000298024 66.02641016274691 5.949999999999999
      vertex 116.0630733704567 66.04955181509257 1.5999999999999996
      vertex 116.11000000298024 66.02641016274691 1.5999999999999996
    endloop
  endfacet
  facet normal -0.5555703123844806 -0.8314695592726234 0
    outer loop
      vertex 116.15350456893445 65.99734133511782 5.949999999999999
      vertex 116.11000000298024 66.02641016274691 1.5999999999999996
      vertex 116.15350456893445 65.99734133511782 1.5999999999999996
    endloop
  endfacet
  facet normal -0.6593458167485153 -0.7518398060333286 0
    outer loop
      vertex 116.19284271061422 65.96284271061421 5.949999999999999
      vertex 116.15350456893445 65.99734133511782 1.5999999999999996
      vertex 116.19284271061422 65.96284271061421 1.5999999999999996
    endloop
  endfacet
  facet normal -0.7518398060333286 -0.6593458167485153 0
    outer loop
      vertex 116.22734133511783 65.92350456893445 5.949999999999999
      vertex 116.19284271061422 65.96284271061421 1.5999999999999996
      vertex 116.22734133511783 65.92350456893445 1.5999999999999996
    endloop
  endfacet
  facet normal -0.8314695592726234 -0.5555703123844806 0
    outer loop
      vertex 116.25641016274692 65.88000000298024 5.949999999999999
      vertex 116.22734133511783 65.92350456893445 1.5999999999999996
      vertex 116.25641016274692 65.88000000298024 1.5999999999999996
    endloop
  endfacet
  facet normal -0.8968727555004397 -0.4422886618952023 0
    outer loop
      vertex 116.27955181509257 65.8330733704567 5.949999999999999
      vertex 116.25641016274692 65.88000000298024 1.5999999999999996
      vertex 116.27955181509257 65.8330733704567 1.5999999999999996
    endloop
  endfacet
  facet normal -0.9469301288966354 -0.3214394670661981 0
    outer loop
      vertex 116.29637033104898 65.78352762043477 5.949999999999999
      vertex 116.27955181509257 65.8330733704567 1.5999999999999996
      vertex 116.29637033104898 65.78352762043477 1.5999999999999996
    endloop
  endfacet
  facet normal -0.9807852734670754 -0.19509035688653095 0
    outer loop
      vertex 116.30657794684173 65.73221047997475 5.949999999999999
      vertex 116.29637033104898 65.78352762043477 1.5999999999999996
      vertex 116.30657794684173 65.73221047997475 1.5999999999999996
    endloop
  endfacet
  facet normal -0.9978589282087154 -0.06540305340084453 0
    outer loop
      vertex 116.3099999985099 65.68 5.949999999999999
      vertex 116.30657794684173 65.73221047997475 1.5999999999999996
      vertex 116.3099999985099 65.68 1.5999999999999996
    endloop
  endfacet
  facet normal -1 0 0
    outer loop
      vertex 116.3099999985099 65.68 5.949999999999999
      vertex 116.3099999985099 65.68 1.5999999999999996
      vertex 116.3099999985099 4.799999997317798 5.949999999999999
    endloop
  endfacet
  facet normal 0 0 1
    outer loop
      vertex 4.800000000596057 66.07999999850989 1.5999999999999996
      vertex 101.521654676259 64.911654676259 1.5999999999999996
      vertex 115.91000000000001 66.07999999850989 1.5999999999999996
    endloop
  endfacet
  facet normal 0 0 1
    outer loop
      vertex 101.521654676259 64.911654676259 1.5999999999999996
      vertex 109.14597344921502 62.66631864033178 1.5999999999999996
      vertex 109.32532124826824 63.03000000000001 1.5999999999999996
    endloop
  endfacet
  facet normal 0 0 1
    outer loop
      vertex 101.521654676259 64.911654676259 1.5999999999999996
      vertex 109.01562993850389 62.28233903981782 1.5999999999999996
      vertex 109.14597344921502 62.66631864033178 1.5999999999999996
    endloop
  endfacet
  facet normal 0 0 1
    outer loop
      vertex 101.521654676259 64.911654676259 1.5999999999999996
      vertex 110.12283957007297 63.939395354902835 1.5999999999999996
      vertex 110.46000000000001 64.16467875173177 1.5999999999999996
    endloop
  endfacet
  facet normal 0 0 1
    outer loop
      vertex 101.521654676259 64.911654676259 1.5999999999999996
      vertex 110.46000000000001 64.16467875173177 1.5999999999999996
      vertex 110.82368135966823 64.344026550785 1.5999999999999996
    endloop
  endfacet
  facet normal 0 0 1
    outer loop
      vertex 101.521654676259 64.911654676259 1.5999999999999996
      vertex 110.82368135966823 64.344026550785 1.5999999999999996
      vertex 111.2076609601822 64.47437006149612 1.5999999999999996
    endloop
  endfacet
  facet normal 0 0 1
    outer loop
      vertex 101.521654676259 64.911654676259 1.5999999999999996
      vertex 109.55060464509718 63.36716042992704 1.5999999999999996
      vertex 109.8179689783217 63.67203102167831 1.5999999999999996
    endloop
  endfacet
  facet normal 0 0 1
    outer loop
      vertex 101.521654676259 64.911654676259 1.5999999999999996
      vertex 109.8179689783217 63.67203102167831 1.5999999999999996
      vertex 110.12283957007297 63.939395354902835 1.5999999999999996
    endloop
  endfacet
  facet normal 0 0 1
    outer loop
      vertex 101.521654676259 64.911654676259 1.5999999999999996
      vertex 109.32532124826824 63.03000000000001 1.5999999999999996
      vertex 109.55060464509718 63.36716042992704 1.5999999999999996
    endloop
  endfacet
  facet normal 0 0 1
    outer loop
      vertex 101.521654676259 64.911654676259 1.5999999999999996
      vertex 108.93652092974119 61.884631195882164 1.5999999999999996
      vertex 109.01562993850389 62.28233903981782 1.5999999999999996
    endloop
  endfacet
  facet normal 0 0 1
    outer loop
      vertex 101.521654676259 64.911654676259 1.5999999999999996
      vertex 108.91000000000001 61.480000000000004 1.5999999999999996
      vertex 108.93652092974119 61.884631195882164 1.5999999999999996
    endloop
  endfacet
  facet normal 0 0 1
    outer loop
      vertex 101.521654676259 64.911654676259 1.5999999999999996
      vertex 108.93652092974119 61.07536880411784 1.5999999999999996
      vertex 108.91000000000001 61.480000000000004 1.5999999999999996
    endloop
  endfacet
  facet normal 0 0 1
    outer loop
      vertex 101.521654676259 64.911654676259 1.5999999999999996
      vertex 109.01562993850389 60.677660960182195 1.5999999999999996
      vertex 108.93652092974119 61.07536880411784 1.5999999999999996
    endloop
  endfacet
  facet normal 0 0 1
    outer loop
      vertex 101.521654676259 64.911654676259 1.5999999999999996
      vertex 109.14597344921502 60.29368135966823 1.5999999999999996
      vertex 109.01562993850389 60.677660960182195 1.5999999999999996
    endloop
  endfacet
  facet normal 0 0 1
    outer loop
      vertex 101.521654676259 64.911654676259 1.5999999999999996
      vertex 109.32532124826824 59.93000000000001 1.5999999999999996
      vertex 109.14597344921502 60.29368135966823 1.5999999999999996
    endloop
  endfacet
  facet normal 0 0 1
    outer loop
      vertex 101.521654676259 64.911654676259 1.5999999999999996
      vertex 109.55060464509718 59.59283957007297 1.5999999999999996
      vertex 109.32532124826824 59.93000000000001 1.5999999999999996
    endloop
  endfacet
  facet normal 0 0 1
    outer loop
      vertex 115.91000000000001 66.07999999850989 1.5999999999999996
      vertex 101.521654676259 64.911654676259 1.5999999999999996
      vertex 111.2076609601822 64.47437006149612 1.5999999999999996
    endloop
  endfacet
  facet normal 0 0 1
    outer loop
      vertex 115.91000000000001 66.07999999850989 1.5999999999999996
      vertex 113.56 64.16467875173177 1.5999999999999996
      vertex 115.96221047997476 66.07657794684172 1.5999999999999996
    endloop
  endfacet
  facet normal 0 0 1
    outer loop
      vertex 115.96221047997476 66.07657794684172 1.5999999999999996
      vertex 113.56 64.16467875173177 1.5999999999999996
      vertex 116.01352762043477 66.06637033104897 1.5999999999999996
    endloop
  endfacet
  facet normal 0 0 1
    outer loop
      vertex 115.91000000000001 66.07999999850989 1.5999999999999996
      vertex 111.60536880411784 64.55347907025882 1.5999999999999996
      vertex 112.01 64.58000000000001 1.5999999999999996
    endloop
  endfacet
  facet normal 0 0 1
    outer loop
      vertex 115.91000000000001 66.07999999850989 1.5999999999999996
      vertex 111.2076609601822 64.47437006149612 1.5999999999999996
      vertex 111.60536880411784 64.55347907025882 1.5999999999999996
    endloop
  endfacet
  facet normal 0 0 1
    outer loop
      vertex 115.91000000000001 66.07999999850989 1.5999999999999996
      vertex 112.01 64.58000000000001 1.5999999999999996
      vertex 112.41463119588217 64.55347907025882 1.5999999999999996
    endloop
  endfacet
  facet normal 0 0 1
    outer loop
      vertex 115.91000000000001 66.07999999850989 1.5999999999999996
      vertex 112.41463119588217 64.55347907025882 1.5999999999999996
      vertex 112.81233903981781 64.47437006149612 1.5999999999999996
    endloop
  endfacet
  facet normal 0 0 1
    outer loop
      vertex 115.91000000000001 66.07999999850989 1.5999999999999996
      vertex 112.81233903981781 64.47437006149612 1.5999999999999996
      vertex 113.19631864033178 64.344026550785 1.5999999999999996
    endloop
  endfacet
  facet normal 0 0 1
    outer loop
      vertex 115.91000000000001 66.07999999850989 1.5999999999999996
      vertex 113.19631864033178 64.344026550785 1.5999999999999996
      vertex 113.56 64.16467875173177 1.5999999999999996
    endloop
  endfacet
  facet normal 0 0 1
    outer loop
      vertex 116.01352762043477 66.06637033104897 1.5999999999999996
      vertex 113.56 64.16467875173177 1.5999999999999996
      vertex 113.89716042992704 63.939395354902835 1.5999999999999996
    endloop
  endfacet
  facet normal 0 0 1
    outer loop
      vertex 116.01352762043477 66.06637033104897 1.5999999999999996
      vertex 113.89716042992704 63.939395354902835 1.5999999999999996
      vertex 114.20203102167831 63.67203102167831 1.5999999999999996
    endloop
  endfacet
  facet normal 0 0 1
    outer loop
      vertex 116.01352762043477 66.06637033104897 1.5999999999999996
      vertex 114.20203102167831 63.67203102167831 1.5999999999999996
      vertex 114.46939535490283 63.36716042992704 1.5999999999999996
    endloop
  endfacet
  facet normal 0 0 1
    outer loop
      vertex 116.01352762043477 66.06637033104897 1.5999999999999996
      vertex 114.46939535490283 63.36716042992704 1.5999999999999996
      vertex 114.69467875173177 63.03000000000001 1.5999999999999996
    endloop
  endfacet
  facet normal 0 0 1
    outer loop
      vertex 116.01352762043477 66.06637033104897 1.5999999999999996
      vertex 114.69467875173177 63.03000000000001 1.5999999999999996
      vertex 114.87402655078499 62.66631864033178 1.5999999999999996
    endloop
  endfacet
  facet normal 0 0 1
    outer loop
      vertex 116.01352762043477 66.06637033104897 1.5999999999999996
      vertex 114.87402655078499 62.66631864033178 1.5999999999999996
      vertex 115.00437006149612 62.28233903981782 1.5999999999999996
    endloop
  endfacet
  facet normal 0 0 1
    outer loop
      vertex 116.01352762043477 66.06637033104897 1.5999999999999996
      vertex 115.00437006149612 62.28233903981782 1.5999999999999996
      vertex 115.08347907025882 61.884631195882164 1.5999999999999996
    endloop
  endfacet
  facet normal 0 0 1
    outer loop
      vertex 116.01352762043477 66.06637033104897 1.5999999999999996
      vertex 115.08347907025882 61.884631195882164 1.5999999999999996
      vertex 115.11 61.480000000000004 1.5999999999999996
    endloop
  endfacet
  facet normal 0 0 1
    outer loop
      vertex 101.521654676259 64.911654676259 1.5999999999999996
      vertex 109.14597344921502 9.386318640331787 1.5999999999999996
      vertex 109.55060464509718 59.59283957007297 1.5999999999999996
    endloop
  endfacet
  facet normal 0 0 1
    outer loop
      vertex 116.0630733704567 66.04955181509257 1.5999999999999996
      vertex 115.96221047997476 4.403422050476081 1.5999999999999996
      vertex 116.11000000298024 66.02641016274691 1.5999999999999996
    endloop
  endfacet
  facet normal 0 0 1
    outer loop
      vertex 116.01352762043477 66.06637033104897 1.5999999999999996
      vertex 115.91000000000001 4.399999998807914 1.5999999999999996
      vertex 116.0630733704567 66.04955181509257 1.5999999999999996
    endloop
  endfacet
  facet normal 0 0 1
    outer loop
      vertex 116.15350456893445 65.99734133511782 1.5999999999999996
      vertex 116.0630733704567 4.430448182225234 1.5999999999999996
      vertex 116.19284271061422 65.96284271061421 1.5999999999999996
    endloop
  endfacet
  facet normal 0 0 1
    outer loop
      vertex 116.11000000298024 66.02641016274691 1.5999999999999996
      vertex 116.01352762043477 4.413629666268832 1.5999999999999996
      vertex 116.15350456893445 65.99734133511782 1.5999999999999996
    endloop
  endfacet
  facet normal 0 0 1
    outer loop
      vertex 116.01352762043477 66.06637033104897 1.5999999999999996
      vertex 115.11 61.480000000000004 1.5999999999999996
      vertex 115.91000000000001 4.399999998807914 1.5999999999999996
    endloop
  endfacet
  facet normal 0 0 1
    outer loop
      vertex 116.19284271061422 65.96284271061421 1.5999999999999996
      vertex 116.11000000298024 4.4535898345708915 1.5999999999999996
      vertex 116.22734133511783 65.92350456893445 1.5999999999999996
    endloop
  endfacet
  facet normal 0 0 1
    outer loop
      vertex 116.22734133511783 65.92350456893445 1.5999999999999996
      vertex 116.15350456893445 4.482658662199981 1.5999999999999996
      vertex 116.25641016274692 65.88000000298024 1.5999999999999996
    endloop
  endfacet
  facet normal 0 0 1
    outer loop
      vertex 116.27955181509257 65.8330733704567 1.5999999999999996
      vertex 116.22734133511783 4.556495428383357 1.5999999999999996
      vertex 116.29637033104898 65.78352762043477 1.5999999999999996
    endloop
  endfacet
  facet normal 0 0 1
    outer loop
      vertex 116.25641016274692 65.88000000298024 1.5999999999999996
      vertex 116.19284271061422 4.517157286703593 1.5999999999999996
      vertex 116.27955181509257 65.8330733704567 1.5999999999999996
    endloop
  endfacet
  facet normal 0 0 1
    outer loop
      vertex 116.29637033104898 65.78352762043477 1.5999999999999996
      vertex 116.25641016274692 4.599999994337566 1.5999999999999996
      vertex 116.30657794684173 65.73221047997475 1.5999999999999996
    endloop
  endfacet
  facet normal 0 0 1
    outer loop
      vertex 116.30657794684173 65.73221047997475 1.5999999999999996
      vertex 116.27955181509257 4.646926626861102 1.5999999999999996
      vertex 116.3099999985099 65.68 1.5999999999999996
    endloop
  endfacet
  facet normal 0 0 1
    outer loop
      vertex 110.12283957007297 10.659395354902841 1.5999999999999996
      vertex 109.8179689783217 59.28796897832171 1.5999999999999996
      vertex 109.55060464509718 59.59283957007297 1.5999999999999996
    endloop
  endfacet
  facet normal 0 0 1
    outer loop
      vertex 110.46000000000001 10.88467875173177 1.5999999999999996
      vertex 110.12283957007297 59.02060464509718 1.5999999999999996
      vertex 109.8179689783217 59.28796897832171 1.5999999999999996
    endloop
  endfacet
  facet normal 0 0 1
    outer loop
      vertex 110.82368135966823 11.064026550785002 1.5999999999999996
      vertex 110.46000000000001 58.795321248268245 1.5999999999999996
      vertex 110.12283957007297 59.02060464509718 1.5999999999999996
    endloop
  endfacet
  facet normal 0 0 1
    outer loop
      vertex 111.2076609601822 11.194370061496123 1.5999999999999996
      vertex 110.82368135966823 58.61597344921502 1.5999999999999996
      vertex 110.46000000000001 58.795321248268245 1.5999999999999996
    endloop
  endfacet
  facet normal 0 0 1
    outer loop
      vertex 111.60536880411784 11.273479070258823 1.5999999999999996
      vertex 111.2076609601822 58.48562993850389 1.5999999999999996
      vertex 110.82368135966823 58.61597344921502 1.5999999999999996
    endloop
  endfacet
  facet normal 0 0 1
    outer loop
      vertex 112.01 11.300000000000011 1.5999999999999996
      vertex 111.60536880411784 58.40652092974119 1.5999999999999996
      vertex 111.2076609601822 58.48562993850389 1.5999999999999996
    endloop
  endfacet
  facet normal 0 0 1
    outer loop
      vertex 112.01 11.300000000000011 1.5999999999999996
      vertex 112.01 58.38000000000001 1.5999999999999996
      vertex 111.60536880411784 58.40652092974119 1.5999999999999996
    endloop
  endfacet
  facet normal 0 0 1
    outer loop
      vertex 112.01 58.38000000000001 1.5999999999999996
      vertex 112.81233903981781 11.194370061496123 1.5999999999999996
      vertex 112.41463119588217 58.40652092974119 1.5999999999999996
    endloop
  endfacet
  facet normal 0 0 1
    outer loop
      vertex 112.41463119588217 58.40652092974119 1.5999999999999996
      vertex 113.19631864033178 11.064026550785002 1.5999999999999996
      vertex 112.81233903981781 58.48562993850389 1.5999999999999996
    endloop
  endfacet
  facet normal 0 0 1
    outer loop
      vertex 112.81233903981781 58.48562993850389 1.5999999999999996
      vertex 113.56 10.88467875173177 1.5999999999999996
      vertex 113.19631864033178 58.61597344921502 1.5999999999999996
    endloop
  endfacet
  facet normal 0 0 1
    outer loop
      vertex 113.19631864033178 58.61597344921502 1.5999999999999996
      vertex 113.89716042992704 10.659395354902841 1.5999999999999996
      vertex 113.56 58.795321248268245 1.5999999999999996
    endloop
  endfacet
  facet normal 0 0 1
    outer loop
      vertex 113.56 58.795321248268245 1.5999999999999996
      vertex 114.20203102167831 10.392031021678307 1.5999999999999996
      vertex 113.89716042992704 59.02060464509718 1.5999999999999996
    endloop
  endfacet
  facet normal 0 0 1
    outer loop
      vertex 113.89716042992704 59.02060464509718 1.5999999999999996
      vertex 114.46939535490283 10.087160429927046 1.5999999999999996
      vertex 114.20203102167831 59.28796897832171 1.5999999999999996
    endloop
  endfacet
  facet normal 0 0 1
    outer loop
      vertex 115.00437006149612 9.002339039817826 1.5999999999999996
      vertex 114.87402655078499 60.29368135966823 1.5999999999999996
      vertex 114.69467875173177 59.93000000000001 1.5999999999999996
    endloop
  endfacet
  facet normal 0 0 1
    outer loop
      vertex 114.20203102167831 59.28796897832171 1.5999999999999996
      vertex 114.69467875173177 9.750000000000007 1.5999999999999996
      vertex 114.46939535490283 59.59283957007297 1.5999999999999996
    endloop
  endfacet
  facet normal 0 0 1
    outer loop
      vertex 114.87402655078499 9.386318640331787 1.5999999999999996
      vertex 114.69467875173177 59.93000000000001 1.5999999999999996
      vertex 114.46939535490283 59.59283957007297 1.5999999999999996
    endloop
  endfacet
  facet normal 0 0 1
    outer loop
      vertex 115.91000000000001 4.399999998807914 1.5999999999999996
      vertex 115.11 61.480000000000004 1.5999999999999996
      vertex 115.08347907025882 61.07536880411784 1.5999999999999996
    endloop
  endfacet
  facet normal 0 0 1
    outer loop
      vertex 115.91000000000001 4.399999998807914 1.5999999999999996
      vertex 115.08347907025882 61.07536880411784 1.5999999999999996
      vertex 115.00437006149612 60.677660960182195 1.5999999999999996
    endloop
  endfacet
  facet normal 0 0 1
    outer loop
      vertex 115.91000000000001 4.399999998807914 1.5999999999999996
      vertex 115.00437006149612 60.677660960182195 1.5999999999999996
      vertex 114.87402655078499 60.29368135966823 1.5999999999999996
    endloop
  endfacet
  facet normal 0 1 0
    outer loop
      vertex 4.800000000596057 4.399999998807914 5.949999999999999
      vertex 115.91000000000001 4.399999998807914 5.949999999999999
      vertex 115.91000000000001 4.399999998807914 1.5999999999999996
    endloop
  endfacet
  facet normal -1 0 0
    outer loop
      vertex 116.3099999985099 65.68 1.5999999999999996
      vertex 116.3099999985099 4.799999997317798 1.5999999999999996
      vertex 116.3099999985099 4.799999997317798 5.949999999999999
    endloop
  endfacet
  facet normal -0.06540305340084453 0.9978589282087154 0
    outer loop
      vertex 115.91000000000001 4.399999998807914 5.949999999999999
      vertex 115.96221047997476 4.403422050476081 5.949999999999999
      vertex 115.96221047997476 4.403422050476081 1.5999999999999996
    endloop
  endfacet
  facet normal -0.19509035688653095 0.9807852734670754 0
    outer loop
      vertex 115.96221047997476 4.403422050476081 5.949999999999999
      vertex 116.01352762043477 4.413629666268832 5.949999999999999
      vertex 116.01352762043477 4.413629666268832 1.5999999999999996
    endloop
  endfacet
  facet normal -0.3214394670661981 0.9469301288966354 0
    outer loop
      vertex 116.01352762043477 4.413629666268832 5.949999999999999
      vertex 116.0630733704567 4.430448182225234 5.949999999999999
      vertex 116.0630733704567 4.430448182225234 1.5999999999999996
    endloop
  endfacet
  facet normal -0.5555703123844806 0.8314695592726234 0
    outer loop
      vertex 116.15350456893445 4.482658662199981 5.949999999999999
      vertex 116.15350456893445 4.482658662199981 1.5999999999999996
      vertex 116.11000000298024 4.4535898345708915 5.949999999999999
    endloop
  endfacet
  facet normal -0.4422886618952023 0.8968727555004397 0
    outer loop
      vertex 116.0630733704567 4.430448182225234 5.949999999999999
      vertex 116.11000000298024 4.4535898345708915 5.949999999999999
      vertex 116.11000000298024 4.4535898345708915 1.5999999999999996
    endloop
  endfacet
  facet normal -0.9978589282087154 0.06540305340084453 0
    outer loop
      vertex 116.3099999985099 4.799999997317798 5.949999999999999
      vertex 116.3099999985099 4.799999997317798 1.5999999999999996
      vertex 116.30657794684173 4.747789517343051 5.949999999999999
    endloop
  endfacet
  facet normal -0.8968727555004397 0.4422886618952023 0
    outer loop
      vertex 116.27955181509257 4.646926626861102 5.949999999999999
      vertex 116.27955181509257 4.646926626861102 1.5999999999999996
      vertex 116.25641016274692 4.599999994337566 5.949999999999999
    endloop
  endfacet
  facet normal -0.9807852734670754 0.19509035688653095 0
    outer loop
      vertex 116.30657794684173 4.747789517343051 5.949999999999999
      vertex 116.30657794684173 4.747789517343051 1.5999999999999996
      vertex 116.29637033104898 4.696472376883037 5.949999999999999
    endloop
  endfacet
  facet normal -0.9469301288966354 0.3214394670661981 0
    outer loop
      vertex 116.27955181509257 4.646926626861102 5.949999999999999
      vertex 116.29637033104898 4.696472376883037 5.949999999999999
      vertex 116.29637033104898 4.696472376883037 1.5999999999999996
    endloop
  endfacet
  facet normal -0.8314695592726234 0.5555703123844806 0
    outer loop
      vertex 116.25641016274692 4.599999994337566 5.949999999999999
      vertex 116.25641016274692 4.599999994337566 1.5999999999999996
      vertex 116.22734133511783 4.556495428383357 5.949999999999999
    endloop
  endfacet
  facet normal -0.7518398060333286 0.6593458167485153 0
    outer loop
      vertex 116.22734133511783 4.556495428383357 5.949999999999999
      vertex 116.22734133511783 4.556495428383357 1.5999999999999996
      vertex 116.19284271061422 4.517157286703593 5.949999999999999
    endloop
  endfacet
  facet normal -0.6593458167485153 0.7518398060333286 0
    outer loop
      vertex 116.15350456893445 4.482658662199981 5.949999999999999
      vertex 116.19284271061422 4.517157286703593 5.949999999999999
      vertex 116.19284271061422 4.517157286703593 1.5999999999999996
    endloop
  endfacet
  facet normal -0.06540305340084453 0.9978589282087154 0
    outer loop
      vertex 115.91000000000001 4.399999998807914 5.949999999999999
      vertex 115.96221047997476 4.403422050476081 1.5999999999999996
      vertex 115.91000000000001 4.399999998807914 1.5999999999999996
    endloop
  endfacet
  facet normal -0.19509035688653095 0.9807852734670754 0
    outer loop
      vertex 115.96221047997476 4.403422050476081 5.949999999999999
      vertex 116.01352762043477 4.413629666268832 1.5999999999999996
      vertex 115.96221047997476 4.403422050476081 1.5999999999999996
    endloop
  endfacet
  facet normal -0.3214394670661981 0.9469301288966354 0
    outer loop
      vertex 116.01352762043477 4.413629666268832 5.949999999999999
      vertex 116.0630733704567 4.430448182225234 1.5999999999999996
      vertex 116.01352762043477 4.413629666268832 1.5999999999999996
    endloop
  endfacet
  facet normal -0.4422886618952023 0.8968727555004397 0
    outer loop
      vertex 116.0630733704567 4.430448182225234 5.949999999999999
      vertex 116.11000000298024 4.4535898345708915 1.5999999999999996
      vertex 116.0630733704567 4.430448182225234 1.5999999999999996
    endloop
  endfacet
  facet normal -0.5555703123844806 0.8314695592726234 0
    outer loop
      vertex 116.11000000298024 4.4535898345708915 5.949999999999999
      vertex 116.15350456893445 4.482658662199981 1.5999999999999996
      vertex 116.11000000298024 4.4535898345708915 1.5999999999999996
    endloop
  endfacet
  facet normal -0.9978589282087154 0.06540305340084453 0
    outer loop
      vertex 116.30657794684173 4.747789517343051 5.949999999999999
      vertex 116.3099999985099 4.799999997317798 1.5999999999999996
      vertex 116.30657794684173 4.747789517343051 1.5999999999999996
    endloop
  endfacet
  facet normal -0.9807852734670754 0.19509035688653095 0
    outer loop
      vertex 116.29637033104898 4.696472376883037 5.949999999999999
      vertex 116.30657794684173 4.747789517343051 1.5999999999999996
      vertex 116.29637033104898 4.696472376883037 1.5999999999999996
    endloop
  endfacet
  facet normal -0.9469301288966354 0.3214394670661981 0
    outer loop
      vertex 116.27955181509257 4.646926626861102 5.949999999999999
      vertex 116.29637033104898 4.696472376883037 1.5999999999999996
      vertex 116.27955181509257 4.646926626861102 1.5999999999999996
    endloop
  endfacet
  facet normal -0.8968727555004397 0.4422886618952023 0
    outer loop
      vertex 116.25641016274692 4.599999994337566 5.949999999999999
      vertex 116.27955181509257 4.646926626861102 1.5999999999999996
      vertex 116.25641016274692 4.599999994337566 1.5999999999999996
    endloop
  endfacet
  facet normal -0.8314695592726234 0.5555703123844806 0
    outer loop
      vertex 116.22734133511783 4.556495428383357 5.949999999999999
      vertex 116.25641016274692 4.599999994337566 1.5999999999999996
      vertex 116.22734133511783 4.556495428383357 1.5999999999999996
    endloop
  endfacet
  facet normal -0.7518398060333286 0.6593458167485153 0
    outer loop
      vertex 116.19284271061422 4.517157286703593 5.949999999999999
      vertex 116.22734133511783 4.556495428383357 1.5999999999999996
      vertex 116.19284271061422 4.517157286703593 1.5999999999999996
    endloop
  endfacet
  facet normal -0.6593458167485153 0.7518398060333286 0
    outer loop
      vertex 116.15350456893445 4.482658662199981 5.949999999999999
      vertex 116.19284271061422 4.517157286703593 1.5999999999999996
      vertex 116.15350456893445 4.482658662199981 1.5999999999999996
    endloop
  endfacet
  facet normal 0 0 1
    outer loop
      vertex 115.91000000000001 4.399999998807914 1.5999999999999996
      vertex 101.52165467625899 4.768345323741016 1.5999999999999996
      vertex 13.03834532374101 4.768345323741016 1.5999999999999996
    endloop
  endfacet
  facet normal 0 0 1
    outer loop
      vertex 101.521654676259 64.911654676259 1.5999999999999996
      vertex 101.52165467625899 4.768345323741016 1.5999999999999996
      vertex 109.14597344921502 9.386318640331787 1.5999999999999996
    endloop
  endfacet
  facet normal 0 0 1
    outer loop
      vertex 109.55060464509718 59.59283957007297 1.5999999999999996
      vertex 109.32532124826824 9.750000000000007 1.5999999999999996
      vertex 109.55060464509718 10.087160429927046 1.5999999999999996
    endloop
  endfacet
  facet normal 0 0 1
    outer loop
      vertex 109.55060464509718 59.59283957007297 1.5999999999999996
      vertex 109.14597344921502 9.386318640331787 1.5999999999999996
      vertex 109.32532124826824 9.750000000000007 1.5999999999999996
    endloop
  endfacet
  facet normal 0 0 1
    outer loop
      vertex 110.12283957007297 10.659395354902841 1.5999999999999996
      vertex 109.55060464509718 59.59283957007297 1.5999999999999996
      vertex 109.8179689783217 10.392031021678307 1.5999999999999996
    endloop
  endfacet
  facet normal 0 0 1
    outer loop
      vertex 109.55060464509718 59.59283957007297 1.5999999999999996
      vertex 109.55060464509718 10.087160429927046 1.5999999999999996
      vertex 109.8179689783217 10.392031021678307 1.5999999999999996
    endloop
  endfacet
  facet normal 0 0 1
    outer loop
      vertex 110.82368135966823 11.064026550785002 1.5999999999999996
      vertex 110.12283957007297 59.02060464509718 1.5999999999999996
      vertex 110.46000000000001 10.88467875173177 1.5999999999999996
    endloop
  endfacet
  facet normal 0 0 1
    outer loop
      vertex 110.46000000000001 10.88467875173177 1.5999999999999996
      vertex 109.8179689783217 59.28796897832171 1.5999999999999996
      vertex 110.12283957007297 10.659395354902841 1.5999999999999996
    endloop
  endfacet
  facet normal 0 0 1
    outer loop
      vertex 111.2076609601822 11.194370061496123 1.5999999999999996
      vertex 110.46000000000001 58.795321248268245 1.5999999999999996
      vertex 110.82368135966823 11.064026550785002 1.5999999999999996
    endloop
  endfacet
  facet normal 0 0 1
    outer loop
      vertex 111.60536880411784 11.273479070258823 1.5999999999999996
      vertex 110.82368135966823 58.61597344921502 1.5999999999999996
      vertex 111.2076609601822 11.194370061496123 1.5999999999999996
    endloop
  endfacet
  facet normal 0 0 1
    outer loop
      vertex 112.01 11.300000000000011 1.5999999999999996
      vertex 111.2076609601822 58.48562993850389 1.5999999999999996
      vertex 111.60536880411784 11.273479070258823 1.5999999999999996
    endloop
  endfacet
  facet normal 0 0 1
    outer loop
      vertex 112.01 58.38000000000001 1.5999999999999996
      vertex 112.01 11.300000000000011 1.5999999999999996
      vertex 112.41463119588217 11.273479070258823 1.5999999999999996
    endloop
  endfacet
  facet normal 0 0 1
    outer loop
      vertex 112.01 58.38000000000001 1.5999999999999996
      vertex 112.41463119588217 11.273479070258823 1.5999999999999996
      vertex 112.81233903981781 11.194370061496123 1.5999999999999996
    endloop
  endfacet
  facet normal 0 0 1
    outer loop
      vertex 112.41463119588217 58.40652092974119 1.5999999999999996
      vertex 112.81233903981781 11.194370061496123 1.5999999999999996
      vertex 113.19631864033178 11.064026550785002 1.5999999999999996
    endloop
  endfacet
  facet normal 0 0 1
    outer loop
      vertex 112.81233903981781 58.48562993850389 1.5999999999999996
      vertex 113.19631864033178 11.064026550785002 1.5999999999999996
      vertex 113.56 10.88467875173177 1.5999999999999996
    endloop
  endfacet
  facet normal 0 0 1
    outer loop
      vertex 113.19631864033178 58.61597344921502 1.5999999999999996
      vertex 113.56 10.88467875173177 1.5999999999999996
      vertex 113.89716042992704 10.659395354902841 1.5999999999999996
    endloop
  endfacet
  facet normal 0 0 1
    outer loop
      vertex 113.56 58.795321248268245 1.5999999999999996
      vertex 113.89716042992704 10.659395354902841 1.5999999999999996
      vertex 114.20203102167831 10.392031021678307 1.5999999999999996
    endloop
  endfacet
  facet normal 0 0 1
    outer loop
      vertex 113.89716042992704 59.02060464509718 1.5999999999999996
      vertex 114.20203102167831 10.392031021678307 1.5999999999999996
      vertex 114.46939535490283 10.087160429927046 1.5999999999999996
    endloop
  endfacet
  facet normal 0 0 1
    outer loop
      vertex 114.20203102167831 59.28796897832171 1.5999999999999996
      vertex 114.46939535490283 10.087160429927046 1.5999999999999996
      vertex 114.69467875173177 9.750000000000007 1.5999999999999996
    endloop
  endfacet
  facet normal 0 0 1
    outer loop
      vertex 114.46939535490283 59.59283957007297 1.5999999999999996
      vertex 114.69467875173177 9.750000000000007 1.5999999999999996
      vertex 114.87402655078499 9.386318640331787 1.5999999999999996
    endloop
  endfacet
  facet normal 0 0 1
    outer loop
      vertex 114.69467875173177 59.93000000000001 1.5999999999999996
      vertex 114.87402655078499 9.386318640331787 1.5999999999999996
      vertex 115.00437006149612 9.002339039817826 1.5999999999999996
    endloop
  endfacet
  facet normal 0 0 1
    outer loop
      vertex 114.87402655078499 60.29368135966823 1.5999999999999996
      vertex 115.00437006149612 9.002339039817826 1.5999999999999996
      vertex 115.08347907025882 8.60463119588217 1.5999999999999996
    endloop
  endfacet
  facet normal 0 0 1
    outer loop
      vertex 114.87402655078499 60.29368135966823 1.5999999999999996
      vertex 115.08347907025882 8.60463119588217 1.5999999999999996
      vertex 115.11 8.20000000000001 1.5999999999999996
    endloop
  endfacet
  facet normal 0 0 1
    outer loop
      vertex 116.0630733704567 66.04955181509257 1.5999999999999996
      vertex 115.91000000000001 4.399999998807914 1.5999999999999996
      vertex 115.96221047997476 4.403422050476081 1.5999999999999996
    endloop
  endfacet
  facet normal 0 0 1
    outer loop
      vertex 116.11000000298024 66.02641016274691 1.5999999999999996
      vertex 115.96221047997476 4.403422050476081 1.5999999999999996
      vertex 116.01352762043477 4.413629666268832 1.5999999999999996
    endloop
  endfacet
  facet normal 0 0 1
    outer loop
      vertex 116.15350456893445 65.99734133511782 1.5999999999999996
      vertex 116.01352762043477 4.413629666268832 1.5999999999999996
      vertex 116.0630733704567 4.430448182225234 1.5999999999999996
    endloop
  endfacet
  facet normal 0 0 1
    outer loop
      vertex 116.19284271061422 65.96284271061421 1.5999999999999996
      vertex 116.0630733704567 4.430448182225234 1.5999999999999996
      vertex 116.11000000298024 4.4535898345708915 1.5999999999999996
    endloop
  endfacet
  facet normal 0 0 1
    outer loop
      vertex 115.91000000000001 4.399999998807914 1.5999999999999996
      vertex 114.87402655078499 60.29368135966823 1.5999999999999996
      vertex 115.11 8.20000000000001 1.5999999999999996
    endloop
  endfacet
  facet normal 0 0 1
    outer loop
      vertex 116.3099999985099 65.68 1.5999999999999996
      vertex 116.29637033104898 4.696472376883037 1.5999999999999996
      vertex 116.3099999985099 4.799999997317798 1.5999999999999996
    endloop
  endfacet
  facet normal 0 0 1
    outer loop
      vertex 116.29637033104898 65.78352762043477 1.5999999999999996
      vertex 116.22734133511783 4.556495428383357 1.5999999999999996
      vertex 116.25641016274692 4.599999994337566 1.5999999999999996
    endloop
  endfacet
  facet normal 0 0 1
    outer loop
      vertex 116.22734133511783 65.92350456893445 1.5999999999999996
      vertex 116.11000000298024 4.4535898345708915 1.5999999999999996
      vertex 116.15350456893445 4.482658662199981 1.5999999999999996
    endloop
  endfacet
  facet normal 0 0 1
    outer loop
      vertex 116.27955181509257 65.8330733704567 1.5999999999999996
      vertex 116.19284271061422 4.517157286703593 1.5999999999999996
      vertex 116.22734133511783 4.556495428383357 1.5999999999999996
    endloop
  endfacet
  facet normal 0 0 1
    outer loop
      vertex 116.25641016274692 65.88000000298024 1.5999999999999996
      vertex 116.15350456893445 4.482658662199981 1.5999999999999996
      vertex 116.19284271061422 4.517157286703593 1.5999999999999996
    endloop
  endfacet
  facet normal 0 0 1
    outer loop
      vertex 116.3099999985099 65.68 1.5999999999999996
      vertex 116.27955181509257 4.646926626861102 1.5999999999999996
      vertex 116.29637033104898 4.696472376883037 1.5999999999999996
    endloop
  endfacet
  facet normal 0 0 1
    outer loop
      vertex 116.30657794684173 65.73221047997475 1.5999999999999996
      vertex 116.25641016274692 4.599999994337566 1.5999999999999996
      vertex 116.27955181509257 4.646926626861102 1.5999999999999996
    endloop
  endfacet
  facet normal 0 0 1
    outer loop
      vertex 109.14597344921502 9.386318640331787 1.5999999999999996
      vertex 101.52165467625899 4.768345323741016 1.5999999999999996
      vertex 109.01562993850389 9.002339039817826 1.5999999999999996
    endloop
  endfacet
  facet normal 0 0 1
    outer loop
      vertex 101.52165467625899 4.768345323741016 1.5999999999999996
      vertex 108.93652092974119 8.60463119588217 1.5999999999999996
      vertex 109.01562993850389 9.002339039817826 1.5999999999999996
    endloop
  endfacet
  facet normal 0 0 1
    outer loop
      vertex 101.52165467625899 4.768345323741016 1.5999999999999996
      vertex 108.91000000000001 8.20000000000001 1.5999999999999996
      vertex 108.93652092974119 8.60463119588217 1.5999999999999996
    endloop
  endfacet
  facet normal 0 0 1
    outer loop
      vertex 108.91000000000001 8.20000000000001 1.5999999999999996
      vertex 101.52165467625899 4.768345323741016 1.5999999999999996
      vertex 108.93652092974119 7.7953688041178495 1.5999999999999996
    endloop
  endfacet
  facet normal 0 0 1
    outer loop
      vertex 108.93652092974119 7.7953688041178495 1.5999999999999996
      vertex 101.52165467625899 4.768345323741016 1.5999999999999996
      vertex 109.01562993850389 7.397660960182193 1.5999999999999996
    endloop
  endfacet
  facet normal 0 0 1
    outer loop
      vertex 109.01562993850389 7.397660960182193 1.5999999999999996
      vertex 101.52165467625899 4.768345323741016 1.5999999999999996
      vertex 109.14597344921502 7.013681359668233 1.5999999999999996
    endloop
  endfacet
  facet normal 0 0 1
    outer loop
      vertex 109.14597344921502 7.013681359668233 1.5999999999999996
      vertex 101.52165467625899 4.768345323741016 1.5999999999999996
      vertex 109.32532124826824 6.650000000000013 1.5999999999999996
    endloop
  endfacet
  facet normal 0 0 1
    outer loop
      vertex 109.32532124826824 6.650000000000013 1.5999999999999996
      vertex 101.52165467625899 4.768345323741016 1.5999999999999996
      vertex 109.55060464509718 6.312839570072974 1.5999999999999996
    endloop
  endfacet
  facet normal 0 0 1
    outer loop
      vertex 109.55060464509718 6.312839570072974 1.5999999999999996
      vertex 101.52165467625899 4.768345323741016 1.5999999999999996
      vertex 109.8179689783217 6.007968978321713 1.5999999999999996
    endloop
  endfacet
  facet normal 0 0 1
    outer loop
      vertex 109.8179689783217 6.007968978321713 1.5999999999999996
      vertex 101.52165467625899 4.768345323741016 1.5999999999999996
      vertex 110.12283957007297 5.740604645097179 1.5999999999999996
    endloop
  endfacet
  facet normal 0 0 1
    outer loop
      vertex 110.12283957007297 5.740604645097179 1.5999999999999996
      vertex 101.52165467625899 4.768345323741016 1.5999999999999996
      vertex 110.46000000000001 5.5153212482682505 1.5999999999999996
    endloop
  endfacet
  facet normal 0 0 1
    outer loop
      vertex 110.46000000000001 5.5153212482682505 1.5999999999999996
      vertex 101.52165467625899 4.768345323741016 1.5999999999999996
      vertex 110.82368135966823 5.335973449215018 1.5999999999999996
    endloop
  endfacet
  facet normal 0 0 1
    outer loop
      vertex 110.82368135966823 5.335973449215018 1.5999999999999996
      vertex 101.52165467625899 4.768345323741016 1.5999999999999996
      vertex 111.2076609601822 5.20562993850389 1.5999999999999996
    endloop
  endfacet
  facet normal 0 0 1
    outer loop
      vertex 101.52165467625899 4.768345323741016 1.5999999999999996
      vertex 111.60536880411784 5.12652092974119 1.5999999999999996
      vertex 111.2076609601822 5.20562993850389 1.5999999999999996
    endloop
  endfacet
  facet normal 0 0 1
    outer loop
      vertex 101.52165467625899 4.768345323741016 1.5999999999999996
      vertex 112.01 5.1000000000000085 1.5999999999999996
      vertex 111.60536880411784 5.12652092974119 1.5999999999999996
    endloop
  endfacet
  facet normal 0 0 1
    outer loop
      vertex 115.91000000000001 4.399999998807914 1.5999999999999996
      vertex 112.01 5.1000000000000085 1.5999999999999996
      vertex 101.52165467625899 4.768345323741016 1.5999999999999996
    endloop
  endfacet
  facet normal 0 0 1
    outer loop
      vertex 115.91000000000001 4.399999998807914 1.5999999999999996
      vertex 115.11 8.20000000000001 1.5999999999999996
      vertex 115.08347907025882 7.7953688041178495 1.5999999999999996
    endloop
  endfacet
  facet normal 0 0 1
    outer loop
      vertex 115.91000000000001 4.399999998807914 1.5999999999999996
      vertex 112.81233903981781 5.20562993850389 1.5999999999999996
      vertex 112.41463119588217 5.12652092974119 1.5999999999999996
    endloop
  endfacet
  facet normal 0 0 1
    outer loop
      vertex 115.91000000000001 4.399999998807914 1.5999999999999996
      vertex 113.19631864033178 5.335973449215018 1.5999999999999996
      vertex 112.81233903981781 5.20562993850389 1.5999999999999996
    endloop
  endfacet
  facet normal 0 0 1
    outer loop
      vertex 115.91000000000001 4.399999998807914 1.5999999999999996
      vertex 113.56 5.5153212482682505 1.5999999999999996
      vertex 113.19631864033178 5.335973449215018 1.5999999999999996
    endloop
  endfacet
  facet normal 0 0 1
    outer loop
      vertex 115.91000000000001 4.399999998807914 1.5999999999999996
      vertex 112.41463119588217 5.12652092974119 1.5999999999999996
      vertex 112.01 5.1000000000000085 1.5999999999999996
    endloop
  endfacet
  facet normal 0 0 1
    outer loop
      vertex 115.91000000000001 4.399999998807914 1.5999999999999996
      vertex 114.87402655078499 7.013681359668233 1.5999999999999996
      vertex 114.69467875173177 6.650000000000013 1.5999999999999996
    endloop
  endfacet
  facet normal 0 0 1
    outer loop
      vertex 115.91000000000001 4.399999998807914 1.5999999999999996
      vertex 114.69467875173177 6.650000000000013 1.5999999999999996
      vertex 114.46939535490283 6.312839570072974 1.5999999999999996
    endloop
  endfacet
  facet normal 0 0 1
    outer loop
      vertex 115.91000000000001 4.399999998807914 1.5999999999999996
      vertex 114.46939535490283 6.312839570072974 1.5999999999999996
      vertex 114.20203102167831 6.007968978321713 1.5999999999999996
    endloop
  endfacet
  facet normal 0 0 1
    outer loop
      vertex 115.91000000000001 4.399999998807914 1.5999999999999996
      vertex 115.08347907025882 7.7953688041178495 1.5999999999999996
      vertex 115.00437006149612 7.397660960182193 1.5999999999999996
    endloop
  endfacet
  facet normal 0 0 1
    outer loop
      vertex 115.91000000000001 4.399999998807914 1.5999999999999996
      vertex 115.00437006149612 7.397660960182193 1.5999999999999996
      vertex 114.87402655078499 7.013681359668233 1.5999999999999996
    endloop
  endfacet
  facet normal 0 0 1
    outer loop
      vertex 115.91000000000001 4.399999998807914 1.5999999999999996
      vertex 113.89716042992704 5.740604645097179 1.5999999999999996
      vertex 113.56 5.5153212482682505 1.5999999999999996
    endloop
  endfacet
  facet normal 0 0 1
    outer loop
      vertex 115.91000000000001 4.399999998807914 1.5999999999999996
      vertex 114.20203102167831 6.007968978321713 1.5999999999999996
      vertex 113.89716042992704 5.740604645097179 1.5999999999999996
    endloop
  endfacet
  facet normal 0 0 1
    outer loop
      vertex 116.3099999985099 4.799999997317798 1.5999999999999996
      vertex 116.29637033104898 4.696472376883037 1.5999999999999996
      vertex 116.30657794684173 4.747789517343051 1.5999999999999996
    endloop
  endfacet
  facet normal 0 0 1
    outer loop
      vertex 110.86194970290474 64.25163859753387 5.949999999999999
      vertex 112.78645713530757 64.37777747886722 5.949999999999999
      vertex 111.23354286469244 64.37777747886722 5.949999999999999
    endloop
  endfacet
  facet normal 0 0 1
    outer loop
      vertex 111.23354286469244 64.37777747886722 5.949999999999999
      vertex 112.40157857666016 64.45433458412144 5.949999999999999
      vertex 111.61842142333985 64.45433458412144 5.949999999999999
    endloop
  endfacet
  facet normal 0 0 1
    outer loop
      vertex 111.61842142333985 64.45433458412144 5.949999999999999
      vertex 112.40157857666016 64.45433458412144 5.949999999999999
      vertex 112.01 64.48 5.949999999999999
    endloop
  endfacet
  facet normal 0 0 1
    outer loop
      vertex 111.23354286469244 64.37777747886722 5.949999999999999
      vertex 112.78645713530757 64.37777747886722 5.949999999999999
      vertex 112.40157857666016 64.45433458412144 5.949999999999999
    endloop
  endfacet
  facet normal 0 0 1
    outer loop
      vertex 110.86194970290474 64.25163859753387 5.949999999999999
      vertex 113.15805029709527 64.25163859753387 5.949999999999999
      vertex 112.78645713530757 64.37777747886722 5.949999999999999
    endloop
  endfacet
  facet normal 0 0 1
    outer loop
      vertex 110.51 64.07807621135332 5.949999999999999
      vertex 110.18371571297385 63.86006002087371 5.949999999999999
      vertex 113.51 64.07807621135332 5.949999999999999
    endloop
  endfacet
  facet normal 0 0 1
    outer loop
      vertex 110.18371571297385 63.86006002087371 5.949999999999999
      vertex 109.88867965644036 63.60132034355965 5.949999999999999
      vertex 113.83628428702616 63.86006002087371 5.949999999999999
    endloop
  endfacet
  facet normal 0 0 1
    outer loop
      vertex 109.6299399791263 63.306284287026166 5.949999999999999
      vertex 111.57000762332572 63.12207390469142 5.949999999999999
      vertex 111.78810547322591 63.16545626433548 5.949999999999999
    endloop
  endfacet
  facet normal 0 0 1
    outer loop
      vertex 109.88867965644036 63.60132034355965 5.949999999999999
      vertex 109.6299399791263 63.306284287026166 5.949999999999999
      vertex 114.13132034355965 63.60132034355965 5.949999999999999
    endloop
  endfacet
  facet normal 0 0 1
    outer loop
      vertex 109.6299399791263 63.306284287026166 5.949999999999999
      vertex 111.78810547322591 63.16545626433548 5.949999999999999
      vertex 112.01 63.18000000000001 5.949999999999999
    endloop
  endfacet
  facet normal 0 0 1
    outer loop
      vertex 110.51 64.07807621135332 5.949999999999999
      vertex 113.15805029709527 64.25163859753387 5.949999999999999
      vertex 110.86194970290474 64.25163859753387 5.949999999999999
    endloop
  endfacet
  facet normal 0 0 1
    outer loop
      vertex 110.51 64.07807621135332 5.949999999999999
      vertex 113.51 64.07807621135332 5.949999999999999
      vertex 113.15805029709527 64.25163859753387 5.949999999999999
    endloop
  endfacet
  facet normal 0 0 1
    outer loop
      vertex 109.6299399791263 63.306284287026166 5.949999999999999
      vertex 112.01 63.18000000000001 5.949999999999999
      vertex 114.3900600208737 63.306284287026166 5.949999999999999
    endloop
  endfacet
  facet normal 0 0 1
    outer loop
      vertex 109.1122225211328 62.25645713530757 5.949999999999999
      vertex 109.03566541587857 61.87157857666016 5.949999999999999
      vertex 110.43940479473082 62.13056183502066 5.949999999999999
    endloop
  endfacet
  facet normal 0 0 1
    outer loop
      vertex 109.41192378864669 62.980000000000004 5.949999999999999
      vertex 109.23836140246614 62.62805029709528 5.949999999999999
      vertex 110.97510557068517 62.82870067849511 5.949999999999999
    endloop
  endfacet
  facet normal 0 0 1
    outer loop
      vertex 109.6299399791263 63.306284287026166 5.949999999999999
      vertex 109.41192378864669 62.980000000000004 5.949999999999999
      vertex 111.57000762332572 63.12207390469142 5.949999999999999
    endloop
  endfacet
  facet normal 0 0 1
    outer loop
      vertex 109.41192378864669 62.980000000000004 5.949999999999999
      vertex 110.97510557068517 62.82870067849511 5.949999999999999
      vertex 111.16000000000001 62.95224318643355 5.949999999999999
    endloop
  endfacet
  facet normal 0 0 1
    outer loop
      vertex 109.23836140246614 62.62805029709528 5.949999999999999
      vertex 110.66129932150491 62.51489442931483 5.949999999999999
      vertex 110.80791847198287 62.682081528017136 5.949999999999999
    endloop
  endfacet
  facet normal 0 0 1
    outer loop
      vertex 109.23836140246614 62.62805029709528 5.949999999999999
      vertex 110.80791847198287 62.682081528017136 5.949999999999999
      vertex 110.97510557068517 62.82870067849511 5.949999999999999
    endloop
  endfacet
  facet normal 0 0 1
    outer loop
      vertex 109.23836140246614 62.62805029709528 5.949999999999999
      vertex 109.1122225211328 62.25645713530757 5.949999999999999
      vertex 110.66129932150491 62.51489442931483 5.949999999999999
    endloop
  endfacet
  facet normal 0 0 1
    outer loop
      vertex 109.1122225211328 62.25645713530757 5.949999999999999
      vertex 110.43940479473082 62.13056183502066 5.949999999999999
      vertex 110.53775681356646 62.330000000000005 5.949999999999999
    endloop
  endfacet
  facet normal 0 0 1
    outer loop
      vertex 109.1122225211328 62.25645713530757 5.949999999999999
      vertex 110.53775681356646 62.330000000000005 5.949999999999999
      vertex 110.66129932150491 62.51489442931483 5.949999999999999
    endloop
  endfacet
  facet normal 0 0 1
    outer loop
      vertex 109.03566541587857 61.87157857666016 5.949999999999999
      vertex 109.01 61.480000000000004 5.949999999999999
      vertex 110.32454373566453 61.7018945267741 5.949999999999999
    endloop
  endfacet
  facet normal 0 0 1
    outer loop
      vertex 109.01 61.480000000000004 5.949999999999999
      vertex 109.03566541587857 61.08842142333985 5.949999999999999
      vertex 110.31 61.480000000000004 5.949999999999999
    endloop
  endfacet
  facet normal 0 0 1
    outer loop
      vertex 109.03566541587857 61.08842142333985 5.949999999999999
      vertex 109.1122225211328 60.703542864692444 5.949999999999999
      vertex 110.32454373566453 61.25810547322592 5.949999999999999
    endloop
  endfacet
  facet normal 0 0 1
    outer loop
      vertex 109.03566541587857 61.87157857666016 5.949999999999999
      vertex 110.36792609530859 61.919992376674294 5.949999999999999
      vertex 110.43940479473082 62.13056183502066 5.949999999999999
    endloop
  endfacet
  facet normal 0 0 1
    outer loop
      vertex 109.03566541587857 61.87157857666016 5.949999999999999
      vertex 110.32454373566453 61.7018945267741 5.949999999999999
      vertex 110.36792609530859 61.919992376674294 5.949999999999999
    endloop
  endfacet
  facet normal 0 0 1
    outer loop
      vertex 109.01 61.480000000000004 5.949999999999999
      vertex 110.31 61.480000000000004 5.949999999999999
      vertex 110.32454373566453 61.7018945267741 5.949999999999999
    endloop
  endfacet
  facet normal 0 0 1
    outer loop
      vertex 109.03566541587857 61.08842142333985 5.949999999999999
      vertex 110.32454373566453 61.25810547322592 5.949999999999999
      vertex 110.31 61.480000000000004 5.949999999999999
    endloop
  endfacet
  facet normal 0 0 1
    outer loop
      vertex 109.1122225211328 60.703542864692444 5.949999999999999
      vertex 110.36792609530859 61.04000762332572 5.949999999999999
      vertex 110.32454373566453 61.25810547322592 5.949999999999999
    endloop
  endfacet
  facet normal 0 0 1
    outer loop
      vertex 109.41192378864669 62.980000000000004 5.949999999999999
      vertex 111.16000000000001 62.95224318643355 5.949999999999999
      vertex 111.35943816497935 63.0505952052692 5.949999999999999
    endloop
  endfacet
  facet normal 0 0 1
    outer loop
      vertex 109.41192378864669 62.980000000000004 5.949999999999999
      vertex 111.35943816497935 63.0505952052692 5.949999999999999
      vertex 111.57000762332572 63.12207390469142 5.949999999999999
    endloop
  endfacet
  facet normal 0 0 1
    outer loop
      vertex 110.18371571297385 63.86006002087371 5.949999999999999
      vertex 113.83628428702616 63.86006002087371 5.949999999999999
      vertex 113.51 64.07807621135332 5.949999999999999
    endloop
  endfacet
  facet normal 0 0 1
    outer loop
      vertex 109.88867965644036 63.60132034355965 5.949999999999999
      vertex 114.13132034355965 63.60132034355965 5.949999999999999
      vertex 113.83628428702616 63.86006002087371 5.949999999999999
    endloop
  endfacet
  facet normal 0 0 1
    outer loop
      vertex 109.6299399791263 63.306284287026166 5.949999999999999
      vertex 114.3900600208737 63.306284287026166 5.949999999999999
      vertex 114.13132034355965 63.60132034355965 5.949999999999999
    endloop
  endfacet
  facet normal 0 0 1
    outer loop
      vertex 114.3900600208737 63.306284287026166 5.949999999999999
      vertex 112.01 63.18000000000001 5.949999999999999
      vertex 112.2318945267741 63.16545626433548 5.949999999999999
    endloop
  endfacet
  facet normal 0 0 1
    outer loop
      vertex 114.3900600208737 63.306284287026166 5.949999999999999
      vertex 112.2318945267741 63.16545626433548 5.949999999999999
      vertex 112.44999237667429 63.12207390469142 5.949999999999999
    endloop
  endfacet
  facet normal 0 0 1
    outer loop
      vertex 114.3900600208737 63.306284287026166 5.949999999999999
      vertex 112.44999237667429 63.12207390469142 5.949999999999999
      vertex 112.66056183502066 63.0505952052692 5.949999999999999
    endloop
  endfacet
  facet normal 0 0 1
    outer loop
      vertex 114.3900600208737 63.306284287026166 5.949999999999999
      vertex 112.66056183502066 63.0505952052692 5.949999999999999
      vertex 112.86 62.95224318643355 5.949999999999999
    endloop
  endfacet
  facet normal 0 0 1
    outer loop
      vertex 114.60807621135332 62.980000000000004 5.949999999999999
      vertex 112.86 62.95224318643355 5.949999999999999
      vertex 113.04489442931484 62.82870067849511 5.949999999999999
    endloop
  endfacet
  facet normal 0 0 1
    outer loop
      vertex 114.60807621135332 62.980000000000004 5.949999999999999
      vertex 113.04489442931484 62.82870067849511 5.949999999999999
      vertex 113.21208152801714 62.682081528017136 5.949999999999999
    endloop
  endfacet
  facet normal 0 0 1
    outer loop
      vertex 114.60807621135332 62.980000000000004 5.949999999999999
      vertex 113.21208152801714 62.682081528017136 5.949999999999999
      vertex 113.35870067849511 62.51489442931483 5.949999999999999
    endloop
  endfacet
  facet normal 0 0 1
    outer loop
      vertex 114.3900600208737 63.306284287026166 5.949999999999999
      vertex 112.86 62.95224318643355 5.949999999999999
      vertex 114.60807621135332 62.980000000000004 5.949999999999999
    endloop
  endfacet
  facet normal 0 0 1
    outer loop
      vertex 114.60807621135332 62.980000000000004 5.949999999999999
      vertex 113.35870067849511 62.51489442931483 5.949999999999999
      vertex 114.78163859753387 62.62805029709528 5.949999999999999
    endloop
  endfacet
  facet normal 0 0 1
    outer loop
      vertex 114.78163859753387 62.62805029709528 5.949999999999999
      vertex 113.35870067849511 62.51489442931483 5.949999999999999
      vertex 113.48224318643355 62.330000000000005 5.949999999999999
    endloop
  endfacet
  facet normal 0 0 1
    outer loop
      vertex 114.78163859753387 62.62805029709528 5.949999999999999
      vertex 113.48224318643355 62.330000000000005 5.949999999999999
      vertex 113.58059520526919 62.13056183502066 5.949999999999999
    endloop
  endfacet
  facet normal 0 0 1
    outer loop
      vertex 114.90777747886722 62.25645713530757 5.949999999999999
      vertex 113.58059520526919 62.13056183502066 5.949999999999999
      vertex 113.65207390469142 61.919992376674294 5.949999999999999
    endloop
  endfacet
  facet normal 0 0 1
    outer loop
      vertex 114.90777747886722 62.25645713530757 5.949999999999999
      vertex 113.65207390469142 61.919992376674294 5.949999999999999
      vertex 113.69545626433548 61.7018945267741 5.949999999999999
    endloop
  endfacet
  facet normal 0 0 1
    outer loop
      vertex 114.98433458412144 61.87157857666016 5.949999999999999
      vertex 113.69545626433548 61.7018945267741 5.949999999999999
      vertex 113.71000000000001 61.480000000000004 5.949999999999999
    endloop
  endfacet
  facet normal 0 0 1
    outer loop
      vertex 115.01 61.480000000000004 5.949999999999999
      vertex 113.71000000000001 61.480000000000004 5.949999999999999
      vertex 113.69545626433548 61.25810547322592 5.949999999999999
    endloop
  endfacet
  facet normal 0 0 1
    outer loop
      vertex 114.98433458412144 61.08842142333985 5.949999999999999
      vertex 113.69545626433548 61.25810547322592 5.949999999999999
      vertex 113.65207390469142 61.04000762332572 5.949999999999999
    endloop
  endfacet
  facet normal 0 0 1
    outer loop
      vertex 114.98433458412144 61.08842142333985 5.949999999999999
      vertex 113.65207390469142 61.04000762332572 5.949999999999999
      vertex 113.58059520526919 60.82943816497935 5.949999999999999
    endloop
  endfacet
  facet normal 0 0 1
    outer loop
      vertex 114.78163859753387 62.62805029709528 5.949999999999999
      vertex 113.58059520526919 62.13056183502066 5.949999999999999
      vertex 114.90777747886722 62.25645713530757 5.949999999999999
    endloop
  endfacet
  facet normal 0 0 1
    outer loop
      vertex 114.90777747886722 62.25645713530757 5.949999999999999
      vertex 113.69545626433548 61.7018945267741 5.949999999999999
      vertex 114.98433458412144 61.87157857666016 5.949999999999999
    endloop
  endfacet
  facet normal 0 0 1
    outer loop
      vertex 114.98433458412144 61.87157857666016 5.949999999999999
      vertex 113.71000000000001 61.480000000000004 5.949999999999999
      vertex 115.01 61.480000000000004 5.949999999999999
    endloop
  endfacet
  facet normal 0 0 1
    outer loop
      vertex 115.01 61.480000000000004 5.949999999999999
      vertex 113.69545626433548 61.25810547322592 5.949999999999999
      vertex 114.98433458412144 61.08842142333985 5.949999999999999
    endloop
  endfacet
  facet normal -0.8314696123025382 0.5555702330196125 0
    outer loop
      vertex 109.6299399791263 63.306284287026166 5.949999999999999
      vertex 109.6299399791263 63.306284287026166 3.2
      vertex 109.41192378864669 62.980000000000004 5.949999999999999
    endloop
  endfacet
  facet normal -0.5555702330196085 0.8314696123025411 -4.967695503246519e-18
    outer loop
      vertex 110.51 64.07807621135332 5.949999999999999
      vertex 110.18371571297385 63.86006002087371 3.2
      vertex 110.18371571297385 63.86006002087371 5.949999999999999
    endloop
  endfacet
  facet normal -0.6593458151000539 0.7518398074789904 6.01163951071319e-18
    outer loop
      vertex 110.18371571297385 63.86006002087371 5.949999999999999
      vertex 109.88867965644036 63.60132034355965 3.2
      vertex 109.88867965644036 63.60132034355965 5.949999999999999
    endloop
  endfacet
  facet normal -0.7518398074789916 0.6593458151000527 -8.449498906017982e-19
    outer loop
      vertex 109.88867965644036 63.60132034355965 5.949999999999999
      vertex 109.6299399791263 63.306284287026166 3.2
      vertex 109.6299399791263 63.306284287026166 5.949999999999999
    endloop
  endfacet
  facet normal -0.3214394653031718 0.9469301294951021 0
    outer loop
      vertex 110.86194970290474 64.25163859753387 5.949999999999999
      vertex 111.23354286469244 64.37777747886722 5.949999999999999
      vertex 110.86194970290474 64.25163859753387 3.2
    endloop
  endfacet
  facet normal -0.19509032201611934 0.9807852804032322 0
    outer loop
      vertex 111.23354286469244 64.37777747886722 5.949999999999999
      vertex 111.61842142333985 64.45433458412144 5.949999999999999
      vertex 111.23354286469244 64.37777747886722 3.2
    endloop
  endfacet
  facet normal -0.06540312923013057 0.9978589232386043 0
    outer loop
      vertex 111.61842142333985 64.45433458412144 5.949999999999999
      vertex 112.01 64.48 5.949999999999999
      vertex 111.61842142333985 64.45433458412144 3.2
    endloop
  endfacet
  facet normal 0.06540312923013057 0.9978589232386043 0
    outer loop
      vertex 112.01 64.48 5.949999999999999
      vertex 112.40157857666016 64.45433458412144 5.949999999999999
      vertex 112.01 64.48 3.2
    endloop
  endfacet
  facet normal -0.44228869021900924 0.8968727415326845 0
    outer loop
      vertex 110.51 64.07807621135332 5.949999999999999
      vertex 110.86194970290474 64.25163859753387 5.949999999999999
      vertex 110.51 64.07807621135332 3.2
    endloop
  endfacet
  facet normal -0.8968727415326807 0.44228869021901634 2.083898295305862e-18
    outer loop
      vertex 109.41192378864669 62.980000000000004 5.949999999999999
      vertex 109.23836140246614 62.62805029709528 3.2
      vertex 109.23836140246614 62.62805029709528 5.949999999999999
    endloop
  endfacet
  facet normal -0.9469301294951041 0.3214394653031663 -1.7128898377571048e-18
    outer loop
      vertex 109.23836140246614 62.62805029709528 5.949999999999999
      vertex 109.1122225211328 62.25645713530757 3.2
      vertex 109.1122225211328 62.25645713530757 5.949999999999999
    endloop
  endfacet
  facet normal -0.9807852804032314 0.19509032201612278 -2.0805207792009491e-19
    outer loop
      vertex 109.1122225211328 62.25645713530757 5.949999999999999
      vertex 109.03566541587857 61.87157857666016 3.2
      vertex 109.03566541587857 61.87157857666016 5.949999999999999
    endloop
  endfacet
  facet normal -0.9978589232386045 0.06540312923012939 -1.4147715216636242e-19
    outer loop
      vertex 109.03566541587857 61.87157857666016 5.949999999999999
      vertex 109.01 61.480000000000004 3.2
      vertex 109.01 61.480000000000004 5.949999999999999
    endloop
  endfacet
  facet normal -0.9978589232386043 -0.06540312923013057 3.432867437664219e-19
    outer loop
      vertex 109.01 61.480000000000004 5.949999999999999
      vertex 109.03566541587857 61.08842142333985 3.2
      vertex 109.03566541587857 61.08842142333985 5.949999999999999
    endloop
  endfacet
  facet normal 0.19509032201611934 0.9807852804032322 0
    outer loop
      vertex 112.40157857666016 64.45433458412144 5.949999999999999
      vertex 112.78645713530757 64.37777747886722 5.949999999999999
      vertex 112.40157857666016 64.45433458412144 3.2
    endloop
  endfacet
  facet normal 0.3214394653031718 0.9469301294951021 0
    outer loop
      vertex 112.78645713530757 64.37777747886722 5.949999999999999
      vertex 113.15805029709527 64.25163859753387 5.949999999999999
      vertex 112.78645713530757 64.37777747886722 3.2
    endloop
  endfacet
  facet normal 0.44228869021900924 0.8968727415326845 0
    outer loop
      vertex 113.15805029709527 64.25163859753387 5.949999999999999
      vertex 113.51 64.07807621135332 5.949999999999999
      vertex 113.15805029709527 64.25163859753387 3.2
    endloop
  endfacet
  facet normal 0.5555702330196085 0.8314696123025411 0
    outer loop
      vertex 113.51 64.07807621135332 5.949999999999999
      vertex 113.83628428702616 63.86006002087371 5.949999999999999
      vertex 113.51 64.07807621135332 3.2
    endloop
  endfacet
  facet normal 0.6593458151000539 0.7518398074789904 0
    outer loop
      vertex 113.83628428702616 63.86006002087371 5.949999999999999
      vertex 114.13132034355965 63.60132034355965 5.949999999999999
      vertex 113.83628428702616 63.86006002087371 3.2
    endloop
  endfacet
  facet normal 0.7518398074789916 0.6593458151000527 0
    outer loop
      vertex 114.13132034355965 63.60132034355965 5.949999999999999
      vertex 114.3900600208737 63.306284287026166 5.949999999999999
      vertex 114.13132034355965 63.60132034355965 3.2
    endloop
  endfacet
  facet normal 0.8314696123025382 0.5555702330196125 0
    outer loop
      vertex 114.3900600208737 63.306284287026166 5.949999999999999
      vertex 114.60807621135332 62.980000000000004 5.949999999999999
      vertex 114.3900600208737 63.306284287026166 3.2
    endloop
  endfacet
  facet normal 0.8968727415326807 0.44228869021901634 0
    outer loop
      vertex 114.60807621135332 62.980000000000004 5.949999999999999
      vertex 114.78163859753387 62.62805029709528 5.949999999999999
      vertex 114.60807621135332 62.980000000000004 3.2
    endloop
  endfacet
  facet normal 0.9469301294951041 0.3214394653031663 0
    outer loop
      vertex 114.78163859753387 62.62805029709528 5.949999999999999
      vertex 114.90777747886722 62.25645713530757 5.949999999999999
      vertex 114.78163859753387 62.62805029709528 3.2
    endloop
  endfacet
  facet normal 0.9807852804032314 0.19509032201612278 0
    outer loop
      vertex 114.90777747886722 62.25645713530757 5.949999999999999
      vertex 114.98433458412144 61.87157857666016 5.949999999999999
      vertex 114.90777747886722 62.25645713530757 3.2
    endloop
  endfacet
  facet normal 0.9978589232386045 0.06540312923012939 0
    outer loop
      vertex 114.98433458412144 61.87157857666016 5.949999999999999
      vertex 115.01 61.480000000000004 5.949999999999999
      vertex 114.98433458412144 61.87157857666016 3.2
    endloop
  endfacet
  facet normal 0.9978589232386043 -0.06540312923013057 0
    outer loop
      vertex 115.01 61.480000000000004 5.949999999999999
      vertex 114.98433458412144 61.08842142333985 5.949999999999999
      vertex 115.01 61.480000000000004 3.2
    endloop
  endfacet
  facet normal 0 0 1
    outer loop
      vertex 109.1122225211328 60.703542864692444 5.949999999999999
      vertex 109.23836140246614 60.33194970290474 5.949999999999999
      vertex 110.43940479473082 60.82943816497935 5.949999999999999
    endloop
  endfacet
  facet normal 0 0 1
    outer loop
      vertex 109.1122225211328 60.703542864692444 5.949999999999999
      vertex 110.43940479473082 60.82943816497935 5.949999999999999
      vertex 110.36792609530859 61.04000762332572 5.949999999999999
    endloop
  endfacet
  facet normal 0 0 1
    outer loop
      vertex 109.23836140246614 60.33194970290474 5.949999999999999
      vertex 110.53775681356646 60.63000000000001 5.949999999999999
      vertex 110.43940479473082 60.82943816497935 5.949999999999999
    endloop
  endfacet
  facet normal 0 0 1
    outer loop
      vertex 109.23836140246614 60.33194970290474 5.949999999999999
      vertex 110.66129932150491 60.445105570685186 5.949999999999999
      vertex 110.53775681356646 60.63000000000001 5.949999999999999
    endloop
  endfacet
  facet normal 0 0 1
    outer loop
      vertex 109.23836140246614 60.33194970290474 5.949999999999999
      vertex 109.41192378864669 59.980000000000004 5.949999999999999
      vertex 110.66129932150491 60.445105570685186 5.949999999999999
    endloop
  endfacet
  facet normal 0 0 1
    outer loop
      vertex 109.41192378864669 59.980000000000004 5.949999999999999
      vertex 110.80791847198287 60.27791847198287 5.949999999999999
      vertex 110.66129932150491 60.445105570685186 5.949999999999999
    endloop
  endfacet
  facet normal 0 0 1
    outer loop
      vertex 109.41192378864669 59.980000000000004 5.949999999999999
      vertex 110.97510557068517 60.131299321504905 5.949999999999999
      vertex 110.80791847198287 60.27791847198287 5.949999999999999
    endloop
  endfacet
  facet normal 0 0 1
    outer loop
      vertex 109.41192378864669 59.980000000000004 5.949999999999999
      vertex 111.16000000000001 60.00775681356646 5.949999999999999
      vertex 110.97510557068517 60.131299321504905 5.949999999999999
    endloop
  endfacet
  facet normal 0 0 1
    outer loop
      vertex 109.41192378864669 59.980000000000004 5.949999999999999
      vertex 109.6299399791263 59.65371571297385 5.949999999999999
      vertex 111.16000000000001 60.00775681356646 5.949999999999999
    endloop
  endfacet
  facet normal 0 0 1
    outer loop
      vertex 109.6299399791263 59.65371571297385 5.949999999999999
      vertex 111.35943816497935 59.90940479473082 5.949999999999999
      vertex 111.16000000000001 60.00775681356646 5.949999999999999
    endloop
  endfacet
  facet normal 0 0 1
    outer loop
      vertex 109.6299399791263 59.65371571297385 5.949999999999999
      vertex 111.57000762332572 59.83792609530859 5.949999999999999
      vertex 111.35943816497935 59.90940479473082 5.949999999999999
    endloop
  endfacet
  facet normal 0 0 1
    outer loop
      vertex 109.6299399791263 59.65371571297385 5.949999999999999
      vertex 111.78810547322591 59.79454373566453 5.949999999999999
      vertex 111.57000762332572 59.83792609530859 5.949999999999999
    endloop
  endfacet
  facet normal 0 0 1
    outer loop
      vertex 109.6299399791263 59.65371571297385 5.949999999999999
      vertex 112.01 59.78000000000001 5.949999999999999
      vertex 111.78810547322591 59.79454373566453 5.949999999999999
    endloop
  endfacet
  facet normal 0 0 1
    outer loop
      vertex 109.6299399791263 59.65371571297385 5.949999999999999
      vertex 109.88867965644036 59.358679656440366 5.949999999999999
      vertex 114.3900600208737 59.65371571297385 5.949999999999999
    endloop
  endfacet
  facet normal 0 0 1
    outer loop
      vertex 109.88867965644036 59.358679656440366 5.949999999999999
      vertex 110.18371571297385 59.099939979126304 5.949999999999999
      vertex 114.13132034355965 59.358679656440366 5.949999999999999
    endloop
  endfacet
  facet normal 0 0 1
    outer loop
      vertex 109.6299399791263 59.65371571297385 5.949999999999999
      vertex 114.3900600208737 59.65371571297385 5.949999999999999
      vertex 112.01 59.78000000000001 5.949999999999999
    endloop
  endfacet
  facet normal 0 0 1
    outer loop
      vertex 110.18371571297385 59.099939979126304 5.949999999999999
      vertex 110.51 58.88192378864669 5.949999999999999
      vertex 113.83628428702616 59.099939979126304 5.949999999999999
    endloop
  endfacet
  facet normal 0 0 1
    outer loop
      vertex 110.51 58.88192378864669 5.949999999999999
      vertex 110.86194970290474 58.708361402466146 5.949999999999999
      vertex 113.51 58.88192378864669 5.949999999999999
    endloop
  endfacet
  facet normal 0 0 1
    outer loop
      vertex 110.86194970290474 58.708361402466146 5.949999999999999
      vertex 111.23354286469244 58.582222521132806 5.949999999999999
      vertex 113.15805029709527 58.708361402466146 5.949999999999999
    endloop
  endfacet
  facet normal 0 0 1
    outer loop
      vertex 111.23354286469244 58.582222521132806 5.949999999999999
      vertex 111.61842142333985 58.505665415878575 5.949999999999999
      vertex 112.78645713530757 58.582222521132806 5.949999999999999
    endloop
  endfacet
  facet normal 0 0 1
    outer loop
      vertex 111.61842142333985 58.505665415878575 5.949999999999999
      vertex 112.40157857666016 58.505665415878575 5.949999999999999
      vertex 112.78645713530757 58.582222521132806 5.949999999999999
    endloop
  endfacet
  facet normal 0 0 1
    outer loop
      vertex 111.23354286469244 58.582222521132806 5.949999999999999
      vertex 112.78645713530757 58.582222521132806 5.949999999999999
      vertex 113.15805029709527 58.708361402466146 5.949999999999999
    endloop
  endfacet
  facet normal 0 0 1
    outer loop
      vertex 111.61842142333985 58.505665415878575 5.949999999999999
      vertex 112.01 58.480000000000004 5.949999999999999
      vertex 112.40157857666016 58.505665415878575 5.949999999999999
    endloop
  endfacet
  facet normal 0 0 1
    outer loop
      vertex 114.60807621135332 59.980000000000004 5.949999999999999
      vertex 112.66056183502066 59.90940479473082 5.949999999999999
      vertex 112.44999237667429 59.83792609530859 5.949999999999999
    endloop
  endfacet
  facet normal 0 0 1
    outer loop
      vertex 114.90777747886722 60.703542864692444 5.949999999999999
      vertex 113.58059520526919 60.82943816497935 5.949999999999999
      vertex 113.48224318643355 60.63000000000001 5.949999999999999
    endloop
  endfacet
  facet normal 0 0 1
    outer loop
      vertex 114.90777747886722 60.703542864692444 5.949999999999999
      vertex 113.48224318643355 60.63000000000001 5.949999999999999
      vertex 113.35870067849511 60.445105570685186 5.949999999999999
    endloop
  endfacet
  facet normal 0 0 1
    outer loop
      vertex 114.78163859753387 60.33194970290474 5.949999999999999
      vertex 113.35870067849511 60.445105570685186 5.949999999999999
      vertex 113.21208152801714 60.27791847198287 5.949999999999999
    endloop
  endfacet
  facet normal 0 0 1
    outer loop
      vertex 114.78163859753387 60.33194970290474 5.949999999999999
      vertex 113.21208152801714 60.27791847198287 5.949999999999999
      vertex 113.04489442931484 60.131299321504905 5.949999999999999
    endloop
  endfacet
  facet normal 0 0 1
    outer loop
      vertex 114.60807621135332 59.980000000000004 5.949999999999999
      vertex 113.04489442931484 60.131299321504905 5.949999999999999
      vertex 112.86 60.00775681356646 5.949999999999999
    endloop
  endfacet
  facet normal 0 0 1
    outer loop
      vertex 114.60807621135332 59.980000000000004 5.949999999999999
      vertex 112.86 60.00775681356646 5.949999999999999
      vertex 112.66056183502066 59.90940479473082 5.949999999999999
    endloop
  endfacet
  facet normal 0 0 1
    outer loop
      vertex 114.60807621135332 59.980000000000004 5.949999999999999
      vertex 114.78163859753387 60.33194970290474 5.949999999999999
      vertex 113.04489442931484 60.131299321504905 5.949999999999999
    endloop
  endfacet
  facet normal 0 0 1
    outer loop
      vertex 114.3900600208737 59.65371571297385 5.949999999999999
      vertex 112.2318945267741 59.79454373566453 5.949999999999999
      vertex 112.01 59.78000000000001 5.949999999999999
    endloop
  endfacet
  facet normal 0 0 1
    outer loop
      vertex 109.88867965644036 59.358679656440366 5.949999999999999
      vertex 114.13132034355965 59.358679656440366 5.949999999999999
      vertex 114.3900600208737 59.65371571297385 5.949999999999999
    endloop
  endfacet
  facet normal 0 0 1
    outer loop
      vertex 114.3900600208737 59.65371571297385 5.949999999999999
      vertex 112.44999237667429 59.83792609530859 5.949999999999999
      vertex 112.2318945267741 59.79454373566453 5.949999999999999
    endloop
  endfacet
  facet normal 0 0 1
    outer loop
      vertex 110.18371571297385 59.099939979126304 5.949999999999999
      vertex 113.83628428702616 59.099939979126304 5.949999999999999
      vertex 114.13132034355965 59.358679656440366 5.949999999999999
    endloop
  endfacet
  facet normal 0 0 1
    outer loop
      vertex 110.51 58.88192378864669 5.949999999999999
      vertex 113.51 58.88192378864669 5.949999999999999
      vertex 113.83628428702616 59.099939979126304 5.949999999999999
    endloop
  endfacet
  facet normal 0 0 1
    outer loop
      vertex 114.60807621135332 59.980000000000004 5.949999999999999
      vertex 112.44999237667429 59.83792609530859 5.949999999999999
      vertex 114.3900600208737 59.65371571297385 5.949999999999999
    endloop
  endfacet
  facet normal 0 0 1
    outer loop
      vertex 114.98433458412144 61.08842142333985 5.949999999999999
      vertex 113.58059520526919 60.82943816497935 5.949999999999999
      vertex 114.90777747886722 60.703542864692444 5.949999999999999
    endloop
  endfacet
  facet normal 0 0 1
    outer loop
      vertex 114.90777747886722 60.703542864692444 5.949999999999999
      vertex 113.35870067849511 60.445105570685186 5.949999999999999
      vertex 114.78163859753387 60.33194970290474 5.949999999999999
    endloop
  endfacet
  facet normal 0 0 1
    outer loop
      vertex 110.86194970290474 58.708361402466146 5.949999999999999
      vertex 113.15805029709527 58.708361402466146 5.949999999999999
      vertex 113.51 58.88192378864669 5.949999999999999
    endloop
  endfacet
  facet normal -0.9807852804032314 -0.19509032201612278 2.0805207792009491e-19
    outer loop
      vertex 109.03566541587857 61.08842142333985 5.949999999999999
      vertex 109.1122225211328 60.703542864692444 3.2
      vertex 109.1122225211328 60.703542864692444 5.949999999999999
    endloop
  endfacet
  facet normal -0.9469301294951041 -0.3214394653031663 1.7128898377571048e-18
    outer loop
      vertex 109.1122225211328 60.703542864692444 5.949999999999999
      vertex 109.23836140246614 60.33194970290474 3.2
      vertex 109.23836140246614 60.33194970290474 5.949999999999999
    endloop
  endfacet
  facet normal -0.8968727415326845 -0.44228869021900924 -3.3420175480964486e-19
    outer loop
      vertex 109.23836140246614 60.33194970290474 5.949999999999999
      vertex 109.41192378864669 59.980000000000004 3.2
      vertex 109.41192378864669 59.980000000000004 5.949999999999999
    endloop
  endfacet
  facet normal -0.8314696123025328 -0.5555702330196209 4.227544201000551e-18
    outer loop
      vertex 109.41192378864669 59.980000000000004 5.949999999999999
      vertex 109.6299399791263 59.65371571297385 3.2
      vertex 109.6299399791263 59.65371571297385 5.949999999999999
    endloop
  endfacet
  facet normal -0.7518398074789916 -0.6593458151000527 8.449498906017982e-19
    outer loop
      vertex 109.6299399791263 59.65371571297385 5.949999999999999
      vertex 109.88867965644036 59.358679656440366 3.2
      vertex 109.88867965644036 59.358679656440366 5.949999999999999
    endloop
  endfacet
  facet normal -0.6593458151000539 -0.7518398074789904 -6.01163951071319e-18
    outer loop
      vertex 109.88867965644036 59.358679656440366 5.949999999999999
      vertex 110.18371571297385 59.099939979126304 3.2
      vertex 110.18371571297385 59.099939979126304 5.949999999999999
    endloop
  endfacet
  facet normal -0.5555702330196209 -0.8314696123025328 4.227544201000551e-18
    outer loop
      vertex 110.18371571297385 59.099939979126304 5.949999999999999
      vertex 110.51 58.88192378864669 3.2
      vertex 110.51 58.88192378864669 5.949999999999999
    endloop
  endfacet
  facet normal -0.4422886902189946 -0.8968727415326915 2.2152473030349195e-18
    outer loop
      vertex 110.51 58.88192378864669 5.949999999999999
      vertex 110.86194970290474 58.708361402466146 3.2
      vertex 110.86194970290474 58.708361402466146 5.949999999999999
    endloop
  endfacet
  facet normal -0.32143946530315554 -0.9469301294951077 -3.6004873621658084e-19
    outer loop
      vertex 110.86194970290474 58.708361402466146 5.949999999999999
      vertex 111.23354286469244 58.582222521132806 3.2
      vertex 111.23354286469244 58.582222521132806 5.949999999999999
    endloop
  endfacet
  facet normal -0.19509032201613674 -0.9807852804032288 1.4298201619601044e-19
    outer loop
      vertex 111.23354286469244 58.582222521132806 5.949999999999999
      vertex 111.61842142333985 58.505665415878575 3.2
      vertex 111.61842142333985 58.505665415878575 5.949999999999999
    endloop
  endfacet
  facet normal -0.06540312923014861 -0.9978589232386031 4.946317544286226e-19
    outer loop
      vertex 111.61842142333985 58.505665415878575 5.949999999999999
      vertex 112.01 58.480000000000004 3.2
      vertex 112.01 58.480000000000004 5.949999999999999
    endloop
  endfacet
  facet normal 0.06540312923014861 -0.9978589232386031 -4.946317544286226e-19
    outer loop
      vertex 112.01 58.480000000000004 5.949999999999999
      vertex 112.40157857666016 58.505665415878575 3.2
      vertex 112.40157857666016 58.505665415878575 5.949999999999999
    endloop
  endfacet
  facet normal 0.4422886902189946 -0.8968727415326915 0
    outer loop
      vertex 113.51 58.88192378864669 5.949999999999999
      vertex 113.15805029709527 58.708361402466146 5.949999999999999
      vertex 113.51 58.88192378864669 3.2
    endloop
  endfacet
  facet normal 0.5555702330196209 -0.8314696123025328 -4.227544201000551e-18
    outer loop
      vertex 113.51 58.88192378864669 5.949999999999999
      vertex 113.83628428702616 59.099939979126304 3.2
      vertex 113.83628428702616 59.099939979126304 5.949999999999999
    endloop
  endfacet
  facet normal 0.6593458151000539 -0.7518398074789904 0
    outer loop
      vertex 114.13132034355965 59.358679656440366 5.949999999999999
      vertex 113.83628428702616 59.099939979126304 5.949999999999999
      vertex 114.13132034355965 59.358679656440366 3.2
    endloop
  endfacet
  facet normal 0.9807852804032314 -0.19509032201612278 0
    outer loop
      vertex 114.98433458412144 61.08842142333985 5.949999999999999
      vertex 114.90777747886722 60.703542864692444 5.949999999999999
      vertex 114.98433458412144 61.08842142333985 3.2
    endloop
  endfacet
  facet normal 0.9469301294951041 -0.3214394653031663 0
    outer loop
      vertex 114.90777747886722 60.703542864692444 5.949999999999999
      vertex 114.78163859753387 60.33194970290474 5.949999999999999
      vertex 114.90777747886722 60.703542864692444 3.2
    endloop
  endfacet
  facet normal 0.8968727415326845 -0.44228869021900924 3.3420175480964486e-19
    outer loop
      vertex 114.60807621135332 59.980000000000004 5.949999999999999
      vertex 114.78163859753387 60.33194970290474 3.2
      vertex 114.78163859753387 60.33194970290474 5.949999999999999
    endloop
  endfacet
  facet normal 0.8314696123025328 -0.5555702330196209 -4.227544201000551e-18
    outer loop
      vertex 114.60807621135332 59.980000000000004 5.949999999999999
      vertex 114.3900600208737 59.65371571297385 5.949999999999999
      vertex 114.3900600208737 59.65371571297385 3.2
    endloop
  endfacet
  facet normal 0.7518398074789916 -0.6593458151000527 -8.449498906017982e-19
    outer loop
      vertex 114.13132034355965 59.358679656440366 5.949999999999999
      vertex 114.3900600208737 59.65371571297385 3.2
      vertex 114.3900600208737 59.65371571297385 5.949999999999999
    endloop
  endfacet
  facet normal 0.19509032201613674 -0.9807852804032288 -1.4298201619601044e-19
    outer loop
      vertex 112.40157857666016 58.505665415878575 5.949999999999999
      vertex 112.78645713530757 58.582222521132806 3.2
      vertex 112.78645713530757 58.582222521132806 5.949999999999999
    endloop
  endfacet
  facet normal 0.32143946530315554 -0.9469301294951077 3.6004873621658084e-19
    outer loop
      vertex 112.78645713530757 58.582222521132806 5.949999999999999
      vertex 113.15805029709527 58.708361402466146 3.2
      vertex 113.15805029709527 58.708361402466146 5.949999999999999
    endloop
  endfacet
  facet normal -0.5555702330196085 0.8314696123025411 0
    outer loop
      vertex 110.51 64.07807621135332 5.949999999999999
      vertex 110.51 64.07807621135332 3.2
      vertex 110.18371571297385 63.86006002087371 3.2
    endloop
  endfacet
  facet normal -0.6593458151000539 0.7518398074789904 0
    outer loop
      vertex 110.18371571297385 63.86006002087371 5.949999999999999
      vertex 110.18371571297385 63.86006002087371 3.2
      vertex 109.88867965644036 63.60132034355965 3.2
    endloop
  endfacet
  facet normal -0.7518398074789916 0.6593458151000527 0
    outer loop
      vertex 109.88867965644036 63.60132034355965 5.949999999999999
      vertex 109.88867965644036 63.60132034355965 3.2
      vertex 109.6299399791263 63.306284287026166 3.2
    endloop
  endfacet
  facet normal -0.3214394653031718 0.9469301294951021 0
    outer loop
      vertex 111.23354286469244 64.37777747886722 5.949999999999999
      vertex 111.23354286469244 64.37777747886722 3.2
      vertex 110.86194970290474 64.25163859753387 3.2
    endloop
  endfacet
  facet normal -0.19509032201611934 0.9807852804032322 0
    outer loop
      vertex 111.61842142333985 64.45433458412144 5.949999999999999
      vertex 111.61842142333985 64.45433458412144 3.2
      vertex 111.23354286469244 64.37777747886722 3.2
    endloop
  endfacet
  facet normal -0.06540312923013057 0.9978589232386043 0
    outer loop
      vertex 112.01 64.48 5.949999999999999
      vertex 112.01 64.48 3.2
      vertex 111.61842142333985 64.45433458412144 3.2
    endloop
  endfacet
  facet normal 0.06540312923013057 0.9978589232386043 0
    outer loop
      vertex 112.40157857666016 64.45433458412144 5.949999999999999
      vertex 112.40157857666016 64.45433458412144 3.2
      vertex 112.01 64.48 3.2
    endloop
  endfacet
  facet normal -0.44228869021900924 0.8968727415326845 0
    outer loop
      vertex 110.86194970290474 64.25163859753387 5.949999999999999
      vertex 110.86194970290474 64.25163859753387 3.2
      vertex 110.51 64.07807621135332 3.2
    endloop
  endfacet
  facet normal -0.8314696123025382 0.5555702330196125 0
    outer loop
      vertex 109.41192378864669 62.980000000000004 5.949999999999999
      vertex 109.6299399791263 63.306284287026166 3.2
      vertex 109.41192378864669 62.980000000000004 3.2
    endloop
  endfacet
  facet normal -0.8968727415326807 0.44228869021901634 0
    outer loop
      vertex 109.41192378864669 62.980000000000004 5.949999999999999
      vertex 109.41192378864669 62.980000000000004 3.2
      vertex 109.23836140246614 62.62805029709528 3.2
    endloop
  endfacet
  facet normal -0.9807852804032314 0.19509032201612278 0
    outer loop
      vertex 109.1122225211328 62.25645713530757 5.949999999999999
      vertex 109.1122225211328 62.25645713530757 3.2
      vertex 109.03566541587857 61.87157857666016 3.2
    endloop
  endfacet
  facet normal -0.9469301294951041 0.3214394653031663 0
    outer loop
      vertex 109.23836140246614 62.62805029709528 5.949999999999999
      vertex 109.23836140246614 62.62805029709528 3.2
      vertex 109.1122225211328 62.25645713530757 3.2
    endloop
  endfacet
  facet normal -0.9978589232386045 0.06540312923012939 0
    outer loop
      vertex 109.03566541587857 61.87157857666016 5.949999999999999
      vertex 109.03566541587857 61.87157857666016 3.2
      vertex 109.01 61.480000000000004 3.2
    endloop
  endfacet
  facet normal -0.9978589232386043 -0.06540312923013057 0
    outer loop
      vertex 109.01 61.480000000000004 5.949999999999999
      vertex 109.01 61.480000000000004 3.2
      vertex 109.03566541587857 61.08842142333985 3.2
    endloop
  endfacet
  facet normal 0.19509032201611934 0.9807852804032322 0
    outer loop
      vertex 112.78645713530757 64.37777747886722 5.949999999999999
      vertex 112.78645713530757 64.37777747886722 3.2
      vertex 112.40157857666016 64.45433458412144 3.2
    endloop
  endfacet
  facet normal 0.3214394653031718 0.9469301294951021 0
    outer loop
      vertex 113.15805029709527 64.25163859753387 5.949999999999999
      vertex 113.15805029709527 64.25163859753387 3.2
      vertex 112.78645713530757 64.37777747886722 3.2
    endloop
  endfacet
  facet normal 0.44228869021900924 0.8968727415326845 0
    outer loop
      vertex 113.51 64.07807621135332 5.949999999999999
      vertex 113.51 64.07807621135332 3.2
      vertex 113.15805029709527 64.25163859753387 3.2
    endloop
  endfacet
  facet normal 0.5555702330196085 0.8314696123025411 0
    outer loop
      vertex 113.83628428702616 63.86006002087371 5.949999999999999
      vertex 113.83628428702616 63.86006002087371 3.2
      vertex 113.51 64.07807621135332 3.2
    endloop
  endfacet
  facet normal 0.6593458151000539 0.7518398074789904 0
    outer loop
      vertex 114.13132034355965 63.60132034355965 5.949999999999999
      vertex 114.13132034355965 63.60132034355965 3.2
      vertex 113.83628428702616 63.86006002087371 3.2
    endloop
  endfacet
  facet normal 0.7518398074789916 0.6593458151000527 0
    outer loop
      vertex 114.3900600208737 63.306284287026166 5.949999999999999
      vertex 114.3900600208737 63.306284287026166 3.2
      vertex 114.13132034355965 63.60132034355965 3.2
    endloop
  endfacet
  facet normal 0.8314696123025382 0.5555702330196125 0
    outer loop
      vertex 114.60807621135332 62.980000000000004 5.949999999999999
      vertex 114.60807621135332 62.980000000000004 3.2
      vertex 114.3900600208737 63.306284287026166 3.2
    endloop
  endfacet
  facet normal 0.8968727415326807 0.44228869021901634 0
    outer loop
      vertex 114.78163859753387 62.62805029709528 5.949999999999999
      vertex 114.78163859753387 62.62805029709528 3.2
      vertex 114.60807621135332 62.980000000000004 3.2
    endloop
  endfacet
  facet normal 0.9469301294951041 0.3214394653031663 0
    outer loop
      vertex 114.90777747886722 62.25645713530757 5.949999999999999
      vertex 114.90777747886722 62.25645713530757 3.2
      vertex 114.78163859753387 62.62805029709528 3.2
    endloop
  endfacet
  facet normal 0.9807852804032314 0.19509032201612278 0
    outer loop
      vertex 114.98433458412144 61.87157857666016 5.949999999999999
      vertex 114.98433458412144 61.87157857666016 3.2
      vertex 114.90777747886722 62.25645713530757 3.2
    endloop
  endfacet
  facet normal 0.9978589232386045 0.06540312923012939 0
    outer loop
      vertex 115.01 61.480000000000004 5.949999999999999
      vertex 115.01 61.480000000000004 3.2
      vertex 114.98433458412144 61.87157857666016 3.2
    endloop
  endfacet
  facet normal 0.9978589232386043 -0.06540312923013057 0
    outer loop
      vertex 114.98433458412144 61.08842142333985 5.949999999999999
      vertex 114.98433458412144 61.08842142333985 3.2
      vertex 115.01 61.480000000000004 3.2
    endloop
  endfacet
  facet normal -0.9807852804032314 -0.19509032201612278 0
    outer loop
      vertex 109.03566541587857 61.08842142333985 5.949999999999999
      vertex 109.03566541587857 61.08842142333985 3.2
      vertex 109.1122225211328 60.703542864692444 3.2
    endloop
  endfacet
  facet normal -0.9469301294951041 -0.3214394653031663 0
    outer loop
      vertex 109.1122225211328 60.703542864692444 5.949999999999999
      vertex 109.1122225211328 60.703542864692444 3.2
      vertex 109.23836140246614 60.33194970290474 3.2
    endloop
  endfacet
  facet normal -0.8968727415326845 -0.44228869021900924 0
    outer loop
      vertex 109.23836140246614 60.33194970290474 5.949999999999999
      vertex 109.23836140246614 60.33194970290474 3.2
      vertex 109.41192378864669 59.980000000000004 3.2
    endloop
  endfacet
  facet normal -0.8314696123025328 -0.5555702330196209 0
    outer loop
      vertex 109.41192378864669 59.980000000000004 5.949999999999999
      vertex 109.41192378864669 59.980000000000004 3.2
      vertex 109.6299399791263 59.65371571297385 3.2
    endloop
  endfacet
  facet normal -0.7518398074789916 -0.6593458151000527 0
    outer loop
      vertex 109.6299399791263 59.65371571297385 5.949999999999999
      vertex 109.6299399791263 59.65371571297385 3.2
      vertex 109.88867965644036 59.358679656440366 3.2
    endloop
  endfacet
  facet normal -0.6593458151000539 -0.7518398074789904 0
    outer loop
      vertex 109.88867965644036 59.358679656440366 5.949999999999999
      vertex 109.88867965644036 59.358679656440366 3.2
      vertex 110.18371571297385 59.099939979126304 3.2
    endloop
  endfacet
  facet normal -0.5555702330196209 -0.8314696123025328 0
    outer loop
      vertex 110.18371571297385 59.099939979126304 5.949999999999999
      vertex 110.18371571297385 59.099939979126304 3.2
      vertex 110.51 58.88192378864669 3.2
    endloop
  endfacet
  facet normal -0.4422886902189946 -0.8968727415326915 0
    outer loop
      vertex 110.51 58.88192378864669 5.949999999999999
      vertex 110.51 58.88192378864669 3.2
      vertex 110.86194970290474 58.708361402466146 3.2
    endloop
  endfacet
  facet normal -0.32143946530315554 -0.9469301294951077 0
    outer loop
      vertex 110.86194970290474 58.708361402466146 5.949999999999999
      vertex 110.86194970290474 58.708361402466146 3.2
      vertex 111.23354286469244 58.582222521132806 3.2
    endloop
  endfacet
  facet normal -0.19509032201613674 -0.9807852804032288 0
    outer loop
      vertex 111.23354286469244 58.582222521132806 5.949999999999999
      vertex 111.23354286469244 58.582222521132806 3.2
      vertex 111.61842142333985 58.505665415878575 3.2
    endloop
  endfacet
  facet normal -0.06540312923014861 -0.9978589232386031 0
    outer loop
      vertex 111.61842142333985 58.505665415878575 5.949999999999999
      vertex 111.61842142333985 58.505665415878575 3.2
      vertex 112.01 58.480000000000004 3.2
    endloop
  endfacet
  facet normal 0.06540312923014861 -0.9978589232386031 0
    outer loop
      vertex 112.01 58.480000000000004 5.949999999999999
      vertex 112.01 58.480000000000004 3.2
      vertex 112.40157857666016 58.505665415878575 3.2
    endloop
  endfacet
  facet normal 0.7518398074789916 -0.6593458151000527 0
    outer loop
      vertex 114.13132034355965 59.358679656440366 5.949999999999999
      vertex 114.13132034355965 59.358679656440366 3.2
      vertex 114.3900600208737 59.65371571297385 3.2
    endloop
  endfacet
  facet normal 0.5555702330196209 -0.8314696123025328 0
    outer loop
      vertex 113.51 58.88192378864669 5.949999999999999
      vertex 113.51 58.88192378864669 3.2
      vertex 113.83628428702616 59.099939979126304 3.2
    endloop
  endfacet
  facet normal 0.6593458151000539 -0.7518398074789904 0
    outer loop
      vertex 113.83628428702616 59.099939979126304 5.949999999999999
      vertex 113.83628428702616 59.099939979126304 3.2
      vertex 114.13132034355965 59.358679656440366 3.2
    endloop
  endfacet
  facet normal 0.9807852804032314 -0.19509032201612278 0
    outer loop
      vertex 114.90777747886722 60.703542864692444 5.949999999999999
      vertex 114.90777747886722 60.703542864692444 3.2
      vertex 114.98433458412144 61.08842142333985 3.2
    endloop
  endfacet
  facet normal 0.9469301294951041 -0.3214394653031663 0
    outer loop
      vertex 114.78163859753387 60.33194970290474 5.949999999999999
      vertex 114.78163859753387 60.33194970290474 3.2
      vertex 114.90777747886722 60.703542864692444 3.2
    endloop
  endfacet
  facet normal 0.8968727415326845 -0.44228869021900924 0
    outer loop
      vertex 114.60807621135332 59.980000000000004 5.949999999999999
      vertex 114.60807621135332 59.980000000000004 3.2
      vertex 114.78163859753387 60.33194970290474 3.2
    endloop
  endfacet
  facet normal 0.8314696123025328 -0.5555702330196209 0
    outer loop
      vertex 114.60807621135332 59.980000000000004 5.949999999999999
      vertex 114.3900600208737 59.65371571297385 3.2
      vertex 114.60807621135332 59.980000000000004 3.2
    endloop
  endfacet
  facet normal 0.19509032201613674 -0.9807852804032288 0
    outer loop
      vertex 112.40157857666016 58.505665415878575 5.949999999999999
      vertex 112.40157857666016 58.505665415878575 3.2
      vertex 112.78645713530757 58.582222521132806 3.2
    endloop
  endfacet
  facet normal 0.32143946530315554 -0.9469301294951077 0
    outer loop
      vertex 112.78645713530757 58.582222521132806 5.949999999999999
      vertex 112.78645713530757 58.582222521132806 3.2
      vertex 113.15805029709527 58.708361402466146 3.2
    endloop
  endfacet
  facet normal 0.4422886902189946 -0.8968727415326915 0
    outer loop
      vertex 113.15805029709527 58.708361402466146 5.949999999999999
      vertex 113.15805029709527 58.708361402466146 3.2
      vertex 113.51 58.88192378864669 3.2
    endloop
  endfacet
  facet normal 0 0 1
    outer loop
      vertex 110.86194970290474 10.971638597533868 5.949999999999999
      vertex 112.78645713530757 11.097777478867215 5.949999999999999
      vertex 111.23354286469244 11.097777478867215 5.949999999999999
    endloop
  endfacet
  facet normal 0 0 1
    outer loop
      vertex 110.86194970290474 10.971638597533868 5.949999999999999
      vertex 110.51 10.798076211353326 5.949999999999999
      vertex 113.15805029709527 10.971638597533868 5.949999999999999
    endloop
  endfacet
  facet normal 0 0 1
    outer loop
      vertex 111.23354286469244 11.097777478867215 5.949999999999999
      vertex 112.40157857666016 11.17433458412144 5.949999999999999
      vertex 111.61842142333985 11.17433458412144 5.949999999999999
    endloop
  endfacet
  facet normal 0 0 1
    outer loop
      vertex 111.61842142333985 11.17433458412144 5.949999999999999
      vertex 112.40157857666016 11.17433458412144 5.949999999999999
      vertex 112.01 11.20000000000001 5.949999999999999
    endloop
  endfacet
  facet normal 0 0 1
    outer loop
      vertex 111.23354286469244 11.097777478867215 5.949999999999999
      vertex 112.78645713530757 11.097777478867215 5.949999999999999
      vertex 112.40157857666016 11.17433458412144 5.949999999999999
    endloop
  endfacet
  facet normal 0 0 1
    outer loop
      vertex 110.86194970290474 10.971638597533868 5.949999999999999
      vertex 113.15805029709527 10.971638597533868 5.949999999999999
      vertex 112.78645713530757 11.097777478867215 5.949999999999999
    endloop
  endfacet
  facet normal 0 0 1
    outer loop
      vertex 109.6299399791263 10.026284287026172 5.949999999999999
      vertex 109.41192378864669 9.70000000000001 5.949999999999999
      vertex 111.57000762332572 9.842073904691425 5.949999999999999
    endloop
  endfacet
  facet normal 0 0 1
    outer loop
      vertex 109.1122225211328 8.97645713530757 5.949999999999999
      vertex 109.03566541587857 8.591578576660162 5.949999999999999
      vertex 110.43940479473082 8.850561835020663 5.949999999999999
    endloop
  endfacet
  facet normal 0 0 1
    outer loop
      vertex 109.41192378864669 9.70000000000001 5.949999999999999
      vertex 109.23836140246614 9.348050297095277 5.949999999999999
      vertex 110.97510557068517 9.54870067849511 5.949999999999999
    endloop
  endfacet
  facet normal 0 0 1
    outer loop
      vertex 109.41192378864669 9.70000000000001 5.949999999999999
      vertex 110.97510557068517 9.54870067849511 5.949999999999999
      vertex 111.16000000000001 9.672243186433555 5.949999999999999
    endloop
  endfacet
  facet normal 0 0 1
    outer loop
      vertex 109.23836140246614 9.348050297095277 5.949999999999999
      vertex 110.66129932150491 9.234894429314835 5.949999999999999
      vertex 110.80791847198287 9.402081528017142 5.949999999999999
    endloop
  endfacet
  facet normal 0 0 1
    outer loop
      vertex 109.23836140246614 9.348050297095277 5.949999999999999
      vertex 110.80791847198287 9.402081528017142 5.949999999999999
      vertex 110.97510557068517 9.54870067849511 5.949999999999999
    endloop
  endfacet
  facet normal 0 0 1
    outer loop
      vertex 109.23836140246614 9.348050297095277 5.949999999999999
      vertex 109.1122225211328 8.97645713530757 5.949999999999999
      vertex 110.66129932150491 9.234894429314835 5.949999999999999
    endloop
  endfacet
  facet normal 0 0 1
    outer loop
      vertex 109.1122225211328 8.97645713530757 5.949999999999999
      vertex 110.43940479473082 8.850561835020663 5.949999999999999
      vertex 110.53775681356646 9.050000000000011 5.949999999999999
    endloop
  endfacet
  facet normal 0 0 1
    outer loop
      vertex 109.1122225211328 8.97645713530757 5.949999999999999
      vertex 110.53775681356646 9.050000000000011 5.949999999999999
      vertex 110.66129932150491 9.234894429314835 5.949999999999999
    endloop
  endfacet
  facet normal 0 0 1
    outer loop
      vertex 110.51 10.798076211353326 5.949999999999999
      vertex 110.18371571297385 10.580060020873717 5.949999999999999
      vertex 113.51 10.798076211353326 5.949999999999999
    endloop
  endfacet
  facet normal 0 0 1
    outer loop
      vertex 110.18371571297385 10.580060020873717 5.949999999999999
      vertex 109.88867965644036 10.321320343559655 5.949999999999999
      vertex 113.83628428702616 10.580060020873717 5.949999999999999
    endloop
  endfacet
  facet normal 0 0 1
    outer loop
      vertex 109.6299399791263 10.026284287026172 5.949999999999999
      vertex 111.57000762332572 9.842073904691425 5.949999999999999
      vertex 111.78810547322591 9.885456264335488 5.949999999999999
    endloop
  endfacet
  facet normal 0 0 1
    outer loop
      vertex 109.88867965644036 10.321320343559655 5.949999999999999
      vertex 109.6299399791263 10.026284287026172 5.949999999999999
      vertex 114.13132034355965 10.321320343559655 5.949999999999999
    endloop
  endfacet
  facet normal 0 0 1
    outer loop
      vertex 109.6299399791263 10.026284287026172 5.949999999999999
      vertex 111.78810547322591 9.885456264335488 5.949999999999999
      vertex 112.01 9.900000000000013 5.949999999999999
    endloop
  endfacet
  facet normal 0 0 1
    outer loop
      vertex 110.51 10.798076211353326 5.949999999999999
      vertex 113.51 10.798076211353326 5.949999999999999
      vertex 113.15805029709527 10.971638597533868 5.949999999999999
    endloop
  endfacet
  facet normal 0 0 1
    outer loop
      vertex 109.6299399791263 10.026284287026172 5.949999999999999
      vertex 112.01 9.900000000000013 5.949999999999999
      vertex 114.3900600208737 10.026284287026172 5.949999999999999
    endloop
  endfacet
  facet normal 0 0 1
    outer loop
      vertex 109.41192378864669 9.70000000000001 5.949999999999999
      vertex 111.16000000000001 9.672243186433555 5.949999999999999
      vertex 111.35943816497935 9.770595205269196 5.949999999999999
    endloop
  endfacet
  facet normal 0 0 1
    outer loop
      vertex 109.41192378864669 9.70000000000001 5.949999999999999
      vertex 111.35943816497935 9.770595205269196 5.949999999999999
      vertex 111.57000762332572 9.842073904691425 5.949999999999999
    endloop
  endfacet
  facet normal 0 0 1
    outer loop
      vertex 110.18371571297385 10.580060020873717 5.949999999999999
      vertex 113.83628428702616 10.580060020873717 5.949999999999999
      vertex 113.51 10.798076211353326 5.949999999999999
    endloop
  endfacet
  facet normal 0 0 1
    outer loop
      vertex 109.88867965644036 10.321320343559655 5.949999999999999
      vertex 114.13132034355965 10.321320343559655 5.949999999999999
      vertex 113.83628428702616 10.580060020873717 5.949999999999999
    endloop
  endfacet
  facet normal 0 0 1
    outer loop
      vertex 109.6299399791263 10.026284287026172 5.949999999999999
      vertex 114.3900600208737 10.026284287026172 5.949999999999999
      vertex 114.13132034355965 10.321320343559655 5.949999999999999
    endloop
  endfacet
  facet normal 0 0 1
    outer loop
      vertex 114.3900600208737 10.026284287026172 5.949999999999999
      vertex 112.01 9.900000000000013 5.949999999999999
      vertex 112.2318945267741 9.885456264335488 5.949999999999999
    endloop
  endfacet
  facet normal 0 0 1
    outer loop
      vertex 114.3900600208737 10.026284287026172 5.949999999999999
      vertex 112.2318945267741 9.885456264335488 5.949999999999999
      vertex 112.44999237667429 9.842073904691425 5.949999999999999
    endloop
  endfacet
  facet normal 0 0 1
    outer loop
      vertex 114.3900600208737 10.026284287026172 5.949999999999999
      vertex 112.44999237667429 9.842073904691425 5.949999999999999
      vertex 112.66056183502066 9.770595205269196 5.949999999999999
    endloop
  endfacet
  facet normal 0 0 1
    outer loop
      vertex 114.3900600208737 10.026284287026172 5.949999999999999
      vertex 112.66056183502066 9.770595205269196 5.949999999999999
      vertex 112.86 9.672243186433555 5.949999999999999
    endloop
  endfacet
  facet normal 0 0 1
    outer loop
      vertex 114.3900600208737 10.026284287026172 5.949999999999999
      vertex 112.86 9.672243186433555 5.949999999999999
      vertex 114.60807621135332 9.70000000000001 5.949999999999999
    endloop
  endfacet
  facet normal 0 0 1
    outer loop
      vertex 114.60807621135332 9.70000000000001 5.949999999999999
      vertex 112.86 9.672243186433555 5.949999999999999
      vertex 113.04489442931484 9.54870067849511 5.949999999999999
    endloop
  endfacet
  facet normal 0 0 1
    outer loop
      vertex 114.60807621135332 9.70000000000001 5.949999999999999
      vertex 113.04489442931484 9.54870067849511 5.949999999999999
      vertex 113.21208152801714 9.402081528017142 5.949999999999999
    endloop
  endfacet
  facet normal 0 0 1
    outer loop
      vertex 114.60807621135332 9.70000000000001 5.949999999999999
      vertex 113.21208152801714 9.402081528017142 5.949999999999999
      vertex 113.35870067849511 9.234894429314835 5.949999999999999
    endloop
  endfacet
  facet normal 0 0 1
    outer loop
      vertex 114.60807621135332 9.70000000000001 5.949999999999999
      vertex 113.35870067849511 9.234894429314835 5.949999999999999
      vertex 114.78163859753387 9.348050297095277 5.949999999999999
    endloop
  endfacet
  facet normal 0 0 1
    outer loop
      vertex 114.78163859753387 9.348050297095277 5.949999999999999
      vertex 113.35870067849511 9.234894429314835 5.949999999999999
      vertex 113.48224318643355 9.050000000000011 5.949999999999999
    endloop
  endfacet
  facet normal 0 0 1
    outer loop
      vertex 114.78163859753387 9.348050297095277 5.949999999999999
      vertex 113.48224318643355 9.050000000000011 5.949999999999999
      vertex 113.58059520526919 8.850561835020663 5.949999999999999
    endloop
  endfacet
  facet normal 0 0 1
    outer loop
      vertex 114.90777747886722 8.97645713530757 5.949999999999999
      vertex 113.58059520526919 8.850561835020663 5.949999999999999
      vertex 113.65207390469142 8.639992376674293 5.949999999999999
    endloop
  endfacet
  facet normal 0 0 1
    outer loop
      vertex 114.78163859753387 9.348050297095277 5.949999999999999
      vertex 113.58059520526919 8.850561835020663 5.949999999999999
      vertex 114.90777747886722 8.97645713530757 5.949999999999999
    endloop
  endfacet
  facet normal -0.3214394653031718 0.9469301294951021 0
    outer loop
      vertex 110.86194970290474 10.971638597533868 5.949999999999999
      vertex 111.23354286469244 11.097777478867215 5.949999999999999
      vertex 110.86194970290474 10.971638597533868 3.2
    endloop
  endfacet
  facet normal -0.19509032201611934 0.9807852804032322 0
    outer loop
      vertex 111.23354286469244 11.097777478867215 5.949999999999999
      vertex 111.61842142333985 11.17433458412144 5.949999999999999
      vertex 111.23354286469244 11.097777478867215 3.2
    endloop
  endfacet
  facet normal -0.06540312923014861 0.9978589232386031 0
    outer loop
      vertex 111.61842142333985 11.17433458412144 5.949999999999999
      vertex 112.01 11.20000000000001 5.949999999999999
      vertex 111.61842142333985 11.17433458412144 3.2
    endloop
  endfacet
  facet normal 0.06540312923014861 0.9978589232386031 0
    outer loop
      vertex 112.01 11.20000000000001 5.949999999999999
      vertex 112.40157857666016 11.17433458412144 5.949999999999999
      vertex 112.01 11.20000000000001 3.2
    endloop
  endfacet
  facet normal -0.8314696123025382 0.5555702330196125 0
    outer loop
      vertex 109.6299399791263 10.026284287026172 5.949999999999999
      vertex 109.6299399791263 10.026284287026172 3.2
      vertex 109.41192378864669 9.70000000000001 5.949999999999999
    endloop
  endfacet
  facet normal -0.6593458151000539 0.7518398074789904 6.01163951071319e-18
    outer loop
      vertex 110.18371571297385 10.580060020873717 5.949999999999999
      vertex 109.88867965644036 10.321320343559655 3.2
      vertex 109.88867965644036 10.321320343559655 5.949999999999999
    endloop
  endfacet
  facet normal -0.5555702330196085 0.8314696123025411 -4.967695503246519e-18
    outer loop
      vertex 110.51 10.798076211353326 5.949999999999999
      vertex 110.18371571297385 10.580060020873717 3.2
      vertex 110.18371571297385 10.580060020873717 5.949999999999999
    endloop
  endfacet
  facet normal -0.7518398074789916 0.6593458151000527 -8.449498906017982e-19
    outer loop
      vertex 109.88867965644036 10.321320343559655 5.949999999999999
      vertex 109.6299399791263 10.026284287026172 3.2
      vertex 109.6299399791263 10.026284287026172 5.949999999999999
    endloop
  endfacet
  facet normal -0.8968727415326845 0.44228869021900924 3.3420175480964486e-19
    outer loop
      vertex 109.41192378864669 9.70000000000001 5.949999999999999
      vertex 109.23836140246614 9.348050297095277 3.2
      vertex 109.23836140246614 9.348050297095277 5.949999999999999
    endloop
  endfacet
  facet normal -0.9807852804032314 0.19509032201612278 -2.0805207792009491e-19
    outer loop
      vertex 109.1122225211328 8.97645713530757 5.949999999999999
      vertex 109.03566541587857 8.591578576660162 3.2
      vertex 109.03566541587857 8.591578576660162 5.949999999999999
    endloop
  endfacet
  facet normal -0.9469301294951041 0.3214394653031663 -1.7128898377571048e-18
    outer loop
      vertex 109.23836140246614 9.348050297095277 5.949999999999999
      vertex 109.1122225211328 8.97645713530757 3.2
      vertex 109.1122225211328 8.97645713530757 5.949999999999999
    endloop
  endfacet
  facet normal -0.4422886902189946 0.8968727415326915 -2.2152473030349195e-18
    outer loop
      vertex 110.86194970290474 10.971638597533868 5.949999999999999
      vertex 110.51 10.798076211353326 3.2
      vertex 110.51 10.798076211353326 5.949999999999999
    endloop
  endfacet
  facet normal 0.19509032201611934 0.9807852804032322 0
    outer loop
      vertex 112.40157857666016 11.17433458412144 5.949999999999999
      vertex 112.78645713530757 11.097777478867215 5.949999999999999
      vertex 112.40157857666016 11.17433458412144 3.2
    endloop
  endfacet
  facet normal 0.3214394653031718 0.9469301294951021 0
    outer loop
      vertex 112.78645713530757 11.097777478867215 5.949999999999999
      vertex 113.15805029709527 10.971638597533868 5.949999999999999
      vertex 112.78645713530757 11.097777478867215 3.2
    endloop
  endfacet
  facet normal 0.4422886902189946 0.8968727415326915 0
    outer loop
      vertex 113.15805029709527 10.971638597533868 5.949999999999999
      vertex 113.51 10.798076211353326 5.949999999999999
      vertex 113.15805029709527 10.971638597533868 3.2
    endloop
  endfacet
  facet normal 0.5555702330196085 0.8314696123025411 0
    outer loop
      vertex 113.51 10.798076211353326 5.949999999999999
      vertex 113.83628428702616 10.580060020873717 5.949999999999999
      vertex 113.51 10.798076211353326 3.2
    endloop
  endfacet
  facet normal 0.6593458151000539 0.7518398074789904 0
    outer loop
      vertex 113.83628428702616 10.580060020873717 5.949999999999999
      vertex 114.13132034355965 10.321320343559655 5.949999999999999
      vertex 113.83628428702616 10.580060020873717 3.2
    endloop
  endfacet
  facet normal 0.7518398074789916 0.6593458151000527 0
    outer loop
      vertex 114.13132034355965 10.321320343559655 5.949999999999999
      vertex 114.3900600208737 10.026284287026172 5.949999999999999
      vertex 114.13132034355965 10.321320343559655 3.2
    endloop
  endfacet
  facet normal 0.8314696123025382 0.5555702330196125 0
    outer loop
      vertex 114.3900600208737 10.026284287026172 5.949999999999999
      vertex 114.60807621135332 9.70000000000001 5.949999999999999
      vertex 114.3900600208737 10.026284287026172 3.2
    endloop
  endfacet
  facet normal 0.8968727415326845 0.44228869021900924 0
    outer loop
      vertex 114.60807621135332 9.70000000000001 5.949999999999999
      vertex 114.78163859753387 9.348050297095277 5.949999999999999
      vertex 114.60807621135332 9.70000000000001 3.2
    endloop
  endfacet
  facet normal 0.9469301294951041 0.3214394653031663 0
    outer loop
      vertex 114.78163859753387 9.348050297095277 5.949999999999999
      vertex 114.90777747886722 8.97645713530757 5.949999999999999
      vertex 114.78163859753387 9.348050297095277 3.2
    endloop
  endfacet
  facet normal 0.9807852804032314 0.19509032201612278 5.040727677296539e-16
    outer loop
      vertex 114.90777747886722 8.97645713530757 5.949999999999999
      vertex 114.98433458412144 8.591578576660162 5.949999999999999
      vertex 114.90777747886722 8.976457135307577 3.2
    endloop
  endfacet
  facet normal 0 0 1
    outer loop
      vertex 109.03566541587857 8.591578576660162 5.949999999999999
      vertex 109.01 8.20000000000001 5.949999999999999
      vertex 110.32454373566453 8.421894526774096 5.949999999999999
    endloop
  endfacet
  facet normal 0 0 1
    outer loop
      vertex 109.01 8.20000000000001 5.949999999999999
      vertex 109.03566541587857 7.808421423339858 5.949999999999999
      vertex 110.31 8.20000000000001 5.949999999999999
    endloop
  endfacet
  facet normal 0 0 1
    outer loop
      vertex 109.03566541587857 7.808421423339858 5.949999999999999
      vertex 109.1122225211328 7.42354286469245 5.949999999999999
      vertex 110.32454373566453 7.978105473225924 5.949999999999999
    endloop
  endfacet
  facet normal 0 0 1
    outer loop
      vertex 109.03566541587857 8.591578576660162 5.949999999999999
      vertex 110.36792609530859 8.639992376674293 5.949999999999999
      vertex 110.43940479473082 8.850561835020663 5.949999999999999
    endloop
  endfacet
  facet normal 0 0 1
    outer loop
      vertex 109.03566541587857 8.591578576660162 5.949999999999999
      vertex 110.32454373566453 8.421894526774096 5.949999999999999
      vertex 110.36792609530859 8.639992376674293 5.949999999999999
    endloop
  endfacet
  facet normal 0 0 1
    outer loop
      vertex 109.01 8.20000000000001 5.949999999999999
      vertex 110.31 8.20000000000001 5.949999999999999
      vertex 110.32454373566453 8.421894526774096 5.949999999999999
    endloop
  endfacet
  facet normal 0 0 1
    outer loop
      vertex 109.03566541587857 7.808421423339858 5.949999999999999
      vertex 110.32454373566453 7.978105473225924 5.949999999999999
      vertex 110.31 8.20000000000001 5.949999999999999
    endloop
  endfacet
  facet normal 0 0 1
    outer loop
      vertex 109.1122225211328 7.42354286469245 5.949999999999999
      vertex 110.36792609530859 7.760007623325727 5.949999999999999
      vertex 110.32454373566453 7.978105473225924 5.949999999999999
    endloop
  endfacet
  facet normal 0 0 1
    outer loop
      vertex 109.1122225211328 7.42354286469245 5.949999999999999
      vertex 109.23836140246614 7.051949702904743 5.949999999999999
      vertex 110.43940479473082 7.549438164979357 5.949999999999999
    endloop
  endfacet
  facet normal 0 0 1
    outer loop
      vertex 109.1122225211328 7.42354286469245 5.949999999999999
      vertex 110.43940479473082 7.549438164979357 5.949999999999999
      vertex 110.36792609530859 7.760007623325727 5.949999999999999
    endloop
  endfacet
  facet normal 0 0 1
    outer loop
      vertex 109.23836140246614 7.051949702904743 5.949999999999999
      vertex 110.53775681356646 7.3500000000000085 5.949999999999999
      vertex 110.43940479473082 7.549438164979357 5.949999999999999
    endloop
  endfacet
  facet normal 0 0 1
    outer loop
      vertex 109.23836140246614 7.051949702904743 5.949999999999999
      vertex 110.66129932150491 7.165105570685185 5.949999999999999
      vertex 110.53775681356646 7.3500000000000085 5.949999999999999
    endloop
  endfacet
  facet normal 0 0 1
    outer loop
      vertex 109.23836140246614 7.051949702904743 5.949999999999999
      vertex 109.41192378864669 6.70000000000001 5.949999999999999
      vertex 110.66129932150491 7.165105570685185 5.949999999999999
    endloop
  endfacet
  facet normal 0 0 1
    outer loop
      vertex 109.41192378864669 6.70000000000001 5.949999999999999
      vertex 109.6299399791263 6.373715712973848 5.949999999999999
      vertex 111.16000000000001 6.727756813566465 5.949999999999999
    endloop
  endfacet
  facet normal 0 0 1
    outer loop
      vertex 109.41192378864669 6.70000000000001 5.949999999999999
      vertex 110.80791847198287 6.997918471982878 5.949999999999999
      vertex 110.66129932150491 7.165105570685185 5.949999999999999
    endloop
  endfacet
  facet normal 0 0 1
    outer loop
      vertex 109.41192378864669 6.70000000000001 5.949999999999999
      vertex 110.97510557068517 6.851299321504911 5.949999999999999
      vertex 110.80791847198287 6.997918471982878 5.949999999999999
    endloop
  endfacet
  facet normal 0 0 1
    outer loop
      vertex 109.41192378864669 6.70000000000001 5.949999999999999
      vertex 111.16000000000001 6.727756813566465 5.949999999999999
      vertex 110.97510557068517 6.851299321504911 5.949999999999999
    endloop
  endfacet
  facet normal 0 0 1
    outer loop
      vertex 109.6299399791263 6.373715712973848 5.949999999999999
      vertex 111.35943816497935 6.629404794730824 5.949999999999999
      vertex 111.16000000000001 6.727756813566465 5.949999999999999
    endloop
  endfacet
  facet normal 0 0 1
    outer loop
      vertex 109.6299399791263 6.373715712973848 5.949999999999999
      vertex 111.57000762332572 6.557926095308595 5.949999999999999
      vertex 111.35943816497935 6.629404794730824 5.949999999999999
    endloop
  endfacet
  facet normal 0 0 1
    outer loop
      vertex 109.6299399791263 6.373715712973848 5.949999999999999
      vertex 111.78810547322591 6.514543735664532 5.949999999999999
      vertex 111.57000762332572 6.557926095308595 5.949999999999999
    endloop
  endfacet
  facet normal 0 0 1
    outer loop
      vertex 109.6299399791263 6.373715712973848 5.949999999999999
      vertex 112.01 6.500000000000007 5.949999999999999
      vertex 111.78810547322591 6.514543735664532 5.949999999999999
    endloop
  endfacet
  facet normal 0 0 1
    outer loop
      vertex 109.6299399791263 6.373715712973848 5.949999999999999
      vertex 109.88867965644036 6.0786796564403645 5.949999999999999
      vertex 114.3900600208737 6.373715712973848 5.949999999999999
    endloop
  endfacet
  facet normal 0 0 1
    outer loop
      vertex 109.88867965644036 6.0786796564403645 5.949999999999999
      vertex 110.18371571297385 5.819939979126303 5.949999999999999
      vertex 114.13132034355965 6.0786796564403645 5.949999999999999
    endloop
  endfacet
  facet normal 0 0 1
    outer loop
      vertex 109.6299399791263 6.373715712973848 5.949999999999999
      vertex 114.3900600208737 6.373715712973848 5.949999999999999
      vertex 112.01 6.500000000000007 5.949999999999999
    endloop
  endfacet
  facet normal 0 0 1
    outer loop
      vertex 110.18371571297385 5.819939979126303 5.949999999999999
      vertex 110.51 5.601923788646687 5.949999999999999
      vertex 113.83628428702616 5.819939979126303 5.949999999999999
    endloop
  endfacet
  facet normal 0 0 1
    outer loop
      vertex 110.51 5.601923788646687 5.949999999999999
      vertex 110.86194970290474 5.428361402466152 5.949999999999999
      vertex 113.51 5.601923788646687 5.949999999999999
    endloop
  endfacet
  facet normal 0 0 1
    outer loop
      vertex 110.86194970290474 5.428361402466152 5.949999999999999
      vertex 111.23354286469244 5.302222521132805 5.949999999999999
      vertex 113.15805029709527 5.428361402466152 5.949999999999999
    endloop
  endfacet
  facet normal 0 0 1
    outer loop
      vertex 111.23354286469244 5.302222521132805 5.949999999999999
      vertex 111.61842142333985 5.225665415878581 5.949999999999999
      vertex 112.78645713530757 5.302222521132805 5.949999999999999
    endloop
  endfacet
  facet normal 0 0 1
    outer loop
      vertex 111.61842142333985 5.225665415878581 5.949999999999999
      vertex 112.01 5.200000000000003 5.949999999999999
      vertex 112.40157857666016 5.225665415878581 5.949999999999999
    endloop
  endfacet
  facet normal 0 0 1
    outer loop
      vertex 111.23354286469244 5.302222521132805 5.949999999999999
      vertex 112.78645713530757 5.302222521132805 5.949999999999999
      vertex 113.15805029709527 5.428361402466152 5.949999999999999
    endloop
  endfacet
  facet normal 0 0 1
    outer loop
      vertex 111.61842142333985 5.225665415878581 5.949999999999999
      vertex 112.40157857666016 5.225665415878581 5.949999999999999
      vertex 112.78645713530757 5.302222521132805 5.949999999999999
    endloop
  endfacet
  facet normal 0 0 1
    outer loop
      vertex 114.90777747886722 8.97645713530757 5.949999999999999
      vertex 113.65207390469142 8.639992376674293 5.949999999999999
      vertex 113.69545626433548 8.421894526774096 5.949999999999999
    endloop
  endfacet
  facet normal 0 0 1
    outer loop
      vertex 114.98433458412144 8.591578576660162 5.949999999999999
      vertex 113.69545626433548 8.421894526774096 5.949999999999999
      vertex 113.71000000000001 8.20000000000001 5.949999999999999
    endloop
  endfacet
  facet normal 0 0 1
    outer loop
      vertex 115.01 8.20000000000001 5.949999999999999
      vertex 113.71000000000001 8.20000000000001 5.949999999999999
      vertex 113.69545626433548 7.978105473225924 5.949999999999999
    endloop
  endfacet
  facet normal 0 0 1
    outer loop
      vertex 114.98433458412144 7.808421423339858 5.949999999999999
      vertex 113.69545626433548 7.978105473225924 5.949999999999999
      vertex 113.65207390469142 7.760007623325727 5.949999999999999
    endloop
  endfacet
  facet normal 0 0 1
    outer loop
      vertex 114.98433458412144 7.808421423339858 5.949999999999999
      vertex 113.65207390469142 7.760007623325727 5.949999999999999
      vertex 113.58059520526919 7.549438164979357 5.949999999999999
    endloop
  endfacet
  facet normal 0 0 1
    outer loop
      vertex 114.60807621135332 6.70000000000001 5.949999999999999
      vertex 112.66056183502066 6.629404794730824 5.949999999999999
      vertex 112.44999237667429 6.557926095308595 5.949999999999999
    endloop
  endfacet
  facet normal 0 0 1
    outer loop
      vertex 114.90777747886722 7.42354286469245 5.949999999999999
      vertex 113.58059520526919 7.549438164979357 5.949999999999999
      vertex 113.48224318643355 7.3500000000000085 5.949999999999999
    endloop
  endfacet
  facet normal 0 0 1
    outer loop
      vertex 114.90777747886722 7.42354286469245 5.949999999999999
      vertex 113.48224318643355 7.3500000000000085 5.949999999999999
      vertex 113.35870067849511 7.165105570685185 5.949999999999999
    endloop
  endfacet
  facet normal 0 0 1
    outer loop
      vertex 114.78163859753387 7.051949702904743 5.949999999999999
      vertex 113.21208152801714 6.997918471982878 5.949999999999999
      vertex 113.04489442931484 6.851299321504911 5.949999999999999
    endloop
  endfacet
  facet normal 0 0 1
    outer loop
      vertex 114.78163859753387 7.051949702904743 5.949999999999999
      vertex 113.35870067849511 7.165105570685185 5.949999999999999
      vertex 113.21208152801714 6.997918471982878 5.949999999999999
    endloop
  endfacet
  facet normal 0 0 1
    outer loop
      vertex 114.60807621135332 6.70000000000001 5.949999999999999
      vertex 112.86 6.727756813566465 5.949999999999999
      vertex 112.66056183502066 6.629404794730824 5.949999999999999
    endloop
  endfacet
  facet normal 0 0 1
    outer loop
      vertex 114.60807621135332 6.70000000000001 5.949999999999999
      vertex 113.04489442931484 6.851299321504911 5.949999999999999
      vertex 112.86 6.727756813566465 5.949999999999999
    endloop
  endfacet
  facet normal 0 0 1
    outer loop
      vertex 114.60807621135332 6.70000000000001 5.949999999999999
      vertex 112.44999237667429 6.557926095308595 5.949999999999999
      vertex 114.3900600208737 6.373715712973848 5.949999999999999
    endloop
  endfacet
  facet normal 0 0 1
    outer loop
      vertex 114.60807621135332 6.70000000000001 5.949999999999999
      vertex 114.78163859753387 7.051949702904743 5.949999999999999
      vertex 113.04489442931484 6.851299321504911 5.949999999999999
    endloop
  endfacet
  facet normal 0 0 1
    outer loop
      vertex 114.90777747886722 8.97645713530757 5.949999999999999
      vertex 113.69545626433548 8.421894526774096 5.949999999999999
      vertex 114.98433458412144 8.591578576660162 5.949999999999999
    endloop
  endfacet
  facet normal 0 0 1
    outer loop
      vertex 114.98433458412144 8.591578576660162 5.949999999999999
      vertex 113.71000000000001 8.20000000000001 5.949999999999999
      vertex 115.01 8.20000000000001 5.949999999999999
    endloop
  endfacet
  facet normal 0 0 1
    outer loop
      vertex 115.01 8.20000000000001 5.949999999999999
      vertex 113.69545626433548 7.978105473225924 5.949999999999999
      vertex 114.98433458412144 7.808421423339858 5.949999999999999
    endloop
  endfacet
  facet normal 0 0 1
    outer loop
      vertex 114.98433458412144 7.808421423339858 5.949999999999999
      vertex 113.58059520526919 7.549438164979357 5.949999999999999
      vertex 114.90777747886722 7.42354286469245 5.949999999999999
    endloop
  endfacet
  facet normal 0 0 1
    outer loop
      vertex 114.90777747886722 7.42354286469245 5.949999999999999
      vertex 113.35870067849511 7.165105570685185 5.949999999999999
      vertex 114.78163859753387 7.051949702904743 5.949999999999999
    endloop
  endfacet
  facet normal 0 0 1
    outer loop
      vertex 114.3900600208737 6.373715712973848 5.949999999999999
      vertex 112.2318945267741 6.514543735664532 5.949999999999999
      vertex 112.01 6.500000000000007 5.949999999999999
    endloop
  endfacet
  facet normal 0 0 1
    outer loop
      vertex 109.88867965644036 6.0786796564403645 5.949999999999999
      vertex 114.13132034355965 6.0786796564403645 5.949999999999999
      vertex 114.3900600208737 6.373715712973848 5.949999999999999
    endloop
  endfacet
  facet normal 0 0 1
    outer loop
      vertex 114.3900600208737 6.373715712973848 5.949999999999999
      vertex 112.44999237667429 6.557926095308595 5.949999999999999
      vertex 112.2318945267741 6.514543735664532 5.949999999999999
    endloop
  endfacet
  facet normal 0 0 1
    outer loop
      vertex 110.18371571297385 5.819939979126303 5.949999999999999
      vertex 113.83628428702616 5.819939979126303 5.949999999999999
      vertex 114.13132034355965 6.0786796564403645 5.949999999999999
    endloop
  endfacet
  facet normal 0 0 1
    outer loop
      vertex 110.51 5.601923788646687 5.949999999999999
      vertex 113.51 5.601923788646687 5.949999999999999
      vertex 113.83628428702616 5.819939979126303 5.949999999999999
    endloop
  endfacet
  facet normal 0 0 1
    outer loop
      vertex 110.86194970290474 5.428361402466152 5.949999999999999
      vertex 113.15805029709527 5.428361402466152 5.949999999999999
      vertex 113.51 5.601923788646687 5.949999999999999
    endloop
  endfacet
  facet normal -0.9978589232386043 0.06540312923013057 -3.432867437664219e-19
    outer loop
      vertex 109.03566541587857 8.591578576660162 5.949999999999999
      vertex 109.01 8.20000000000001 3.2
      vertex 109.01 8.20000000000001 5.949999999999999
    endloop
  endfacet
  facet normal -0.9978589232386043 -0.06540312923013057 1.691295439537968e-16
    outer loop
      vertex 109.01 8.20000000000001 5.949999999999999
      vertex 109.03566541587857 7.808421423339851 3.2
      vertex 109.03566541587857 7.808421423339858 5.949999999999999
    endloop
  endfacet
  facet normal -0.9807852804032314 -0.19509032201612278 5.049593355441017e-16
    outer loop
      vertex 109.03566541587857 7.808421423339858 5.949999999999999
      vertex 109.1122225211328 7.423542864692443 3.2
      vertex 109.1122225211328 7.42354286469245 5.949999999999999
    endloop
  endfacet
  facet normal -0.9469301294951041 -0.3214394653031663 1.7128898377571048e-18
    outer loop
      vertex 109.1122225211328 7.42354286469245 5.949999999999999
      vertex 109.23836140246614 7.051949702904743 3.2
      vertex 109.23836140246614 7.051949702904743 5.949999999999999
    endloop
  endfacet
  facet normal -0.8968727415326845 -0.44228869021900924 -3.3420175480964486e-19
    outer loop
      vertex 109.23836140246614 7.051949702904743 5.949999999999999
      vertex 109.41192378864669 6.70000000000001 3.2
      vertex 109.41192378864669 6.70000000000001 5.949999999999999
    endloop
  endfacet
  facet normal -0.8314696123025382 -0.5555702330196125 -3.800759984547158e-18
    outer loop
      vertex 109.41192378864669 6.70000000000001 5.949999999999999
      vertex 109.6299399791263 6.373715712973848 3.2
      vertex 109.6299399791263 6.373715712973848 5.949999999999999
    endloop
  endfacet
  facet normal -0.7518398074789916 -0.6593458151000527 8.449498906017982e-19
    outer loop
      vertex 109.6299399791263 6.373715712973848 5.949999999999999
      vertex 109.88867965644036 6.0786796564403645 3.2
      vertex 109.88867965644036 6.0786796564403645 5.949999999999999
    endloop
  endfacet
  facet normal -0.6593458151000539 -0.7518398074789904 -6.01163951071319e-18
    outer loop
      vertex 109.88867965644036 6.0786796564403645 5.949999999999999
      vertex 110.18371571297385 5.819939979126303 3.2
      vertex 110.18371571297385 5.819939979126303 5.949999999999999
    endloop
  endfacet
  facet normal -0.5555702330196209 -0.8314696123025328 4.227544201000551e-18
    outer loop
      vertex 110.18371571297385 5.819939979126303 5.949999999999999
      vertex 110.51 5.601923788646687 3.2
      vertex 110.51 5.601923788646687 5.949999999999999
    endloop
  endfacet
  facet normal -0.44228869021898004 -0.8968727415326987 -1.6652562947406556e-18
    outer loop
      vertex 110.51 5.601923788646687 5.949999999999999
      vertex 110.86194970290474 5.428361402466152 3.2
      vertex 110.86194970290474 5.428361402466152 5.949999999999999
    endloop
  endfacet
  facet normal -0.3214394653031718 -0.9469301294951021 2.7816411092176216e-18
    outer loop
      vertex 110.86194970290474 5.428361402466152 5.949999999999999
      vertex 111.23354286469244 5.302222521132805 3.2
      vertex 111.23354286469244 5.302222521132805 5.949999999999999
    endloop
  endfacet
  facet normal -0.19509032201611934 -0.9807852804032322 8.865678144477796e-19
    outer loop
      vertex 111.23354286469244 5.302222521132805 5.949999999999999
      vertex 111.61842142333985 5.225665415878581 3.2
      vertex 111.61842142333985 5.225665415878581 5.949999999999999
    endloop
  endfacet
  facet normal -0.06540312923016663 -0.9978589232386019 6.459767650908229e-19
    outer loop
      vertex 111.61842142333985 5.225665415878581 5.949999999999999
      vertex 112.01 5.200000000000003 3.2
      vertex 112.01 5.200000000000003 5.949999999999999
    endloop
  endfacet
  facet normal 0.06540312923016663 -0.9978589232386019 -6.459767650908229e-19
    outer loop
      vertex 112.01 5.200000000000003 5.949999999999999
      vertex 112.40157857666016 5.225665415878581 3.2
      vertex 112.40157857666016 5.225665415878581 5.949999999999999
    endloop
  endfacet
  facet normal 0.9978589232386043 0.06540312923013057 1.6898806680163043e-16
    outer loop
      vertex 114.98433458412144 8.591578576660162 5.949999999999999
      vertex 115.01 8.20000000000001 5.949999999999999
      vertex 114.98433458412144 8.591578576660169 3.2
    endloop
  endfacet
  facet normal 0.9978589232386043 -0.06540312923013057 0
    outer loop
      vertex 115.01 8.20000000000001 5.949999999999999
      vertex 114.98433458412144 7.808421423339858 5.949999999999999
      vertex 115.01 8.20000000000001 3.2
    endloop
  endfacet
  facet normal 0.9807852804032314 -0.19509032201612278 0
    outer loop
      vertex 114.98433458412144 7.808421423339858 5.949999999999999
      vertex 114.90777747886722 7.42354286469245 5.949999999999999
      vertex 114.98433458412144 7.808421423339858 3.2
    endloop
  endfacet
  facet normal 0.9469301294951041 -0.3214394653031663 0
    outer loop
      vertex 114.90777747886722 7.42354286469245 5.949999999999999
      vertex 114.78163859753387 7.051949702904743 5.949999999999999
      vertex 114.90777747886722 7.42354286469245 3.2
    endloop
  endfacet
  facet normal 0.8968727415326845 -0.44228869021900924 3.3420175480964486e-19
    outer loop
      vertex 114.60807621135332 6.70000000000001 5.949999999999999
      vertex 114.78163859753387 7.051949702904743 3.2
      vertex 114.78163859753387 7.051949702904743 5.949999999999999
    endloop
  endfacet
  facet normal 0.6593458151000539 -0.7518398074789904 0
    outer loop
      vertex 114.13132034355965 6.0786796564403645 5.949999999999999
      vertex 113.83628428702616 5.819939979126303 5.949999999999999
      vertex 114.13132034355965 6.0786796564403645 3.2
    endloop
  endfacet
  facet normal 0.5555702330196209 -0.8314696123025328 -4.227544201000551e-18
    outer loop
      vertex 113.51 5.601923788646687 5.949999999999999
      vertex 113.83628428702616 5.819939979126303 3.2
      vertex 113.83628428702616 5.819939979126303 5.949999999999999
    endloop
  endfacet
  facet normal 0.44228869021898004 -0.8968727415326987 0
    outer loop
      vertex 113.51 5.601923788646687 5.949999999999999
      vertex 113.15805029709527 5.428361402466152 5.949999999999999
      vertex 113.51 5.601923788646687 3.2
    endloop
  endfacet
  facet normal 0.19509032201611934 -0.9807852804032322 -8.865678144477796e-19
    outer loop
      vertex 112.40157857666016 5.225665415878581 5.949999999999999
      vertex 112.78645713530757 5.302222521132805 3.2
      vertex 112.78645713530757 5.302222521132805 5.949999999999999
    endloop
  endfacet
  facet normal 0.3214394653031718 -0.9469301294951021 -2.7816411092176216e-18
    outer loop
      vertex 112.78645713530757 5.302222521132805 5.949999999999999
      vertex 113.15805029709527 5.428361402466152 3.2
      vertex 113.15805029709527 5.428361402466152 5.949999999999999
    endloop
  endfacet
  facet normal 0.8314696123025382 -0.5555702330196125 3.800759984547158e-18
    outer loop
      vertex 114.60807621135332 6.70000000000001 5.949999999999999
      vertex 114.3900600208737 6.373715712973848 5.949999999999999
      vertex 114.3900600208737 6.373715712973848 3.2
    endloop
  endfacet
  facet normal 0.7518398074789916 -0.6593458151000527 -8.449498906017982e-19
    outer loop
      vertex 114.13132034355965 6.0786796564403645 5.949999999999999
      vertex 114.3900600208737 6.373715712973848 3.2
      vertex 114.3900600208737 6.373715712973848 5.949999999999999
    endloop
  endfacet
  facet normal -0.4422886902189946 0.8968727415326915 0
    outer loop
      vertex 110.86194970290474 10.971638597533868 5.949999999999999
      vertex 110.86194970290474 10.971638597533868 3.2
      vertex 110.51 10.798076211353326 3.2
    endloop
  endfacet
  facet normal -0.3214394653031718 0.9469301294951021 0
    outer loop
      vertex 111.23354286469244 11.097777478867215 5.949999999999999
      vertex 111.23354286469244 11.097777478867215 3.2
      vertex 110.86194970290474 10.971638597533868 3.2
    endloop
  endfacet
  facet normal -0.06540312923014861 0.9978589232386031 0
    outer loop
      vertex 112.01 11.20000000000001 5.949999999999999
      vertex 112.01 11.20000000000001 3.2
      vertex 111.61842142333985 11.17433458412144 3.2
    endloop
  endfacet
  facet normal -0.19509032201611934 0.9807852804032322 0
    outer loop
      vertex 111.61842142333985 11.17433458412144 5.949999999999999
      vertex 111.61842142333985 11.17433458412144 3.2
      vertex 111.23354286469244 11.097777478867215 3.2
    endloop
  endfacet
  facet normal 0.06540312923014861 0.9978589232386031 0
    outer loop
      vertex 112.40157857666016 11.17433458412144 5.949999999999999
      vertex 112.40157857666016 11.17433458412144 3.2
      vertex 112.01 11.20000000000001 3.2
    endloop
  endfacet
  facet normal -0.8314696123025382 0.5555702330196125 0
    outer loop
      vertex 109.41192378864669 9.70000000000001 5.949999999999999
      vertex 109.6299399791263 10.026284287026172 3.2
      vertex 109.41192378864669 9.70000000000001 3.2
    endloop
  endfacet
  facet normal -0.5555702330196085 0.8314696123025411 0
    outer loop
      vertex 110.51 10.798076211353326 5.949999999999999
      vertex 110.51 10.798076211353326 3.2
      vertex 110.18371571297385 10.580060020873717 3.2
    endloop
  endfacet
  facet normal -0.6593458151000539 0.7518398074789904 0
    outer loop
      vertex 110.18371571297385 10.580060020873717 5.949999999999999
      vertex 110.18371571297385 10.580060020873717 3.2
      vertex 109.88867965644036 10.321320343559655 3.2
    endloop
  endfacet
  facet normal -0.7518398074789916 0.6593458151000527 0
    outer loop
      vertex 109.88867965644036 10.321320343559655 5.949999999999999
      vertex 109.88867965644036 10.321320343559655 3.2
      vertex 109.6299399791263 10.026284287026172 3.2
    endloop
  endfacet
  facet normal -0.8968727415326845 0.44228869021900924 0
    outer loop
      vertex 109.41192378864669 9.70000000000001 5.949999999999999
      vertex 109.41192378864669 9.70000000000001 3.2
      vertex 109.23836140246614 9.348050297095277 3.2
    endloop
  endfacet
  facet normal -0.9807852804032314 0.19509032201612278 0
    outer loop
      vertex 109.1122225211328 8.97645713530757 5.949999999999999
      vertex 109.1122225211328 8.97645713530757 3.2
      vertex 109.03566541587857 8.591578576660162 3.2
    endloop
  endfacet
  facet normal -0.9469301294951041 0.3214394653031663 0
    outer loop
      vertex 109.23836140246614 9.348050297095277 5.949999999999999
      vertex 109.23836140246614 9.348050297095277 3.2
      vertex 109.1122225211328 8.97645713530757 3.2
    endloop
  endfacet
  facet normal 0.19509032201611934 0.9807852804032322 0
    outer loop
      vertex 112.78645713530757 11.097777478867215 5.949999999999999
      vertex 112.78645713530757 11.097777478867215 3.2
      vertex 112.40157857666016 11.17433458412144 3.2
    endloop
  endfacet
  facet normal 0.3214394653031718 0.9469301294951021 0
    outer loop
      vertex 113.15805029709527 10.971638597533868 5.949999999999999
      vertex 113.15805029709527 10.971638597533868 3.2
      vertex 112.78645713530757 11.097777478867215 3.2
    endloop
  endfacet
  facet normal 0.4422886902189946 0.8968727415326915 0
    outer loop
      vertex 113.51 10.798076211353326 5.949999999999999
      vertex 113.51 10.798076211353326 3.2
      vertex 113.15805029709527 10.971638597533868 3.2
    endloop
  endfacet
  facet normal 0.5555702330196085 0.8314696123025411 0
    outer loop
      vertex 113.83628428702616 10.580060020873717 5.949999999999999
      vertex 113.83628428702616 10.580060020873717 3.2
      vertex 113.51 10.798076211353326 3.2
    endloop
  endfacet
  facet normal 0.6593458151000539 0.7518398074789904 0
    outer loop
      vertex 114.13132034355965 10.321320343559655 5.949999999999999
      vertex 114.13132034355965 10.321320343559655 3.2
      vertex 113.83628428702616 10.580060020873717 3.2
    endloop
  endfacet
  facet normal 0.7518398074789916 0.6593458151000527 0
    outer loop
      vertex 114.3900600208737 10.026284287026172 5.949999999999999
      vertex 114.3900600208737 10.026284287026172 3.2
      vertex 114.13132034355965 10.321320343559655 3.2
    endloop
  endfacet
  facet normal 0.8314696123025382 0.5555702330196125 0
    outer loop
      vertex 114.60807621135332 9.70000000000001 5.949999999999999
      vertex 114.60807621135332 9.70000000000001 3.2
      vertex 114.3900600208737 10.026284287026172 3.2
    endloop
  endfacet
  facet normal 0.8968727415326845 0.44228869021900924 0
    outer loop
      vertex 114.78163859753387 9.348050297095277 5.949999999999999
      vertex 114.78163859753387 9.348050297095277 3.2
      vertex 114.60807621135332 9.70000000000001 3.2
    endloop
  endfacet
  facet normal 0.9469301294951021 0.3214394653031718 8.305326438464711e-16
    outer loop
      vertex 114.90777747886722 8.97645713530757 5.949999999999999
      vertex 114.90777747886722 8.976457135307577 3.2
      vertex 114.78163859753387 9.348050297095277 3.2
    endloop
  endfacet
  facet normal 0.9807852804032314 0.19509032201612278 5.040727677296539e-16
    outer loop
      vertex 114.98433458412144 8.591578576660162 5.949999999999999
      vertex 114.98433458412144 8.591578576660169 3.2
      vertex 114.90777747886722 8.976457135307577 3.2
    endloop
  endfacet
  facet normal -0.9978589232386043 0.06540312923013057 0
    outer loop
      vertex 109.03566541587857 8.591578576660162 5.949999999999999
      vertex 109.03566541587857 8.591578576660162 3.2
      vertex 109.01 8.20000000000001 3.2
    endloop
  endfacet
  facet normal -0.9978589232386045 -0.06540312923012939 0
    outer loop
      vertex 109.01 8.20000000000001 5.949999999999999
      vertex 109.01 8.20000000000001 3.2
      vertex 109.03566541587857 7.808421423339851 3.2
    endloop
  endfacet
  facet normal -0.9807852804032314 -0.19509032201612278 5.040727677296539e-16
    outer loop
      vertex 109.03566541587857 7.808421423339858 5.949999999999999
      vertex 109.03566541587857 7.808421423339851 3.2
      vertex 109.1122225211328 7.423542864692443 3.2
    endloop
  endfacet
  facet normal -0.9469301294951021 -0.3214394653031718 8.305326438464711e-16
    outer loop
      vertex 109.1122225211328 7.42354286469245 5.949999999999999
      vertex 109.1122225211328 7.423542864692443 3.2
      vertex 109.23836140246614 7.051949702904743 3.2
    endloop
  endfacet
  facet normal -0.8968727415326845 -0.44228869021900924 0
    outer loop
      vertex 109.23836140246614 7.051949702904743 5.949999999999999
      vertex 109.23836140246614 7.051949702904743 3.2
      vertex 109.41192378864669 6.70000000000001 3.2
    endloop
  endfacet
  facet normal -0.8314696123025382 -0.5555702330196125 0
    outer loop
      vertex 109.41192378864669 6.70000000000001 5.949999999999999
      vertex 109.41192378864669 6.70000000000001 3.2
      vertex 109.6299399791263 6.373715712973848 3.2
    endloop
  endfacet
  facet normal -0.7518398074789916 -0.6593458151000527 0
    outer loop
      vertex 109.6299399791263 6.373715712973848 5.949999999999999
      vertex 109.6299399791263 6.373715712973848 3.2
      vertex 109.88867965644036 6.0786796564403645 3.2
    endloop
  endfacet
  facet normal -0.6593458151000539 -0.7518398074789904 0
    outer loop
      vertex 109.88867965644036 6.0786796564403645 5.949999999999999
      vertex 109.88867965644036 6.0786796564403645 3.2
      vertex 110.18371571297385 5.819939979126303 3.2
    endloop
  endfacet
  facet normal -0.5555702330196209 -0.8314696123025328 0
    outer loop
      vertex 110.18371571297385 5.819939979126303 5.949999999999999
      vertex 110.18371571297385 5.819939979126303 3.2
      vertex 110.51 5.601923788646687 3.2
    endloop
  endfacet
  facet normal -0.44228869021898004 -0.8968727415326987 0
    outer loop
      vertex 110.51 5.601923788646687 5.949999999999999
      vertex 110.51 5.601923788646687 3.2
      vertex 110.86194970290474 5.428361402466152 3.2
    endloop
  endfacet
  facet normal -0.3214394653031718 -0.9469301294951021 0
    outer loop
      vertex 110.86194970290474 5.428361402466152 5.949999999999999
      vertex 110.86194970290474 5.428361402466152 3.2
      vertex 111.23354286469244 5.302222521132805 3.2
    endloop
  endfacet
  facet normal -0.19509032201611934 -0.9807852804032322 0
    outer loop
      vertex 111.23354286469244 5.302222521132805 5.949999999999999
      vertex 111.23354286469244 5.302222521132805 3.2
      vertex 111.61842142333985 5.225665415878581 3.2
    endloop
  endfacet
  facet normal -0.06540312923016663 -0.9978589232386019 0
    outer loop
      vertex 111.61842142333985 5.225665415878581 5.949999999999999
      vertex 111.61842142333985 5.225665415878581 3.2
      vertex 112.01 5.200000000000003 3.2
    endloop
  endfacet
  facet normal 0.06540312923016663 -0.9978589232386019 0
    outer loop
      vertex 112.01 5.200000000000003 5.949999999999999
      vertex 112.01 5.200000000000003 3.2
      vertex 112.40157857666016 5.225665415878581 3.2
    endloop
  endfacet
  facet normal 0.9978589232386045 0.06540312923012939 0
    outer loop
      vertex 115.01 8.20000000000001 5.949999999999999
      vertex 115.01 8.20000000000001 3.2
      vertex 114.98433458412144 8.591578576660169 3.2
    endloop
  endfacet
  facet normal 0.9978589232386043 -0.06540312923013057 0
    outer loop
      vertex 114.98433458412144 7.808421423339858 5.949999999999999
      vertex 114.98433458412144 7.808421423339858 3.2
      vertex 115.01 8.20000000000001 3.2
    endloop
  endfacet
  facet normal 0.9807852804032314 -0.19509032201612278 0
    outer loop
      vertex 114.90777747886722 7.42354286469245 5.949999999999999
      vertex 114.90777747886722 7.42354286469245 3.2
      vertex 114.98433458412144 7.808421423339858 3.2
    endloop
  endfacet
  facet normal 0.9469301294951041 -0.3214394653031663 0
    outer loop
      vertex 114.78163859753387 7.051949702904743 5.949999999999999
      vertex 114.78163859753387 7.051949702904743 3.2
      vertex 114.90777747886722 7.42354286469245 3.2
    endloop
  endfacet
  facet normal 0.8968727415326845 -0.44228869021900924 0
    outer loop
      vertex 114.60807621135332 6.70000000000001 5.949999999999999
      vertex 114.60807621135332 6.70000000000001 3.2
      vertex 114.78163859753387 7.051949702904743 3.2
    endloop
  endfacet
  facet normal 0.8314696123025382 -0.5555702330196125 0
    outer loop
      vertex 114.60807621135332 6.70000000000001 5.949999999999999
      vertex 114.3900600208737 6.373715712973848 3.2
      vertex 114.60807621135332 6.70000000000001 3.2
    endloop
  endfacet
  facet normal 0.44228869021898004 -0.8968727415326987 0
    outer loop
      vertex 113.15805029709527 5.428361402466152 5.949999999999999
      vertex 113.15805029709527 5.428361402466152 3.2
      vertex 113.51 5.601923788646687 3.2
    endloop
  endfacet
  facet normal 0.7518398074789916 -0.6593458151000527 0
    outer loop
      vertex 114.13132034355965 6.0786796564403645 5.949999999999999
      vertex 114.13132034355965 6.0786796564403645 3.2
      vertex 114.3900600208737 6.373715712973848 3.2
    endloop
  endfacet
  facet normal 0.5555702330196209 -0.8314696123025328 0
    outer loop
      vertex 113.51 5.601923788646687 5.949999999999999
      vertex 113.51 5.601923788646687 3.2
      vertex 113.83628428702616 5.819939979126303 3.2
    endloop
  endfacet
  facet normal 0.6593458151000539 -0.7518398074789904 0
    outer loop
      vertex 113.83628428702616 5.819939979126303 5.949999999999999
      vertex 113.83628428702616 5.819939979126303 3.2
      vertex 114.13132034355965 6.0786796564403645 3.2
    endloop
  endfacet
  facet normal 0.19509032201611934 -0.9807852804032322 0
    outer loop
      vertex 112.40157857666016 5.225665415878581 5.949999999999999
      vertex 112.40157857666016 5.225665415878581 3.2
      vertex 112.78645713530757 5.302222521132805 3.2
    endloop
  endfacet
  facet normal 0.3214394653031718 -0.9469301294951021 0
    outer loop
      vertex 112.78645713530757 5.302222521132805 5.949999999999999
      vertex 112.78645713530757 5.302222521132805 3.2
      vertex 113.15805029709527 5.428361402466152 3.2
    endloop
  endfacet
  facet normal 0 0 1
    outer loop
      vertex 6.751949702904739 64.25163859753387 5.949999999999999
      vertex 6.400000000000006 64.07807621135332 5.949999999999999
      vertex 9.048050297095273 64.25163859753387 5.949999999999999
    endloop
  endfacet
  facet normal 0 0 1
    outer loop
      vertex 6.073715712973851 63.86006002087371 5.949999999999999
      vertex 9.400000000000006 64.07807621135332 5.949999999999999
      vertex 6.400000000000006 64.07807621135332 5.949999999999999
    endloop
  endfacet
  facet normal 0 0 1
    outer loop
      vertex 6.073715712973851 63.86006002087371 5.949999999999999
      vertex 5.77867965644036 63.60132034355965 5.949999999999999
      vertex 9.72628428702616 63.86006002087371 5.949999999999999
    endloop
  endfacet
  facet normal 0 0 1
    outer loop
      vertex 5.519939979126306 63.306284287026166 5.949999999999999
      vertex 7.460007623325723 63.12207390469142 5.949999999999999
      vertex 7.678105473225912 63.16545626433548 5.949999999999999
    endloop
  endfacet
  facet normal 0 0 1
    outer loop
      vertex 5.519939979126306 63.306284287026166 5.949999999999999
      vertex 10.021320343559651 63.60132034355965 5.949999999999999
      vertex 5.77867965644036 63.60132034355965 5.949999999999999
    endloop
  endfacet
  facet normal 0 0 1
    outer loop
      vertex 5.519939979126306 63.306284287026166 5.949999999999999
      vertex 7.678105473225912 63.16545626433548 5.949999999999999
      vertex 7.900000000000006 63.18000000000001 5.949999999999999
    endloop
  endfacet
  facet normal 0 0 1
    outer loop
      vertex 5.12836140246614 62.62805029709528 5.949999999999999
      vertex 5.0022225211327935 62.25645713530757 5.949999999999999
      vertex 6.551299321504899 62.51489442931483 5.949999999999999
    endloop
  endfacet
  facet normal 0 0 1
    outer loop
      vertex 5.0022225211327935 62.25645713530757 5.949999999999999
      vertex 4.925665415878569 61.87157857666016 5.949999999999999
      vertex 6.32940479473082 62.13056183502066 5.949999999999999
    endloop
  endfacet
  facet normal 0 0 1
    outer loop
      vertex 4.925665415878569 61.87157857666016 5.949999999999999
      vertex 4.900000000000006 61.480000000000004 5.949999999999999
      vertex 6.2145437356645346 61.7018945267741 5.949999999999999
    endloop
  endfacet
  facet normal 0 0 1
    outer loop
      vertex 4.900000000000006 61.480000000000004 5.949999999999999
      vertex 4.925665415878569 61.08842142333985 5.949999999999999
      vertex 6.200000000000003 61.480000000000004 5.949999999999999
    endloop
  endfacet
  facet normal 0 0 1
    outer loop
      vertex 4.925665415878569 61.08842142333985 5.949999999999999
      vertex 5.0022225211327935 60.703542864692444 5.949999999999999
      vertex 6.2145437356645346 61.25810547322592 5.949999999999999
    endloop
  endfacet
  facet normal 0 0 1
    outer loop
      vertex 5.12836140246614 62.62805029709528 5.949999999999999
      vertex 6.865105570685174 62.82870067849511 5.949999999999999
      vertex 5.30192378864669 62.980000000000004 5.949999999999999
    endloop
  endfacet
  facet normal 0 0 1
    outer loop
      vertex 5.519939979126306 63.306284287026166 5.949999999999999
      vertex 5.30192378864669 62.980000000000004 5.949999999999999
      vertex 7.460007623325723 63.12207390469142 5.949999999999999
    endloop
  endfacet
  facet normal 0 0 1
    outer loop
      vertex 5.30192378864669 62.980000000000004 5.949999999999999
      vertex 6.865105570685174 62.82870067849511 5.949999999999999
      vertex 7.050000000000011 62.95224318643355 5.949999999999999
    endloop
  endfacet
  facet normal 0 0 1
    outer loop
      vertex 5.30192378864669 62.980000000000004 5.949999999999999
      vertex 7.050000000000011 62.95224318643355 5.949999999999999
      vertex 7.2494381649793525 63.0505952052692 5.949999999999999
    endloop
  endfacet
  facet normal 0 0 1
    outer loop
      vertex 5.12836140246614 62.62805029709528 5.949999999999999
      vertex 6.551299321504899 62.51489442931483 5.949999999999999
      vertex 6.697918471982874 62.682081528017136 5.949999999999999
    endloop
  endfacet
  facet normal 0 0 1
    outer loop
      vertex 5.12836140246614 62.62805029709528 5.949999999999999
      vertex 6.697918471982874 62.682081528017136 5.949999999999999
      vertex 6.865105570685174 62.82870067849511 5.949999999999999
    endloop
  endfacet
  facet normal 0 0 1
    outer loop
      vertex 5.0022225211327935 62.25645713530757 5.949999999999999
      vertex 6.427756813566461 62.330000000000005 5.949999999999999
      vertex 6.551299321504899 62.51489442931483 5.949999999999999
    endloop
  endfacet
  facet normal 0 0 1
    outer loop
      vertex 5.0022225211327935 62.25645713530757 5.949999999999999
      vertex 6.32940479473082 62.13056183502066 5.949999999999999
      vertex 6.427756813566461 62.330000000000005 5.949999999999999
    endloop
  endfacet
  facet normal 0 0 1
    outer loop
      vertex 5.30192378864669 62.980000000000004 5.949999999999999
      vertex 7.2494381649793525 63.0505952052692 5.949999999999999
      vertex 7.460007623325723 63.12207390469142 5.949999999999999
    endloop
  endfacet
  facet normal 0 0 1
    outer loop
      vertex 4.925665415878569 61.87157857666016 5.949999999999999
      vertex 6.257926095308591 61.919992376674294 5.949999999999999
      vertex 6.32940479473082 62.13056183502066 5.949999999999999
    endloop
  endfacet
  facet normal 0 0 1
    outer loop
      vertex 4.925665415878569 61.87157857666016 5.949999999999999
      vertex 6.2145437356645346 61.7018945267741 5.949999999999999
      vertex 6.257926095308591 61.919992376674294 5.949999999999999
    endloop
  endfacet
  facet normal 0 0 1
    outer loop
      vertex 4.900000000000006 61.480000000000004 5.949999999999999
      vertex 6.200000000000003 61.480000000000004 5.949999999999999
      vertex 6.2145437356645346 61.7018945267741 5.949999999999999
    endloop
  endfacet
  facet normal 0 0 1
    outer loop
      vertex 4.925665415878569 61.08842142333985 5.949999999999999
      vertex 6.2145437356645346 61.25810547322592 5.949999999999999
      vertex 6.200000000000003 61.480000000000004 5.949999999999999
    endloop
  endfacet
  facet normal 0 0 1
    outer loop
      vertex 5.0022225211327935 60.703542864692444 5.949999999999999
      vertex 6.257926095308591 61.04000762332572 5.949999999999999
      vertex 6.2145437356645346 61.25810547322592 5.949999999999999
    endloop
  endfacet
  facet normal 0 0 1
    outer loop
      vertex 7.123542864692439 64.37777747886722 5.949999999999999
      vertex 8.291578576660157 64.45433458412144 5.949999999999999
      vertex 7.508421423339854 64.45433458412144 5.949999999999999
    endloop
  endfacet
  facet normal 0 0 1
    outer loop
      vertex 6.751949702904739 64.25163859753387 5.949999999999999
      vertex 8.676457135307572 64.37777747886722 5.949999999999999
      vertex 7.123542864692439 64.37777747886722 5.949999999999999
    endloop
  endfacet
  facet normal 0 0 1
    outer loop
      vertex 7.508421423339854 64.45433458412144 5.949999999999999
      vertex 8.291578576660157 64.45433458412144 5.949999999999999
      vertex 7.900000000000006 64.48 5.949999999999999
    endloop
  endfacet
  facet normal 0 0 1
    outer loop
      vertex 7.123542864692439 64.37777747886722 5.949999999999999
      vertex 8.676457135307572 64.37777747886722 5.949999999999999
      vertex 8.291578576660157 64.45433458412144 5.949999999999999
    endloop
  endfacet
  facet normal 0 0 1
    outer loop
      vertex 6.751949702904739 64.25163859753387 5.949999999999999
      vertex 9.048050297095273 64.25163859753387 5.949999999999999
      vertex 8.676457135307572 64.37777747886722 5.949999999999999
    endloop
  endfacet
  facet normal 0 0 1
    outer loop
      vertex 6.400000000000006 64.07807621135332 5.949999999999999
      vertex 9.400000000000006 64.07807621135332 5.949999999999999
      vertex 9.048050297095273 64.25163859753387 5.949999999999999
    endloop
  endfacet
  facet normal 0 0 1
    outer loop
      vertex 6.073715712973851 63.86006002087371 5.949999999999999
      vertex 9.72628428702616 63.86006002087371 5.949999999999999
      vertex 9.400000000000006 64.07807621135332 5.949999999999999
    endloop
  endfacet
  facet normal 0 0 1
    outer loop
      vertex 5.519939979126306 63.306284287026166 5.949999999999999
      vertex 7.900000000000006 63.18000000000001 5.949999999999999
      vertex 10.280060020873705 63.306284287026166 5.949999999999999
    endloop
  endfacet
  facet normal 0 0 1
    outer loop
      vertex 5.77867965644036 63.60132034355965 5.949999999999999
      vertex 10.021320343559651 63.60132034355965 5.949999999999999
      vertex 9.72628428702616 63.86006002087371 5.949999999999999
    endloop
  endfacet
  facet normal 0 0 1
    outer loop
      vertex 5.519939979126306 63.306284287026166 5.949999999999999
      vertex 10.280060020873705 63.306284287026166 5.949999999999999
      vertex 10.021320343559651 63.60132034355965 5.949999999999999
    endloop
  endfacet
  facet normal 0 0 1
    outer loop
      vertex 10.280060020873705 63.306284287026166 5.949999999999999
      vertex 7.900000000000006 63.18000000000001 5.949999999999999
      vertex 8.1218945267741 63.16545626433548 5.949999999999999
    endloop
  endfacet
  facet normal 0 0 1
    outer loop
      vertex 10.280060020873705 63.306284287026166 5.949999999999999
      vertex 8.1218945267741 63.16545626433548 5.949999999999999
      vertex 8.339992376674289 63.12207390469142 5.949999999999999
    endloop
  endfacet
  facet normal 0 0 1
    outer loop
      vertex 10.280060020873705 63.306284287026166 5.949999999999999
      vertex 8.339992376674289 63.12207390469142 5.949999999999999
      vertex 8.550561835020659 63.0505952052692 5.949999999999999
    endloop
  endfacet
  facet normal 0 0 1
    outer loop
      vertex 10.280060020873705 63.306284287026166 5.949999999999999
      vertex 8.550561835020659 63.0505952052692 5.949999999999999
      vertex 8.75 62.95224318643355 5.949999999999999
    endloop
  endfacet
  facet normal 0 0 1
    outer loop
      vertex 10.498076211353322 62.980000000000004 5.949999999999999
      vertex 8.75 62.95224318643355 5.949999999999999
      vertex 8.934894429314838 62.82870067849511 5.949999999999999
    endloop
  endfacet
  facet normal 0 0 1
    outer loop
      vertex 10.498076211353322 62.980000000000004 5.949999999999999
      vertex 8.934894429314838 62.82870067849511 5.949999999999999
      vertex 9.102081528017138 62.682081528017136 5.949999999999999
    endloop
  endfacet
  facet normal 0 0 1
    outer loop
      vertex 10.498076211353322 62.980000000000004 5.949999999999999
      vertex 9.102081528017138 62.682081528017136 5.949999999999999
      vertex 9.248700678495112 62.51489442931483 5.949999999999999
    endloop
  endfacet
  facet normal 0 0 1
    outer loop
      vertex 10.280060020873705 63.306284287026166 5.949999999999999
      vertex 8.75 62.95224318643355 5.949999999999999
      vertex 10.498076211353322 62.980000000000004 5.949999999999999
    endloop
  endfacet
  facet normal 0 0 1
    outer loop
      vertex 10.498076211353322 62.980000000000004 5.949999999999999
      vertex 9.248700678495112 62.51489442931483 5.949999999999999
      vertex 10.671638597533871 62.62805029709528 5.949999999999999
    endloop
  endfacet
  facet normal 0 0 1
    outer loop
      vertex 10.671638597533871 62.62805029709528 5.949999999999999
      vertex 9.248700678495112 62.51489442931483 5.949999999999999
      vertex 9.37224318643355 62.330000000000005 5.949999999999999
    endloop
  endfacet
  facet normal 0 0 1
    outer loop
      vertex 10.671638597533871 62.62805029709528 5.949999999999999
      vertex 9.37224318643355 62.330000000000005 5.949999999999999
      vertex 9.470595205269191 62.13056183502066 5.949999999999999
    endloop
  endfacet
  facet normal 0 0 1
    outer loop
      vertex 10.797777478867218 62.25645713530757 5.949999999999999
      vertex 9.470595205269191 62.13056183502066 5.949999999999999
      vertex 9.54207390469142 61.919992376674294 5.949999999999999
    endloop
  endfacet
  facet normal 0 0 1
    outer loop
      vertex 10.671638597533871 62.62805029709528 5.949999999999999
      vertex 9.470595205269191 62.13056183502066 5.949999999999999
      vertex 10.797777478867218 62.25645713530757 5.949999999999999
    endloop
  endfacet
  facet normal 0 0 1
    outer loop
      vertex 10.797777478867218 62.25645713530757 5.949999999999999
      vertex 9.54207390469142 61.919992376674294 5.949999999999999
      vertex 9.585456264335477 61.7018945267741 5.949999999999999
    endloop
  endfacet
  facet normal 0 0 1
    outer loop
      vertex 10.874334584121442 61.87157857666016 5.949999999999999
      vertex 9.585456264335477 61.7018945267741 5.949999999999999
      vertex 9.600000000000009 61.480000000000004 5.949999999999999
    endloop
  endfacet
  facet normal 0 0 1
    outer loop
      vertex 10.900000000000006 61.480000000000004 5.949999999999999
      vertex 9.600000000000009 61.480000000000004 5.949999999999999
      vertex 9.585456264335477 61.25810547322592 5.949999999999999
    endloop
  endfacet
  facet normal 0 0 1
    outer loop
      vertex 10.874334584121442 61.08842142333985 5.949999999999999
      vertex 9.585456264335477 61.25810547322592 5.949999999999999
      vertex 9.54207390469142 61.04000762332572 5.949999999999999
    endloop
  endfacet
  facet normal 0 0 1
    outer loop
      vertex 10.874334584121442 61.08842142333985 5.949999999999999
      vertex 9.54207390469142 61.04000762332572 5.949999999999999
      vertex 9.470595205269191 60.82943816497935 5.949999999999999
    endloop
  endfacet
  facet normal 0 0 1
    outer loop
      vertex 10.797777478867218 62.25645713530757 5.949999999999999
      vertex 9.585456264335477 61.7018945267741 5.949999999999999
      vertex 10.874334584121442 61.87157857666016 5.949999999999999
    endloop
  endfacet
  facet normal 0 0 1
    outer loop
      vertex 10.874334584121442 61.87157857666016 5.949999999999999
      vertex 9.600000000000009 61.480000000000004 5.949999999999999
      vertex 10.900000000000006 61.480000000000004 5.949999999999999
    endloop
  endfacet
  facet normal 0 0 1
    outer loop
      vertex 10.900000000000006 61.480000000000004 5.949999999999999
      vertex 9.585456264335477 61.25810547322592 5.949999999999999
      vertex 10.874334584121442 61.08842142333985 5.949999999999999
    endloop
  endfacet
  facet normal -0.7518398074789916 0.6593458151000527 0
    outer loop
      vertex 5.519939979126306 63.306284287026166 5.949999999999999
      vertex 5.77867965644036 63.60132034355965 5.949999999999999
      vertex 5.519939979126306 63.306284287026166 3.2
    endloop
  endfacet
  facet normal -0.8314696123025382 0.5555702330196125 0
    outer loop
      vertex 5.519939979126306 63.306284287026166 5.949999999999999
      vertex 5.519939979126306 63.306284287026166 3.2
      vertex 5.30192378864669 62.980000000000004 5.949999999999999
    endloop
  endfacet
  facet normal -0.3214394653031718 0.9469301294951021 0
    outer loop
      vertex 6.751949702904739 64.25163859753387 5.949999999999999
      vertex 7.123542864692439 64.37777747886722 5.949999999999999
      vertex 6.751949702904739 64.25163859753387 3.2
    endloop
  endfacet
  facet normal -0.19509032201611934 0.9807852804032322 0
    outer loop
      vertex 7.123542864692439 64.37777747886722 5.949999999999999
      vertex 7.508421423339854 64.45433458412144 5.949999999999999
      vertex 7.123542864692439 64.37777747886722 3.2
    endloop
  endfacet
  facet normal -0.44228869021900924 0.8968727415326845 3.3420175480964486e-19
    outer loop
      vertex 6.751949702904739 64.25163859753387 5.949999999999999
      vertex 6.400000000000006 64.07807621135332 3.2
      vertex 6.400000000000006 64.07807621135332 5.949999999999999
    endloop
  endfacet
  facet normal -0.5555702330196085 0.8314696123025411 0
    outer loop
      vertex 6.073715712973851 63.86006002087371 5.949999999999999
      vertex 6.400000000000006 64.07807621135332 5.949999999999999
      vertex 6.073715712973851 63.86006002087371 3.2
    endloop
  endfacet
  facet normal -0.6593458151000539 0.7518398074789904 6.01163951071319e-18
    outer loop
      vertex 6.073715712973851 63.86006002087371 5.949999999999999
      vertex 5.77867965644036 63.60132034355965 3.2
      vertex 5.77867965644036 63.60132034355965 5.949999999999999
    endloop
  endfacet
  facet normal -0.8968727415326807 0.44228869021901634 0
    outer loop
      vertex 5.12836140246614 62.62805029709528 5.949999999999999
      vertex 5.30192378864669 62.980000000000004 5.949999999999999
      vertex 5.12836140246614 62.62805029709528 3.2
    endloop
  endfacet
  facet normal -0.9469301294951041 0.3214394653031663 -1.7128898377571048e-18
    outer loop
      vertex 5.12836140246614 62.62805029709528 5.949999999999999
      vertex 5.0022225211327935 62.25645713530757 3.2
      vertex 5.0022225211327935 62.25645713530757 5.949999999999999
    endloop
  endfacet
  facet normal -0.9807852804032314 0.19509032201612278 -2.0805207792009491e-19
    outer loop
      vertex 5.0022225211327935 62.25645713530757 5.949999999999999
      vertex 4.925665415878569 61.87157857666016 3.2
      vertex 4.925665415878569 61.87157857666016 5.949999999999999
    endloop
  endfacet
  facet normal -0.9978589232386045 0.06540312923012939 -1.4147715216636242e-19
    outer loop
      vertex 4.925665415878569 61.87157857666016 5.949999999999999
      vertex 4.900000000000006 61.480000000000004 3.2
      vertex 4.900000000000006 61.480000000000004 5.949999999999999
    endloop
  endfacet
  facet normal -0.9978589232386043 -0.06540312923013057 3.432867437664219e-19
    outer loop
      vertex 4.900000000000006 61.480000000000004 5.949999999999999
      vertex 4.925665415878569 61.08842142333985 3.2
      vertex 4.925665415878569 61.08842142333985 5.949999999999999
    endloop
  endfacet
  facet normal -0.06540312923013057 0.9978589232386043 0
    outer loop
      vertex 7.508421423339854 64.45433458412144 5.949999999999999
      vertex 7.900000000000006 64.48 5.949999999999999
      vertex 7.508421423339854 64.45433458412144 3.2
    endloop
  endfacet
  facet normal 0.06540312923013057 0.9978589232386043 0
    outer loop
      vertex 7.900000000000006 64.48 5.949999999999999
      vertex 8.291578576660157 64.45433458412144 5.949999999999999
      vertex 7.900000000000006 64.48 3.2
    endloop
  endfacet
  facet normal 0.19509032201611934 0.9807852804032322 0
    outer loop
      vertex 8.291578576660157 64.45433458412144 5.949999999999999
      vertex 8.676457135307572 64.37777747886722 5.949999999999999
      vertex 8.291578576660157 64.45433458412144 3.2
    endloop
  endfacet
  facet normal 0.3214394653031718 0.9469301294951021 0
    outer loop
      vertex 8.676457135307572 64.37777747886722 5.949999999999999
      vertex 9.048050297095273 64.25163859753387 5.949999999999999
      vertex 8.676457135307572 64.37777747886722 3.2
    endloop
  endfacet
  facet normal 0.44228869021900924 0.8968727415326845 0
    outer loop
      vertex 9.048050297095273 64.25163859753387 5.949999999999999
      vertex 9.400000000000006 64.07807621135332 5.949999999999999
      vertex 9.048050297095273 64.25163859753387 3.2
    endloop
  endfacet
  facet normal 0.5555702330196085 0.8314696123025411 0
    outer loop
      vertex 9.400000000000006 64.07807621135332 5.949999999999999
      vertex 9.72628428702616 63.86006002087371 5.949999999999999
      vertex 9.400000000000006 64.07807621135332 3.2
    endloop
  endfacet
  facet normal 0.6593458151000539 0.7518398074789904 0
    outer loop
      vertex 9.72628428702616 63.86006002087371 5.949999999999999
      vertex 10.021320343559651 63.60132034355965 5.949999999999999
      vertex 9.72628428702616 63.86006002087371 3.2
    endloop
  endfacet
  facet normal 0.7518398074789916 0.6593458151000527 0
    outer loop
      vertex 10.021320343559651 63.60132034355965 5.949999999999999
      vertex 10.280060020873705 63.306284287026166 5.949999999999999
      vertex 10.021320343559651 63.60132034355965 3.2
    endloop
  endfacet
  facet normal 0.8314696123025382 0.5555702330196125 0
    outer loop
      vertex 10.280060020873705 63.306284287026166 5.949999999999999
      vertex 10.498076211353322 62.980000000000004 5.949999999999999
      vertex 10.280060020873705 63.306284287026166 3.2
    endloop
  endfacet
  facet normal 0.8968727415326807 0.44228869021901634 0
    outer loop
      vertex 10.498076211353322 62.980000000000004 5.949999999999999
      vertex 10.671638597533871 62.62805029709528 5.949999999999999
      vertex 10.498076211353322 62.980000000000004 3.2
    endloop
  endfacet
  facet normal 0.9469301294951041 0.3214394653031663 0
    outer loop
      vertex 10.671638597533871 62.62805029709528 5.949999999999999
      vertex 10.797777478867218 62.25645713530757 5.949999999999999
      vertex 10.671638597533871 62.62805029709528 3.2
    endloop
  endfacet
  facet normal 0.9807852804032314 0.19509032201612278 0
    outer loop
      vertex 10.797777478867218 62.25645713530757 5.949999999999999
      vertex 10.874334584121442 61.87157857666016 5.949999999999999
      vertex 10.797777478867218 62.25645713530757 3.2
    endloop
  endfacet
  facet normal 0.9978589232386045 0.06540312923012939 0
    outer loop
      vertex 10.874334584121442 61.87157857666016 5.949999999999999
      vertex 10.900000000000006 61.480000000000004 5.949999999999999
      vertex 10.874334584121442 61.87157857666016 3.2
    endloop
  endfacet
  facet normal 0.9978589232386043 -0.06540312923013057 0
    outer loop
      vertex 10.900000000000006 61.480000000000004 5.949999999999999
      vertex 10.874334584121442 61.08842142333985 5.949999999999999
      vertex 10.900000000000006 61.480000000000004 3.2
    endloop
  endfacet
  facet normal 0 0 1
    outer loop
      vertex 5.0022225211327935 60.703542864692444 5.949999999999999
      vertex 5.12836140246614 60.33194970290474 5.949999999999999
      vertex 6.32940479473082 60.82943816497935 5.949999999999999
    endloop
  endfacet
  facet normal 0 0 1
    outer loop
      vertex 5.0022225211327935 60.703542864692444 5.949999999999999
      vertex 6.32940479473082 60.82943816497935 5.949999999999999
      vertex 6.257926095308591 61.04000762332572 5.949999999999999
    endloop
  endfacet
  facet normal 0 0 1
    outer loop
      vertex 5.12836140246614 60.33194970290474 5.949999999999999
      vertex 6.427756813566461 60.63000000000001 5.949999999999999
      vertex 6.32940479473082 60.82943816497935 5.949999999999999
    endloop
  endfacet
  facet normal 0 0 1
    outer loop
      vertex 5.12836140246614 60.33194970290474 5.949999999999999
      vertex 6.551299321504899 60.445105570685186 5.949999999999999
      vertex 6.427756813566461 60.63000000000001 5.949999999999999
    endloop
  endfacet
  facet normal 0 0 1
    outer loop
      vertex 5.12836140246614 60.33194970290474 5.949999999999999
      vertex 5.30192378864669 59.980000000000004 5.949999999999999
      vertex 6.551299321504899 60.445105570685186 5.949999999999999
    endloop
  endfacet
  facet normal 0 0 1
    outer loop
      vertex 5.30192378864669 59.980000000000004 5.949999999999999
      vertex 6.697918471982874 60.27791847198287 5.949999999999999
      vertex 6.551299321504899 60.445105570685186 5.949999999999999
    endloop
  endfacet
  facet normal 0 0 1
    outer loop
      vertex 5.30192378864669 59.980000000000004 5.949999999999999
      vertex 6.865105570685174 60.131299321504905 5.949999999999999
      vertex 6.697918471982874 60.27791847198287 5.949999999999999
    endloop
  endfacet
  facet normal 0 0 1
    outer loop
      vertex 5.30192378864669 59.980000000000004 5.949999999999999
      vertex 7.050000000000011 60.00775681356646 5.949999999999999
      vertex 6.865105570685174 60.131299321504905 5.949999999999999
    endloop
  endfacet
  facet normal 0 0 1
    outer loop
      vertex 5.30192378864669 59.980000000000004 5.949999999999999
      vertex 5.519939979126306 59.65371571297385 5.949999999999999
      vertex 7.050000000000011 60.00775681356646 5.949999999999999
    endloop
  endfacet
  facet normal 0 0 1
    outer loop
      vertex 5.519939979126306 59.65371571297385 5.949999999999999
      vertex 7.2494381649793525 59.90940479473082 5.949999999999999
      vertex 7.050000000000011 60.00775681356646 5.949999999999999
    endloop
  endfacet
  facet normal 0 0 1
    outer loop
      vertex 5.519939979126306 59.65371571297385 5.949999999999999
      vertex 7.460007623325723 59.83792609530859 5.949999999999999
      vertex 7.2494381649793525 59.90940479473082 5.949999999999999
    endloop
  endfacet
  facet normal 0 0 1
    outer loop
      vertex 5.519939979126306 59.65371571297385 5.949999999999999
      vertex 7.678105473225912 59.79454373566453 5.949999999999999
      vertex 7.460007623325723 59.83792609530859 5.949999999999999
    endloop
  endfacet
  facet normal 0 0 1
    outer loop
      vertex 5.519939979126306 59.65371571297385 5.949999999999999
      vertex 7.900000000000006 59.78000000000001 5.949999999999999
      vertex 7.678105473225912 59.79454373566453 5.949999999999999
    endloop
  endfacet
  facet normal 0 0 1
    outer loop
      vertex 5.519939979126306 59.65371571297385 5.949999999999999
      vertex 5.77867965644036 59.358679656440366 5.949999999999999
      vertex 10.280060020873705 59.65371571297385 5.949999999999999
    endloop
  endfacet
  facet normal 0 0 1
    outer loop
      vertex 5.77867965644036 59.358679656440366 5.949999999999999
      vertex 6.073715712973851 59.099939979126304 5.949999999999999
      vertex 10.021320343559651 59.358679656440366 5.949999999999999
    endloop
  endfacet
  facet normal 0 0 1
    outer loop
      vertex 6.073715712973851 59.099939979126304 5.949999999999999
      vertex 6.400000000000006 58.88192378864669 5.949999999999999
      vertex 9.72628428702616 59.099939979126304 5.949999999999999
    endloop
  endfacet
  facet normal 0 0 1
    outer loop
      vertex 10.498076211353322 59.980000000000004 5.949999999999999
      vertex 8.550561835020659 59.90940479473082 5.949999999999999
      vertex 8.339992376674289 59.83792609530859 5.949999999999999
    endloop
  endfacet
  facet normal 0 0 1
    outer loop
      vertex 10.498076211353322 59.980000000000004 5.949999999999999
      vertex 8.75 60.00775681356646 5.949999999999999
      vertex 8.550561835020659 59.90940479473082 5.949999999999999
    endloop
  endfacet
  facet normal 0 0 1
    outer loop
      vertex 5.519939979126306 59.65371571297385 5.949999999999999
      vertex 10.280060020873705 59.65371571297385 5.949999999999999
      vertex 7.900000000000006 59.78000000000001 5.949999999999999
    endloop
  endfacet
  facet normal 0 0 1
    outer loop
      vertex 6.400000000000006 58.88192378864669 5.949999999999999
      vertex 6.751949702904739 58.708361402466146 5.949999999999999
      vertex 9.400000000000006 58.88192378864669 5.949999999999999
    endloop
  endfacet
  facet normal 0 0 1
    outer loop
      vertex 10.280060020873705 59.65371571297385 5.949999999999999
      vertex 8.1218945267741 59.79454373566453 5.949999999999999
      vertex 7.900000000000006 59.78000000000001 5.949999999999999
    endloop
  endfacet
  facet normal 0 0 1
    outer loop
      vertex 5.77867965644036 59.358679656440366 5.949999999999999
      vertex 10.021320343559651 59.358679656440366 5.949999999999999
      vertex 10.280060020873705 59.65371571297385 5.949999999999999
    endloop
  endfacet
  facet normal 0 0 1
    outer loop
      vertex 10.280060020873705 59.65371571297385 5.949999999999999
      vertex 8.339992376674289 59.83792609530859 5.949999999999999
      vertex 8.1218945267741 59.79454373566453 5.949999999999999
    endloop
  endfacet
  facet normal 0 0 1
    outer loop
      vertex 6.073715712973851 59.099939979126304 5.949999999999999
      vertex 9.72628428702616 59.099939979126304 5.949999999999999
      vertex 10.021320343559651 59.358679656440366 5.949999999999999
    endloop
  endfacet
  facet normal 0 0 1
    outer loop
      vertex 6.400000000000006 58.88192378864669 5.949999999999999
      vertex 9.400000000000006 58.88192378864669 5.949999999999999
      vertex 9.72628428702616 59.099939979126304 5.949999999999999
    endloop
  endfacet
  facet normal 0 0 1
    outer loop
      vertex 10.797777478867218 60.703542864692444 5.949999999999999
      vertex 9.37224318643355 60.63000000000001 5.949999999999999
      vertex 9.248700678495112 60.445105570685186 5.949999999999999
    endloop
  endfacet
  facet normal 0 0 1
    outer loop
      vertex 10.797777478867218 60.703542864692444 5.949999999999999
      vertex 9.470595205269191 60.82943816497935 5.949999999999999
      vertex 9.37224318643355 60.63000000000001 5.949999999999999
    endloop
  endfacet
  facet normal 0 0 1
    outer loop
      vertex 10.797777478867218 60.703542864692444 5.949999999999999
      vertex 9.248700678495112 60.445105570685186 5.949999999999999
      vertex 10.671638597533871 60.33194970290474 5.949999999999999
    endloop
  endfacet
  facet normal 0 0 1
    outer loop
      vertex 10.671638597533871 60.33194970290474 5.949999999999999
      vertex 9.102081528017138 60.27791847198287 5.949999999999999
      vertex 8.934894429314838 60.131299321504905 5.949999999999999
    endloop
  endfacet
  facet normal 0 0 1
    outer loop
      vertex 10.671638597533871 60.33194970290474 5.949999999999999
      vertex 9.248700678495112 60.445105570685186 5.949999999999999
      vertex 9.102081528017138 60.27791847198287 5.949999999999999
    endloop
  endfacet
  facet normal 0 0 1
    outer loop
      vertex 10.498076211353322 59.980000000000004 5.949999999999999
      vertex 8.934894429314838 60.131299321504905 5.949999999999999
      vertex 8.75 60.00775681356646 5.949999999999999
    endloop
  endfacet
  facet normal 0 0 1
    outer loop
      vertex 10.671638597533871 60.33194970290474 5.949999999999999
      vertex 8.934894429314838 60.131299321504905 5.949999999999999
      vertex 10.498076211353322 59.980000000000004 5.949999999999999
    endloop
  endfacet
  facet normal 0 0 1
    outer loop
      vertex 10.874334584121442 61.08842142333985 5.949999999999999
      vertex 9.470595205269191 60.82943816497935 5.949999999999999
      vertex 10.797777478867218 60.703542864692444 5.949999999999999
    endloop
  endfacet
  facet normal 0 0 1
    outer loop
      vertex 10.498076211353322 59.980000000000004 5.949999999999999
      vertex 8.339992376674289 59.83792609530859 5.949999999999999
      vertex 10.280060020873705 59.65371571297385 5.949999999999999
    endloop
  endfacet
  facet normal 0 0 1
    outer loop
      vertex 6.751949702904739 58.708361402466146 5.949999999999999
      vertex 7.123542864692439 58.582222521132806 5.949999999999999
      vertex 9.048050297095273 58.708361402466146 5.949999999999999
    endloop
  endfacet
  facet normal 0 0 1
    outer loop
      vertex 7.123542864692439 58.582222521132806 5.949999999999999
      vertex 7.508421423339854 58.505665415878575 5.949999999999999
      vertex 8.676457135307572 58.582222521132806 5.949999999999999
    endloop
  endfacet
  facet normal 0 0 1
    outer loop
      vertex 7.508421423339854 58.505665415878575 5.949999999999999
      vertex 7.900000000000006 58.480000000000004 5.949999999999999
      vertex 8.291578576660157 58.505665415878575 5.949999999999999
    endloop
  endfacet
  facet normal 0 0 1
    outer loop
      vertex 7.508421423339854 58.505665415878575 5.949999999999999
      vertex 8.291578576660157 58.505665415878575 5.949999999999999
      vertex 8.676457135307572 58.582222521132806 5.949999999999999
    endloop
  endfacet
  facet normal 0 0 1
    outer loop
      vertex 6.751949702904739 58.708361402466146 5.949999999999999
      vertex 9.048050297095273 58.708361402466146 5.949999999999999
      vertex 9.400000000000006 58.88192378864669 5.949999999999999
    endloop
  endfacet
  facet normal 0 0 1
    outer loop
      vertex 7.123542864692439 58.582222521132806 5.949999999999999
      vertex 8.676457135307572 58.582222521132806 5.949999999999999
      vertex 9.048050297095273 58.708361402466146 5.949999999999999
    endloop
  endfacet
  facet normal -0.9807852804032314 -0.19509032201612278 -3.165600644361478e-16
    outer loop
      vertex 4.925665415878569 61.08842142333985 5.949999999999999
      vertex 5.002222521132794 60.703542864692444 3.2
      vertex 5.0022225211327935 60.703542864692444 5.949999999999999
    endloop
  endfacet
  facet normal -0.9469301294951041 -0.3214394653031663 1.7128898377571048e-18
    outer loop
      vertex 5.0022225211327935 60.703542864692444 5.949999999999999
      vertex 5.12836140246614 60.33194970290474 3.2
      vertex 5.12836140246614 60.33194970290474 5.949999999999999
    endloop
  endfacet
  facet normal -0.8968727415326845 -0.44228869021900924 -3.3420175480964486e-19
    outer loop
      vertex 5.12836140246614 60.33194970290474 5.949999999999999
      vertex 5.30192378864669 59.980000000000004 3.2
      vertex 5.30192378864669 59.980000000000004 5.949999999999999
    endloop
  endfacet
  facet normal -0.8314696123025328 -0.5555702330196209 4.227544201000551e-18
    outer loop
      vertex 5.30192378864669 59.980000000000004 5.949999999999999
      vertex 5.519939979126306 59.65371571297385 3.2
      vertex 5.519939979126306 59.65371571297385 5.949999999999999
    endloop
  endfacet
  facet normal -0.7518398074789916 -0.6593458151000527 8.449498906017982e-19
    outer loop
      vertex 5.519939979126306 59.65371571297385 5.949999999999999
      vertex 5.77867965644036 59.358679656440366 3.2
      vertex 5.77867965644036 59.358679656440366 5.949999999999999
    endloop
  endfacet
  facet normal -0.6593458151000539 -0.7518398074789904 -6.01163951071319e-18
    outer loop
      vertex 5.77867965644036 59.358679656440366 5.949999999999999
      vertex 6.073715712973851 59.099939979126304 3.2
      vertex 6.073715712973851 59.099939979126304 5.949999999999999
    endloop
  endfacet
  facet normal -0.5555702330196209 -0.8314696123025328 4.227544201000551e-18
    outer loop
      vertex 6.073715712973851 59.099939979126304 5.949999999999999
      vertex 6.400000000000006 58.88192378864669 3.2
      vertex 6.400000000000006 58.88192378864669 5.949999999999999
    endloop
  endfacet
  facet normal -0.4422886902189946 -0.8968727415326915 2.2152473030349195e-18
    outer loop
      vertex 6.400000000000006 58.88192378864669 5.949999999999999
      vertex 6.751949702904739 58.708361402466146 3.2
      vertex 6.751949702904739 58.708361402466146 5.949999999999999
    endloop
  endfacet
  facet normal -0.32143946530315554 -0.9469301294951077 -3.6004873621658084e-19
    outer loop
      vertex 6.751949702904739 58.708361402466146 5.949999999999999
      vertex 7.123542864692439 58.582222521132806 3.2
      vertex 7.123542864692439 58.582222521132806 5.949999999999999
    endloop
  endfacet
  facet normal -0.19509032201613674 -0.9807852804032288 1.4298201619601044e-19
    outer loop
      vertex 7.123542864692439 58.582222521132806 5.949999999999999
      vertex 7.508421423339854 58.505665415878575 3.2
      vertex 7.508421423339854 58.505665415878575 5.949999999999999
    endloop
  endfacet
  facet normal 0.4422886902189946 -0.8968727415326915 0
    outer loop
      vertex 9.400000000000006 58.88192378864669 5.949999999999999
      vertex 9.048050297095273 58.708361402466146 5.949999999999999
      vertex 9.400000000000006 58.88192378864669 3.2
    endloop
  endfacet
  facet normal 0.9469301294951041 -0.3214394653031663 0
    outer loop
      vertex 10.797777478867218 60.703542864692444 5.949999999999999
      vertex 10.671638597533871 60.33194970290474 5.949999999999999
      vertex 10.797777478867218 60.703542864692444 3.2
    endloop
  endfacet
  facet normal 0.9807852804032314 -0.19509032201612278 0
    outer loop
      vertex 10.874334584121442 61.08842142333985 5.949999999999999
      vertex 10.797777478867218 60.703542864692444 5.949999999999999
      vertex 10.874334584121442 61.08842142333985 3.2
    endloop
  endfacet
  facet normal 0.8968727415326845 -0.44228869021900924 0
    outer loop
      vertex 10.671638597533871 60.33194970290474 5.949999999999999
      vertex 10.498076211353322 59.980000000000004 5.949999999999999
      vertex 10.671638597533871 60.33194970290474 3.2
    endloop
  endfacet
  facet normal 0.7518398074789916 -0.6593458151000527 0
    outer loop
      vertex 10.280060020873705 59.65371571297385 5.949999999999999
      vertex 10.021320343559651 59.358679656440366 5.949999999999999
      vertex 10.280060020873705 59.65371571297385 3.2
    endloop
  endfacet
  facet normal 0.5555702330196209 -0.8314696123025328 0
    outer loop
      vertex 9.72628428702616 59.099939979126304 5.949999999999999
      vertex 9.400000000000006 58.88192378864669 5.949999999999999
      vertex 9.72628428702616 59.099939979126304 3.2
    endloop
  endfacet
  facet normal 0.6593458151000539 -0.7518398074789904 0
    outer loop
      vertex 10.021320343559651 59.358679656440366 5.949999999999999
      vertex 9.72628428702616 59.099939979126304 5.949999999999999
      vertex 10.021320343559651 59.358679656440366 3.2
    endloop
  endfacet
  facet normal 0.8314696123025328 -0.5555702330196209 -4.227544201000551e-18
    outer loop
      vertex 10.498076211353322 59.980000000000004 5.949999999999999
      vertex 10.280060020873705 59.65371571297385 5.949999999999999
      vertex 10.280060020873705 59.65371571297385 3.2
    endloop
  endfacet
  facet normal -0.06540312923014861 -0.9978589232386031 4.946317544286226e-19
    outer loop
      vertex 7.508421423339854 58.505665415878575 5.949999999999999
      vertex 7.900000000000006 58.480000000000004 3.2
      vertex 7.900000000000006 58.480000000000004 5.949999999999999
    endloop
  endfacet
  facet normal 0.06540312923014861 -0.9978589232386031 -4.946317544286226e-19
    outer loop
      vertex 7.900000000000006 58.480000000000004 5.949999999999999
      vertex 8.291578576660157 58.505665415878575 3.2
      vertex 8.291578576660157 58.505665415878575 5.949999999999999
    endloop
  endfacet
  facet normal 0.19509032201613674 -0.9807852804032288 -1.4298201619601044e-19
    outer loop
      vertex 8.291578576660157 58.505665415878575 5.949999999999999
      vertex 8.676457135307572 58.582222521132806 3.2
      vertex 8.676457135307572 58.582222521132806 5.949999999999999
    endloop
  endfacet
  facet normal 0.32143946530315554 -0.9469301294951077 3.6004873621658084e-19
    outer loop
      vertex 8.676457135307572 58.582222521132806 5.949999999999999
      vertex 9.048050297095273 58.708361402466146 3.2
      vertex 9.048050297095273 58.708361402466146 5.949999999999999
    endloop
  endfacet
  facet normal -0.3214394653031718 0.9469301294951021 0
    outer loop
      vertex 7.123542864692439 64.37777747886722 5.949999999999999
      vertex 7.123542864692439 64.37777747886722 3.2
      vertex 6.751949702904739 64.25163859753387 3.2
    endloop
  endfacet
  facet normal -0.19509032201611934 0.9807852804032322 0
    outer loop
      vertex 7.508421423339854 64.45433458412144 5.949999999999999
      vertex 7.508421423339854 64.45433458412144 3.2
      vertex 7.123542864692439 64.37777747886722 3.2
    endloop
  endfacet
  facet normal -0.6593458151000539 0.7518398074789904 0
    outer loop
      vertex 6.073715712973851 63.86006002087371 5.949999999999999
      vertex 6.073715712973851 63.86006002087371 3.2
      vertex 5.77867965644036 63.60132034355965 3.2
    endloop
  endfacet
  facet normal -0.5555702330196085 0.8314696123025411 0
    outer loop
      vertex 6.400000000000006 64.07807621135332 5.949999999999999
      vertex 6.400000000000006 64.07807621135332 3.2
      vertex 6.073715712973851 63.86006002087371 3.2
    endloop
  endfacet
  facet normal -0.7518398074789916 0.6593458151000527 0
    outer loop
      vertex 5.77867965644036 63.60132034355965 5.949999999999999
      vertex 5.77867965644036 63.60132034355965 3.2
      vertex 5.519939979126306 63.306284287026166 3.2
    endloop
  endfacet
  facet normal -0.44228869021900924 0.8968727415326845 0
    outer loop
      vertex 6.751949702904739 64.25163859753387 5.949999999999999
      vertex 6.751949702904739 64.25163859753387 3.2
      vertex 6.400000000000006 64.07807621135332 3.2
    endloop
  endfacet
  facet normal -0.8314696123025382 0.5555702330196125 0
    outer loop
      vertex 5.30192378864669 62.980000000000004 5.949999999999999
      vertex 5.519939979126306 63.306284287026166 3.2
      vertex 5.30192378864669 62.980000000000004 3.2
    endloop
  endfacet
  facet normal -0.8968727415326807 0.44228869021901634 0
    outer loop
      vertex 5.30192378864669 62.980000000000004 5.949999999999999
      vertex 5.30192378864669 62.980000000000004 3.2
      vertex 5.12836140246614 62.62805029709528 3.2
    endloop
  endfacet
  facet normal -0.9469301294951041 0.3214394653031663 0
    outer loop
      vertex 5.12836140246614 62.62805029709528 5.949999999999999
      vertex 5.12836140246614 62.62805029709528 3.2
      vertex 5.0022225211327935 62.25645713530757 3.2
    endloop
  endfacet
  facet normal -0.9807852804032314 0.19509032201612278 0
    outer loop
      vertex 5.0022225211327935 62.25645713530757 5.949999999999999
      vertex 5.0022225211327935 62.25645713530757 3.2
      vertex 4.925665415878569 61.87157857666016 3.2
    endloop
  endfacet
  facet normal -0.9978589232386045 0.06540312923012939 0
    outer loop
      vertex 4.925665415878569 61.87157857666016 5.949999999999999
      vertex 4.925665415878569 61.87157857666016 3.2
      vertex 4.900000000000006 61.480000000000004 3.2
    endloop
  endfacet
  facet normal -0.9978589232386043 -0.06540312923013057 0
    outer loop
      vertex 4.900000000000006 61.480000000000004 5.949999999999999
      vertex 4.900000000000006 61.480000000000004 3.2
      vertex 4.925665415878569 61.08842142333985 3.2
    endloop
  endfacet
  facet normal -0.06540312923013057 0.9978589232386043 0
    outer loop
      vertex 7.900000000000006 64.48 5.949999999999999
      vertex 7.900000000000006 64.48 3.2
      vertex 7.508421423339854 64.45433458412144 3.2
    endloop
  endfacet
  facet normal 0.06540312923013057 0.9978589232386043 0
    outer loop
      vertex 8.291578576660157 64.45433458412144 5.949999999999999
      vertex 8.291578576660157 64.45433458412144 3.2
      vertex 7.900000000000006 64.48 3.2
    endloop
  endfacet
  facet normal 0.19509032201611934 0.9807852804032322 0
    outer loop
      vertex 8.676457135307572 64.37777747886722 5.949999999999999
      vertex 8.676457135307572 64.37777747886722 3.2
      vertex 8.291578576660157 64.45433458412144 3.2
    endloop
  endfacet
  facet normal 0.3214394653031718 0.9469301294951021 0
    outer loop
      vertex 9.048050297095273 64.25163859753387 5.949999999999999
      vertex 9.048050297095273 64.25163859753387 3.2
      vertex 8.676457135307572 64.37777747886722 3.2
    endloop
  endfacet
  facet normal 0.44228869021900924 0.8968727415326845 0
    outer loop
      vertex 9.400000000000006 64.07807621135332 5.949999999999999
      vertex 9.400000000000006 64.07807621135332 3.2
      vertex 9.048050297095273 64.25163859753387 3.2
    endloop
  endfacet
  facet normal 0.5555702330196085 0.8314696123025411 0
    outer loop
      vertex 9.72628428702616 63.86006002087371 5.949999999999999
      vertex 9.72628428702616 63.86006002087371 3.2
      vertex 9.400000000000006 64.07807621135332 3.2
    endloop
  endfacet
  facet normal 0.6593458151000539 0.7518398074789904 0
    outer loop
      vertex 10.021320343559651 63.60132034355965 5.949999999999999
      vertex 10.021320343559651 63.60132034355965 3.2
      vertex 9.72628428702616 63.86006002087371 3.2
    endloop
  endfacet
  facet normal 0.7518398074789916 0.6593458151000527 0
    outer loop
      vertex 10.280060020873705 63.306284287026166 5.949999999999999
      vertex 10.280060020873705 63.306284287026166 3.2
      vertex 10.021320343559651 63.60132034355965 3.2
    endloop
  endfacet
  facet normal 0.8314696123025382 0.5555702330196125 0
    outer loop
      vertex 10.498076211353322 62.980000000000004 5.949999999999999
      vertex 10.498076211353322 62.980000000000004 3.2
      vertex 10.280060020873705 63.306284287026166 3.2
    endloop
  endfacet
  facet normal 0.8968727415326807 0.44228869021901634 0
    outer loop
      vertex 10.671638597533871 62.62805029709528 5.949999999999999
      vertex 10.671638597533871 62.62805029709528 3.2
      vertex 10.498076211353322 62.980000000000004 3.2
    endloop
  endfacet
  facet normal 0.9469301294951041 0.3214394653031663 0
    outer loop
      vertex 10.797777478867218 62.25645713530757 5.949999999999999
      vertex 10.797777478867218 62.25645713530757 3.2
      vertex 10.671638597533871 62.62805029709528 3.2
    endloop
  endfacet
  facet normal 0.9807852804032314 0.19509032201612278 0
    outer loop
      vertex 10.874334584121442 61.87157857666016 5.949999999999999
      vertex 10.874334584121442 61.87157857666016 3.2
      vertex 10.797777478867218 62.25645713530757 3.2
    endloop
  endfacet
  facet normal 0.9978589232386045 0.06540312923012939 0
    outer loop
      vertex 10.900000000000006 61.480000000000004 5.949999999999999
      vertex 10.900000000000006 61.480000000000004 3.2
      vertex 10.874334584121442 61.87157857666016 3.2
    endloop
  endfacet
  facet normal 0.9978589232386043 -0.06540312923013057 0
    outer loop
      vertex 10.874334584121442 61.08842142333985 5.949999999999999
      vertex 10.874334584121442 61.08842142333985 3.2
      vertex 10.900000000000006 61.480000000000004 3.2
    endloop
  endfacet
  facet normal -0.9807852804032311 -0.19509032201612497 0
    outer loop
      vertex 4.925665415878569 61.08842142333985 5.949999999999999
      vertex 4.925665415878569 61.08842142333985 3.2
      vertex 5.002222521132794 60.703542864692444 3.2
    endloop
  endfacet
  facet normal -0.9469301294951047 -0.32143946530316425 -3.0583378399323534e-16
    outer loop
      vertex 5.0022225211327935 60.703542864692444 5.949999999999999
      vertex 5.002222521132794 60.703542864692444 3.2
      vertex 5.12836140246614 60.33194970290474 3.2
    endloop
  endfacet
  facet normal -0.8968727415326845 -0.44228869021900924 0
    outer loop
      vertex 5.12836140246614 60.33194970290474 5.949999999999999
      vertex 5.12836140246614 60.33194970290474 3.2
      vertex 5.30192378864669 59.980000000000004 3.2
    endloop
  endfacet
  facet normal -0.8314696123025328 -0.5555702330196209 0
    outer loop
      vertex 5.30192378864669 59.980000000000004 5.949999999999999
      vertex 5.30192378864669 59.980000000000004 3.2
      vertex 5.519939979126306 59.65371571297385 3.2
    endloop
  endfacet
  facet normal -0.7518398074789916 -0.6593458151000527 0
    outer loop
      vertex 5.519939979126306 59.65371571297385 5.949999999999999
      vertex 5.519939979126306 59.65371571297385 3.2
      vertex 5.77867965644036 59.358679656440366 3.2
    endloop
  endfacet
  facet normal -0.6593458151000539 -0.7518398074789904 0
    outer loop
      vertex 5.77867965644036 59.358679656440366 5.949999999999999
      vertex 5.77867965644036 59.358679656440366 3.2
      vertex 6.073715712973851 59.099939979126304 3.2
    endloop
  endfacet
  facet normal -0.5555702330196209 -0.8314696123025328 0
    outer loop
      vertex 6.073715712973851 59.099939979126304 5.949999999999999
      vertex 6.073715712973851 59.099939979126304 3.2
      vertex 6.400000000000006 58.88192378864669 3.2
    endloop
  endfacet
  facet normal -0.4422886902189946 -0.8968727415326915 0
    outer loop
      vertex 6.400000000000006 58.88192378864669 5.949999999999999
      vertex 6.400000000000006 58.88192378864669 3.2
      vertex 6.751949702904739 58.708361402466146 3.2
    endloop
  endfacet
  facet normal -0.32143946530315554 -0.9469301294951077 0
    outer loop
      vertex 6.751949702904739 58.708361402466146 5.949999999999999
      vertex 6.751949702904739 58.708361402466146 3.2
      vertex 7.123542864692439 58.582222521132806 3.2
    endloop
  endfacet
  facet normal -0.19509032201613674 -0.9807852804032288 0
    outer loop
      vertex 7.123542864692439 58.582222521132806 5.949999999999999
      vertex 7.123542864692439 58.582222521132806 3.2
      vertex 7.508421423339854 58.505665415878575 3.2
    endloop
  endfacet
  facet normal 0.9469301294951041 -0.3214394653031663 0
    outer loop
      vertex 10.671638597533871 60.33194970290474 5.949999999999999
      vertex 10.671638597533871 60.33194970290474 3.2
      vertex 10.797777478867218 60.703542864692444 3.2
    endloop
  endfacet
  facet normal 0.9807852804032314 -0.19509032201612278 0
    outer loop
      vertex 10.797777478867218 60.703542864692444 5.949999999999999
      vertex 10.797777478867218 60.703542864692444 3.2
      vertex 10.874334584121442 61.08842142333985 3.2
    endloop
  endfacet
  facet normal 0.8968727415326845 -0.44228869021900924 0
    outer loop
      vertex 10.498076211353322 59.980000000000004 5.949999999999999
      vertex 10.498076211353322 59.980000000000004 3.2
      vertex 10.671638597533871 60.33194970290474 3.2
    endloop
  endfacet
  facet normal 0.7518398074789916 -0.6593458151000527 0
    outer loop
      vertex 10.021320343559651 59.358679656440366 5.949999999999999
      vertex 10.021320343559651 59.358679656440366 3.2
      vertex 10.280060020873705 59.65371571297385 3.2
    endloop
  endfacet
  facet normal 0.6593458151000539 -0.7518398074789904 0
    outer loop
      vertex 9.72628428702616 59.099939979126304 5.949999999999999
      vertex 9.72628428702616 59.099939979126304 3.2
      vertex 10.021320343559651 59.358679656440366 3.2
    endloop
  endfacet
  facet normal 0.5555702330196209 -0.8314696123025328 0
    outer loop
      vertex 9.400000000000006 58.88192378864669 5.949999999999999
      vertex 9.400000000000006 58.88192378864669 3.2
      vertex 9.72628428702616 59.099939979126304 3.2
    endloop
  endfacet
  facet normal 0.8314696123025328 -0.5555702330196209 0
    outer loop
      vertex 10.498076211353322 59.980000000000004 5.949999999999999
      vertex 10.280060020873705 59.65371571297385 3.2
      vertex 10.498076211353322 59.980000000000004 3.2
    endloop
  endfacet
  facet normal -0.06540312923014861 -0.9978589232386031 0
    outer loop
      vertex 7.508421423339854 58.505665415878575 5.949999999999999
      vertex 7.508421423339854 58.505665415878575 3.2
      vertex 7.900000000000006 58.480000000000004 3.2
    endloop
  endfacet
  facet normal 0.19509032201613674 -0.9807852804032288 0
    outer loop
      vertex 8.291578576660157 58.505665415878575 5.949999999999999
      vertex 8.291578576660157 58.505665415878575 3.2
      vertex 8.676457135307572 58.582222521132806 3.2
    endloop
  endfacet
  facet normal 0.06540312923014861 -0.9978589232386031 0
    outer loop
      vertex 7.900000000000006 58.480000000000004 5.949999999999999
      vertex 7.900000000000006 58.480000000000004 3.2
      vertex 8.291578576660157 58.505665415878575 3.2
    endloop
  endfacet
  facet normal 0.32143946530315554 -0.9469301294951077 0
    outer loop
      vertex 8.676457135307572 58.582222521132806 5.949999999999999
      vertex 8.676457135307572 58.582222521132806 3.2
      vertex 9.048050297095273 58.708361402466146 3.2
    endloop
  endfacet
  facet normal 0.4422886902189946 -0.8968727415326915 0
    outer loop
      vertex 9.048050297095273 58.708361402466146 5.949999999999999
      vertex 9.048050297095273 58.708361402466146 3.2
      vertex 9.400000000000006 58.88192378864669 3.2
    endloop
  endfacet
  facet normal 0 0 1
    outer loop
      vertex 6.751949702904739 10.971638597533868 5.949999999999999
      vertex 6.400000000000006 10.798076211353326 5.949999999999999
      vertex 9.048050297095273 10.971638597533868 5.949999999999999
    endloop
  endfacet
  facet normal 0 0 1
    outer loop
      vertex 5.12836140246614 9.348050297095277 5.949999999999999
      vertex 5.0022225211327935 8.97645713530757 5.949999999999999
      vertex 6.551299321504899 9.234894429314835 5.949999999999999
    endloop
  endfacet
  facet normal 0 0 1
    outer loop
      vertex 5.0022225211327935 8.97645713530757 5.949999999999999
      vertex 4.925665415878569 8.591578576660162 5.949999999999999
      vertex 6.32940479473082 8.850561835020663 5.949999999999999
    endloop
  endfacet
  facet normal 0 0 1
    outer loop
      vertex 5.519939979126306 10.026284287026172 5.949999999999999
      vertex 5.30192378864669 9.70000000000001 5.949999999999999
      vertex 7.460007623325723 9.842073904691425 5.949999999999999
    endloop
  endfacet
  facet normal 0 0 1
    outer loop
      vertex 6.073715712973851 10.580060020873717 5.949999999999999
      vertex 9.400000000000006 10.798076211353326 5.949999999999999
      vertex 6.400000000000006 10.798076211353326 5.949999999999999
    endloop
  endfacet
  facet normal 0 0 1
    outer loop
      vertex 6.073715712973851 10.580060020873717 5.949999999999999
      vertex 5.77867965644036 10.321320343559655 5.949999999999999
      vertex 9.72628428702616 10.580060020873717 5.949999999999999
    endloop
  endfacet
  facet normal 0 0 1
    outer loop
      vertex 5.519939979126306 10.026284287026172 5.949999999999999
      vertex 7.460007623325723 9.842073904691425 5.949999999999999
      vertex 7.678105473225912 9.885456264335488 5.949999999999999
    endloop
  endfacet
  facet normal 0 0 1
    outer loop
      vertex 5.519939979126306 10.026284287026172 5.949999999999999
      vertex 10.021320343559651 10.321320343559655 5.949999999999999
      vertex 5.77867965644036 10.321320343559655 5.949999999999999
    endloop
  endfacet
  facet normal 0 0 1
    outer loop
      vertex 5.519939979126306 10.026284287026172 5.949999999999999
      vertex 7.678105473225912 9.885456264335488 5.949999999999999
      vertex 7.900000000000006 9.900000000000013 5.949999999999999
    endloop
  endfacet
  facet normal 0 0 1
    outer loop
      vertex 5.12836140246614 9.348050297095277 5.949999999999999
      vertex 6.865105570685174 9.54870067849511 5.949999999999999
      vertex 5.30192378864669 9.70000000000001 5.949999999999999
    endloop
  endfacet
  facet normal 0 0 1
    outer loop
      vertex 5.30192378864669 9.70000000000001 5.949999999999999
      vertex 7.050000000000011 9.672243186433555 5.949999999999999
      vertex 7.2494381649793525 9.770595205269196 5.949999999999999
    endloop
  endfacet
  facet normal 0 0 1
    outer loop
      vertex 5.30192378864669 9.70000000000001 5.949999999999999
      vertex 6.865105570685174 9.54870067849511 5.949999999999999
      vertex 7.050000000000011 9.672243186433555 5.949999999999999
    endloop
  endfacet
  facet normal 0 0 1
    outer loop
      vertex 5.12836140246614 9.348050297095277 5.949999999999999
      vertex 6.697918471982874 9.402081528017142 5.949999999999999
      vertex 6.865105570685174 9.54870067849511 5.949999999999999
    endloop
  endfacet
  facet normal 0 0 1
    outer loop
      vertex 5.12836140246614 9.348050297095277 5.949999999999999
      vertex 6.551299321504899 9.234894429314835 5.949999999999999
      vertex 6.697918471982874 9.402081528017142 5.949999999999999
    endloop
  endfacet
  facet normal 0 0 1
    outer loop
      vertex 5.0022225211327935 8.97645713530757 5.949999999999999
      vertex 6.427756813566461 9.050000000000011 5.949999999999999
      vertex 6.551299321504899 9.234894429314835 5.949999999999999
    endloop
  endfacet
  facet normal 0 0 1
    outer loop
      vertex 5.0022225211327935 8.97645713530757 5.949999999999999
      vertex 6.32940479473082 8.850561835020663 5.949999999999999
      vertex 6.427756813566461 9.050000000000011 5.949999999999999
    endloop
  endfacet
  facet normal 0 0 1
    outer loop
      vertex 5.30192378864669 9.70000000000001 5.949999999999999
      vertex 7.2494381649793525 9.770595205269196 5.949999999999999
      vertex 7.460007623325723 9.842073904691425 5.949999999999999
    endloop
  endfacet
  facet normal 0 0 1
    outer loop
      vertex 7.508421423339854 11.17433458412144 5.949999999999999
      vertex 8.291578576660157 11.17433458412144 5.949999999999999
      vertex 7.900000000000006 11.20000000000001 5.949999999999999
    endloop
  endfacet
  facet normal 0 0 1
    outer loop
      vertex 6.751949702904739 10.971638597533868 5.949999999999999
      vertex 8.676457135307572 11.097777478867215 5.949999999999999
      vertex 7.123542864692439 11.097777478867215 5.949999999999999
    endloop
  endfacet
  facet normal 0 0 1
    outer loop
      vertex 7.123542864692439 11.097777478867215 5.949999999999999
      vertex 8.291578576660157 11.17433458412144 5.949999999999999
      vertex 7.508421423339854 11.17433458412144 5.949999999999999
    endloop
  endfacet
  facet normal 0 0 1
    outer loop
      vertex 7.123542864692439 11.097777478867215 5.949999999999999
      vertex 8.676457135307572 11.097777478867215 5.949999999999999
      vertex 8.291578576660157 11.17433458412144 5.949999999999999
    endloop
  endfacet
  facet normal 0 0 1
    outer loop
      vertex 6.751949702904739 10.971638597533868 5.949999999999999
      vertex 9.048050297095273 10.971638597533868 5.949999999999999
      vertex 8.676457135307572 11.097777478867215 5.949999999999999
    endloop
  endfacet
  facet normal 0 0 1
    outer loop
      vertex 6.400000000000006 10.798076211353326 5.949999999999999
      vertex 9.400000000000006 10.798076211353326 5.949999999999999
      vertex 9.048050297095273 10.971638597533868 5.949999999999999
    endloop
  endfacet
  facet normal 0 0 1
    outer loop
      vertex 6.073715712973851 10.580060020873717 5.949999999999999
      vertex 9.72628428702616 10.580060020873717 5.949999999999999
      vertex 9.400000000000006 10.798076211353326 5.949999999999999
    endloop
  endfacet
  facet normal 0 0 1
    outer loop
      vertex 5.519939979126306 10.026284287026172 5.949999999999999
      vertex 7.900000000000006 9.900000000000013 5.949999999999999
      vertex 10.280060020873705 10.026284287026172 5.949999999999999
    endloop
  endfacet
  facet normal 0 0 1
    outer loop
      vertex 5.77867965644036 10.321320343559655 5.949999999999999
      vertex 10.021320343559651 10.321320343559655 5.949999999999999
      vertex 9.72628428702616 10.580060020873717 5.949999999999999
    endloop
  endfacet
  facet normal 0 0 1
    outer loop
      vertex 5.519939979126306 10.026284287026172 5.949999999999999
      vertex 10.280060020873705 10.026284287026172 5.949999999999999
      vertex 10.021320343559651 10.321320343559655 5.949999999999999
    endloop
  endfacet
  facet normal 0 0 1
    outer loop
      vertex 10.280060020873705 10.026284287026172 5.949999999999999
      vertex 7.900000000000006 9.900000000000013 5.949999999999999
      vertex 8.1218945267741 9.885456264335488 5.949999999999999
    endloop
  endfacet
  facet normal 0 0 1
    outer loop
      vertex 10.280060020873705 10.026284287026172 5.949999999999999
      vertex 8.1218945267741 9.885456264335488 5.949999999999999
      vertex 8.339992376674289 9.842073904691425 5.949999999999999
    endloop
  endfacet
  facet normal 0 0 1
    outer loop
      vertex 10.280060020873705 10.026284287026172 5.949999999999999
      vertex 8.339992376674289 9.842073904691425 5.949999999999999
      vertex 8.550561835020659 9.770595205269196 5.949999999999999
    endloop
  endfacet
  facet normal 0 0 1
    outer loop
      vertex 10.280060020873705 10.026284287026172 5.949999999999999
      vertex 8.550561835020659 9.770595205269196 5.949999999999999
      vertex 8.75 9.672243186433555 5.949999999999999
    endloop
  endfacet
  facet normal 0 0 1
    outer loop
      vertex 10.280060020873705 10.026284287026172 5.949999999999999
      vertex 8.75 9.672243186433555 5.949999999999999
      vertex 10.498076211353322 9.70000000000001 5.949999999999999
    endloop
  endfacet
  facet normal 0 0 1
    outer loop
      vertex 10.498076211353322 9.70000000000001 5.949999999999999
      vertex 8.75 9.672243186433555 5.949999999999999
      vertex 8.934894429314838 9.54870067849511 5.949999999999999
    endloop
  endfacet
  facet normal 0 0 1
    outer loop
      vertex 10.498076211353322 9.70000000000001 5.949999999999999
      vertex 8.934894429314838 9.54870067849511 5.949999999999999
      vertex 9.102081528017138 9.402081528017142 5.949999999999999
    endloop
  endfacet
  facet normal 0 0 1
    outer loop
      vertex 10.498076211353322 9.70000000000001 5.949999999999999
      vertex 9.102081528017138 9.402081528017142 5.949999999999999
      vertex 9.248700678495112 9.234894429314835 5.949999999999999
    endloop
  endfacet
  facet normal 0 0 1
    outer loop
      vertex 10.498076211353322 9.70000000000001 5.949999999999999
      vertex 9.248700678495112 9.234894429314835 5.949999999999999
      vertex 10.671638597533871 9.348050297095277 5.949999999999999
    endloop
  endfacet
  facet normal 0 0 1
    outer loop
      vertex 10.671638597533871 9.348050297095277 5.949999999999999
      vertex 9.248700678495112 9.234894429314835 5.949999999999999
      vertex 9.37224318643355 9.050000000000011 5.949999999999999
    endloop
  endfacet
  facet normal 0 0 1
    outer loop
      vertex 10.671638597533871 9.348050297095277 5.949999999999999
      vertex 9.37224318643355 9.050000000000011 5.949999999999999
      vertex 9.470595205269191 8.850561835020663 5.949999999999999
    endloop
  endfacet
  facet normal 0 0 1
    outer loop
      vertex 10.797777478867218 8.97645713530757 5.949999999999999
      vertex 9.470595205269191 8.850561835020663 5.949999999999999
      vertex 9.54207390469142 8.639992376674293 5.949999999999999
    endloop
  endfacet
  facet normal 0 0 1
    outer loop
      vertex 10.671638597533871 9.348050297095277 5.949999999999999
      vertex 9.470595205269191 8.850561835020663 5.949999999999999
      vertex 10.797777478867218 8.97645713530757 5.949999999999999
    endloop
  endfacet
  facet normal -0.3214394653031718 0.9469301294951021 0
    outer loop
      vertex 6.751949702904739 10.971638597533868 5.949999999999999
      vertex 7.123542864692439 11.097777478867215 5.949999999999999
      vertex 6.751949702904739 10.971638597533868 3.2
    endloop
  endfacet
  facet normal -0.19509032201611934 0.9807852804032322 0
    outer loop
      vertex 7.123542864692439 11.097777478867215 5.949999999999999
      vertex 7.508421423339854 11.17433458412144 5.949999999999999
      vertex 7.123542864692439 11.097777478867215 3.2
    endloop
  endfacet
  facet normal -0.7518398074789916 0.6593458151000527 0
    outer loop
      vertex 5.519939979126306 10.026284287026172 5.949999999999999
      vertex 5.77867965644036 10.321320343559655 5.949999999999999
      vertex 5.519939979126306 10.026284287026172 3.2
    endloop
  endfacet
  facet normal -0.8314696123025382 0.5555702330196125 0
    outer loop
      vertex 5.519939979126306 10.026284287026172 5.949999999999999
      vertex 5.519939979126306 10.026284287026172 3.2
      vertex 5.30192378864669 9.70000000000001 5.949999999999999
    endloop
  endfacet
  facet normal -0.8968727415326845 0.44228869021900924 0
    outer loop
      vertex 5.12836140246614 9.348050297095277 5.949999999999999
      vertex 5.30192378864669 9.70000000000001 5.949999999999999
      vertex 5.12836140246614 9.348050297095277 3.2
    endloop
  endfacet
  facet normal -0.9469301294951041 0.3214394653031663 -1.7128898377571048e-18
    outer loop
      vertex 5.12836140246614 9.348050297095277 5.949999999999999
      vertex 5.0022225211327935 8.97645713530757 3.2
      vertex 5.0022225211327935 8.97645713530757 5.949999999999999
    endloop
  endfacet
  facet normal -0.9807852804032314 0.19509032201612278 -2.0805207792009491e-19
    outer loop
      vertex 5.0022225211327935 8.97645713530757 5.949999999999999
      vertex 4.925665415878569 8.591578576660162 3.2
      vertex 4.925665415878569 8.591578576660162 5.949999999999999
    endloop
  endfacet
  facet normal -0.6593458151000539 0.7518398074789904 6.01163951071319e-18
    outer loop
      vertex 6.073715712973851 10.580060020873717 5.949999999999999
      vertex 5.77867965644036 10.321320343559655 3.2
      vertex 5.77867965644036 10.321320343559655 5.949999999999999
    endloop
  endfacet
  facet normal -0.5555702330196085 0.8314696123025411 0
    outer loop
      vertex 6.073715712973851 10.580060020873717 5.949999999999999
      vertex 6.400000000000006 10.798076211353326 5.949999999999999
      vertex 6.073715712973851 10.580060020873717 3.2
    endloop
  endfacet
  facet normal -0.4422886902189946 0.8968727415326915 -2.2152473030349195e-18
    outer loop
      vertex 6.751949702904739 10.971638597533868 5.949999999999999
      vertex 6.400000000000006 10.798076211353326 3.2
      vertex 6.400000000000006 10.798076211353326 5.949999999999999
    endloop
  endfacet
  facet normal -0.06540312923014861 0.9978589232386031 0
    outer loop
      vertex 7.508421423339854 11.17433458412144 5.949999999999999
      vertex 7.900000000000006 11.20000000000001 5.949999999999999
      vertex 7.508421423339854 11.17433458412144 3.2
    endloop
  endfacet
  facet normal 0.06540312923014861 0.9978589232386031 0
    outer loop
      vertex 7.900000000000006 11.20000000000001 5.949999999999999
      vertex 8.291578576660157 11.17433458412144 5.949999999999999
      vertex 7.900000000000006 11.20000000000001 3.2
    endloop
  endfacet
  facet normal 0.19509032201611934 0.9807852804032322 0
    outer loop
      vertex 8.291578576660157 11.17433458412144 5.949999999999999
      vertex 8.676457135307572 11.097777478867215 5.949999999999999
      vertex 8.291578576660157 11.17433458412144 3.2
    endloop
  endfacet
  facet normal 0.3214394653031718 0.9469301294951021 0
    outer loop
      vertex 8.676457135307572 11.097777478867215 5.949999999999999
      vertex 9.048050297095273 10.971638597533868 5.949999999999999
      vertex 8.676457135307572 11.097777478867215 3.2
    endloop
  endfacet
  facet normal 0.4422886902189946 0.8968727415326915 0
    outer loop
      vertex 9.048050297095273 10.971638597533868 5.949999999999999
      vertex 9.400000000000006 10.798076211353326 5.949999999999999
      vertex 9.048050297095273 10.971638597533868 3.2
    endloop
  endfacet
  facet normal 0.5555702330196085 0.8314696123025411 0
    outer loop
      vertex 9.400000000000006 10.798076211353326 5.949999999999999
      vertex 9.72628428702616 10.580060020873717 5.949999999999999
      vertex 9.400000000000006 10.798076211353326 3.2
    endloop
  endfacet
  facet normal 0.6593458151000539 0.7518398074789904 0
    outer loop
      vertex 9.72628428702616 10.580060020873717 5.949999999999999
      vertex 10.021320343559651 10.321320343559655 5.949999999999999
      vertex 9.72628428702616 10.580060020873717 3.2
    endloop
  endfacet
  facet normal 0.7518398074789916 0.6593458151000527 0
    outer loop
      vertex 10.021320343559651 10.321320343559655 5.949999999999999
      vertex 10.280060020873705 10.026284287026172 5.949999999999999
      vertex 10.021320343559651 10.321320343559655 3.2
    endloop
  endfacet
  facet normal 0.8314696123025382 0.5555702330196125 0
    outer loop
      vertex 10.280060020873705 10.026284287026172 5.949999999999999
      vertex 10.498076211353322 9.70000000000001 5.949999999999999
      vertex 10.280060020873705 10.026284287026172 3.2
    endloop
  endfacet
  facet normal 0.8968727415326845 0.44228869021900924 0
    outer loop
      vertex 10.498076211353322 9.70000000000001 5.949999999999999
      vertex 10.671638597533871 9.348050297095277 5.949999999999999
      vertex 10.498076211353322 9.70000000000001 3.2
    endloop
  endfacet
  facet normal 0.9469301294951041 0.3214394653031663 0
    outer loop
      vertex 10.671638597533871 9.348050297095277 5.949999999999999
      vertex 10.797777478867218 8.97645713530757 5.949999999999999
      vertex 10.671638597533871 9.348050297095277 3.2
    endloop
  endfacet
  facet normal 0.9807852804032314 0.19509032201612278 -1.294634652984819e-16
    outer loop
      vertex 10.797777478867218 8.97645713530757 5.949999999999999
      vertex 10.874334584121442 8.591578576660162 5.949999999999999
      vertex 10.797777478867216 8.976457135307577 3.2
    endloop
  endfacet
  facet normal 0 0 1
    outer loop
      vertex 4.925665415878569 8.591578576660162 5.949999999999999
      vertex 4.900000000000006 8.20000000000001 5.949999999999999
      vertex 6.2145437356645346 8.421894526774096 5.949999999999999
    endloop
  endfacet
  facet normal 0 0 1
    outer loop
      vertex 4.900000000000006 8.20000000000001 5.949999999999999
      vertex 4.925665415878569 7.808421423339858 5.949999999999999
      vertex 6.200000000000003 8.20000000000001 5.949999999999999
    endloop
  endfacet
  facet normal 0 0 1
    outer loop
      vertex 4.925665415878569 7.808421423339858 5.949999999999999
      vertex 5.0022225211327935 7.42354286469245 5.949999999999999
      vertex 6.2145437356645346 7.978105473225924 5.949999999999999
    endloop
  endfacet
  facet normal 0 0 1
    outer loop
      vertex 5.0022225211327935 7.42354286469245 5.949999999999999
      vertex 5.12836140246614 7.051949702904743 5.949999999999999
      vertex 6.32940479473082 7.549438164979357 5.949999999999999
    endloop
  endfacet
  facet normal 0 0 1
    outer loop
      vertex 4.925665415878569 8.591578576660162 5.949999999999999
      vertex 6.257926095308591 8.639992376674293 5.949999999999999
      vertex 6.32940479473082 8.850561835020663 5.949999999999999
    endloop
  endfacet
  facet normal 0 0 1
    outer loop
      vertex 4.925665415878569 8.591578576660162 5.949999999999999
      vertex 6.2145437356645346 8.421894526774096 5.949999999999999
      vertex 6.257926095308591 8.639992376674293 5.949999999999999
    endloop
  endfacet
  facet normal 0 0 1
    outer loop
      vertex 4.900000000000006 8.20000000000001 5.949999999999999
      vertex 6.200000000000003 8.20000000000001 5.949999999999999
      vertex 6.2145437356645346 8.421894526774096 5.949999999999999
    endloop
  endfacet
  facet normal 0 0 1
    outer loop
      vertex 4.925665415878569 7.808421423339858 5.949999999999999
      vertex 6.2145437356645346 7.978105473225924 5.949999999999999
      vertex 6.200000000000003 8.20000000000001 5.949999999999999
    endloop
  endfacet
  facet normal 0 0 1
    outer loop
      vertex 5.0022225211327935 7.42354286469245 5.949999999999999
      vertex 6.257926095308591 7.760007623325727 5.949999999999999
      vertex 6.2145437356645346 7.978105473225924 5.949999999999999
    endloop
  endfacet
  facet normal 0 0 1
    outer loop
      vertex 5.0022225211327935 7.42354286469245 5.949999999999999
      vertex 6.32940479473082 7.549438164979357 5.949999999999999
      vertex 6.257926095308591 7.760007623325727 5.949999999999999
    endloop
  endfacet
  facet normal 0 0 1
    outer loop
      vertex 5.12836140246614 7.051949702904743 5.949999999999999
      vertex 6.427756813566461 7.3500000000000085 5.949999999999999
      vertex 6.32940479473082 7.549438164979357 5.949999999999999
    endloop
  endfacet
  facet normal 0 0 1
    outer loop
      vertex 5.12836140246614 7.051949702904743 5.949999999999999
      vertex 6.551299321504899 7.165105570685185 5.949999999999999
      vertex 6.427756813566461 7.3500000000000085 5.949999999999999
    endloop
  endfacet
  facet normal 0 0 1
    outer loop
      vertex 5.12836140246614 7.051949702904743 5.949999999999999
      vertex 5.30192378864669 6.70000000000001 5.949999999999999
      vertex 6.551299321504899 7.165105570685185 5.949999999999999
    endloop
  endfacet
  facet normal 0 0 1
    outer loop
      vertex 5.30192378864669 6.70000000000001 5.949999999999999
      vertex 5.519939979126306 6.373715712973848 5.949999999999999
      vertex 7.050000000000011 6.727756813566465 5.949999999999999
    endloop
  endfacet
  facet normal 0 0 1
    outer loop
      vertex 5.30192378864669 6.70000000000001 5.949999999999999
      vertex 6.697918471982874 6.997918471982878 5.949999999999999
      vertex 6.551299321504899 7.165105570685185 5.949999999999999
    endloop
  endfacet
  facet normal 0 0 1
    outer loop
      vertex 5.30192378864669 6.70000000000001 5.949999999999999
      vertex 6.865105570685174 6.851299321504911 5.949999999999999
      vertex 6.697918471982874 6.997918471982878 5.949999999999999
    endloop
  endfacet
  facet normal 0 0 1
    outer loop
      vertex 5.30192378864669 6.70000000000001 5.949999999999999
      vertex 7.050000000000011 6.727756813566465 5.949999999999999
      vertex 6.865105570685174 6.851299321504911 5.949999999999999
    endloop
  endfacet
  facet normal 0 0 1
    outer loop
      vertex 5.519939979126306 6.373715712973848 5.949999999999999
      vertex 7.2494381649793525 6.629404794730824 5.949999999999999
      vertex 7.050000000000011 6.727756813566465 5.949999999999999
    endloop
  endfacet
  facet normal 0 0 1
    outer loop
      vertex 5.519939979126306 6.373715712973848 5.949999999999999
      vertex 7.460007623325723 6.557926095308595 5.949999999999999
      vertex 7.2494381649793525 6.629404794730824 5.949999999999999
    endloop
  endfacet
  facet normal 0 0 1
    outer loop
      vertex 5.519939979126306 6.373715712973848 5.949999999999999
      vertex 7.678105473225912 6.514543735664532 5.949999999999999
      vertex 7.460007623325723 6.557926095308595 5.949999999999999
    endloop
  endfacet
  facet normal 0 0 1
    outer loop
      vertex 5.519939979126306 6.373715712973848 5.949999999999999
      vertex 7.900000000000006 6.500000000000007 5.949999999999999
      vertex 7.678105473225912 6.514543735664532 5.949999999999999
    endloop
  endfacet
  facet normal 0 0 1
    outer loop
      vertex 5.519939979126306 6.373715712973848 5.949999999999999
      vertex 5.77867965644036 6.0786796564403645 5.949999999999999
      vertex 10.280060020873705 6.373715712973848 5.949999999999999
    endloop
  endfacet
  facet normal 0 0 1
    outer loop
      vertex 5.77867965644036 6.0786796564403645 5.949999999999999
      vertex 6.073715712973851 5.819939979126303 5.949999999999999
      vertex 10.021320343559651 6.0786796564403645 5.949999999999999
    endloop
  endfacet
  facet normal 0 0 1
    outer loop
      vertex 6.073715712973851 5.819939979126303 5.949999999999999
      vertex 6.400000000000006 5.601923788646687 5.949999999999999
      vertex 9.72628428702616 5.819939979126303 5.949999999999999
    endloop
  endfacet
  facet normal 0 0 1
    outer loop
      vertex 10.498076211353322 6.70000000000001 5.949999999999999
      vertex 8.550561835020659 6.629404794730824 5.949999999999999
      vertex 8.339992376674289 6.557926095308595 5.949999999999999
    endloop
  endfacet
  facet normal 0 0 1
    outer loop
      vertex 10.498076211353322 6.70000000000001 5.949999999999999
      vertex 8.75 6.727756813566465 5.949999999999999
      vertex 8.550561835020659 6.629404794730824 5.949999999999999
    endloop
  endfacet
  facet normal 0 0 1
    outer loop
      vertex 10.797777478867218 8.97645713530757 5.949999999999999
      vertex 9.54207390469142 8.639992376674293 5.949999999999999
      vertex 9.585456264335477 8.421894526774096 5.949999999999999
    endloop
  endfacet
  facet normal 0 0 1
    outer loop
      vertex 10.874334584121442 8.591578576660162 5.949999999999999
      vertex 9.585456264335477 8.421894526774096 5.949999999999999
      vertex 9.600000000000009 8.20000000000001 5.949999999999999
    endloop
  endfacet
  facet normal 0 0 1
    outer loop
      vertex 10.900000000000006 8.20000000000001 5.949999999999999
      vertex 9.600000000000009 8.20000000000001 5.949999999999999
      vertex 9.585456264335477 7.978105473225924 5.949999999999999
    endloop
  endfacet
  facet normal 0 0 1
    outer loop
      vertex 10.874334584121442 7.808421423339858 5.949999999999999
      vertex 9.585456264335477 7.978105473225924 5.949999999999999
      vertex 9.54207390469142 7.760007623325727 5.949999999999999
    endloop
  endfacet
  facet normal 0 0 1
    outer loop
      vertex 10.874334584121442 7.808421423339858 5.949999999999999
      vertex 9.54207390469142 7.760007623325727 5.949999999999999
      vertex 9.470595205269191 7.549438164979357 5.949999999999999
    endloop
  endfacet
  facet normal 0 0 1
    outer loop
      vertex 10.797777478867218 8.97645713530757 5.949999999999999
      vertex 9.585456264335477 8.421894526774096 5.949999999999999
      vertex 10.874334584121442 8.591578576660162 5.949999999999999
    endloop
  endfacet
  facet normal 0 0 1
    outer loop
      vertex 10.874334584121442 8.591578576660162 5.949999999999999
      vertex 9.600000000000009 8.20000000000001 5.949999999999999
      vertex 10.900000000000006 8.20000000000001 5.949999999999999
    endloop
  endfacet
  facet normal 0 0 1
    outer loop
      vertex 10.900000000000006 8.20000000000001 5.949999999999999
      vertex 9.585456264335477 7.978105473225924 5.949999999999999
      vertex 10.874334584121442 7.808421423339858 5.949999999999999
    endloop
  endfacet
  facet normal 0 0 1
    outer loop
      vertex 10.797777478867218 7.42354286469245 5.949999999999999
      vertex 9.37224318643355 7.3500000000000085 5.949999999999999
      vertex 9.248700678495112 7.165105570685185 5.949999999999999
    endloop
  endfacet
  facet normal 0 0 1
    outer loop
      vertex 10.797777478867218 7.42354286469245 5.949999999999999
      vertex 9.470595205269191 7.549438164979357 5.949999999999999
      vertex 9.37224318643355 7.3500000000000085 5.949999999999999
    endloop
  endfacet
  facet normal 0 0 1
    outer loop
      vertex 10.797777478867218 7.42354286469245 5.949999999999999
      vertex 9.248700678495112 7.165105570685185 5.949999999999999
      vertex 10.671638597533871 7.051949702904743 5.949999999999999
    endloop
  endfacet
  facet normal 0 0 1
    outer loop
      vertex 10.671638597533871 7.051949702904743 5.949999999999999
      vertex 9.102081528017138 6.997918471982878 5.949999999999999
      vertex 8.934894429314838 6.851299321504911 5.949999999999999
    endloop
  endfacet
  facet normal 0 0 1
    outer loop
      vertex 10.671638597533871 7.051949702904743 5.949999999999999
      vertex 9.248700678495112 7.165105570685185 5.949999999999999
      vertex 9.102081528017138 6.997918471982878 5.949999999999999
    endloop
  endfacet
  facet normal 0 0 1
    outer loop
      vertex 10.498076211353322 6.70000000000001 5.949999999999999
      vertex 8.934894429314838 6.851299321504911 5.949999999999999
      vertex 8.75 6.727756813566465 5.949999999999999
    endloop
  endfacet
  facet normal 0 0 1
    outer loop
      vertex 10.498076211353322 6.70000000000001 5.949999999999999
      vertex 8.339992376674289 6.557926095308595 5.949999999999999
      vertex 10.280060020873705 6.373715712973848 5.949999999999999
    endloop
  endfacet
  facet normal 0 0 1
    outer loop
      vertex 10.671638597533871 7.051949702904743 5.949999999999999
      vertex 8.934894429314838 6.851299321504911 5.949999999999999
      vertex 10.498076211353322 6.70000000000001 5.949999999999999
    endloop
  endfacet
  facet normal 0 0 1
    outer loop
      vertex 10.874334584121442 7.808421423339858 5.949999999999999
      vertex 9.470595205269191 7.549438164979357 5.949999999999999
      vertex 10.797777478867218 7.42354286469245 5.949999999999999
    endloop
  endfacet
  facet normal 0 0 1
    outer loop
      vertex 5.519939979126306 6.373715712973848 5.949999999999999
      vertex 10.280060020873705 6.373715712973848 5.949999999999999
      vertex 7.900000000000006 6.500000000000007 5.949999999999999
    endloop
  endfacet
  facet normal 0 0 1
    outer loop
      vertex 6.400000000000006 5.601923788646687 5.949999999999999
      vertex 6.751949702904739 5.428361402466152 5.949999999999999
      vertex 9.400000000000006 5.601923788646687 5.949999999999999
    endloop
  endfacet
  facet normal 0 0 1
    outer loop
      vertex 6.751949702904739 5.428361402466152 5.949999999999999
      vertex 9.048050297095273 5.428361402466152 5.949999999999999
      vertex 9.400000000000006 5.601923788646687 5.949999999999999
    endloop
  endfacet
  facet normal 0 0 1
    outer loop
      vertex 10.280060020873705 6.373715712973848 5.949999999999999
      vertex 8.1218945267741 6.514543735664532 5.949999999999999
      vertex 7.900000000000006 6.500000000000007 5.949999999999999
    endloop
  endfacet
  facet normal 0 0 1
    outer loop
      vertex 5.77867965644036 6.0786796564403645 5.949999999999999
      vertex 10.021320343559651 6.0786796564403645 5.949999999999999
      vertex 10.280060020873705 6.373715712973848 5.949999999999999
    endloop
  endfacet
  facet normal 0 0 1
    outer loop
      vertex 10.280060020873705 6.373715712973848 5.949999999999999
      vertex 8.339992376674289 6.557926095308595 5.949999999999999
      vertex 8.1218945267741 6.514543735664532 5.949999999999999
    endloop
  endfacet
  facet normal 0 0 1
    outer loop
      vertex 6.073715712973851 5.819939979126303 5.949999999999999
      vertex 9.72628428702616 5.819939979126303 5.949999999999999
      vertex 10.021320343559651 6.0786796564403645 5.949999999999999
    endloop
  endfacet
  facet normal 0 0 1
    outer loop
      vertex 6.400000000000006 5.601923788646687 5.949999999999999
      vertex 9.400000000000006 5.601923788646687 5.949999999999999
      vertex 9.72628428702616 5.819939979126303 5.949999999999999
    endloop
  endfacet
  facet normal 0 0 1
    outer loop
      vertex 6.751949702904739 5.428361402466152 5.949999999999999
      vertex 7.123542864692439 5.302222521132805 5.949999999999999
      vertex 9.048050297095273 5.428361402466152 5.949999999999999
    endloop
  endfacet
  facet normal 0 0 1
    outer loop
      vertex 7.123542864692439 5.302222521132805 5.949999999999999
      vertex 7.508421423339854 5.225665415878581 5.949999999999999
      vertex 8.676457135307572 5.302222521132805 5.949999999999999
    endloop
  endfacet
  facet normal 0 0 1
    outer loop
      vertex 7.508421423339854 5.225665415878581 5.949999999999999
      vertex 7.900000000000006 5.200000000000003 5.949999999999999
      vertex 8.291578576660157 5.225665415878581 5.949999999999999
    endloop
  endfacet
  facet normal 0 0 1
    outer loop
      vertex 7.508421423339854 5.225665415878581 5.949999999999999
      vertex 8.291578576660157 5.225665415878581 5.949999999999999
      vertex 8.676457135307572 5.302222521132805 5.949999999999999
    endloop
  endfacet
  facet normal 0 0 1
    outer loop
      vertex 7.123542864692439 5.302222521132805 5.949999999999999
      vertex 8.676457135307572 5.302222521132805 5.949999999999999
      vertex 9.048050297095273 5.428361402466152 5.949999999999999
    endloop
  endfacet
  facet normal -0.9978589232386043 0.06540312923013057 -3.432867437664219e-19
    outer loop
      vertex 4.925665415878569 8.591578576660162 5.949999999999999
      vertex 4.900000000000006 8.20000000000001 3.2
      vertex 4.900000000000006 8.20000000000001 5.949999999999999
    endloop
  endfacet
  facet normal -0.9978589232386043 -0.06540312923013057 -4.754353735194631e-16
    outer loop
      vertex 4.900000000000006 8.20000000000001 5.949999999999999
      vertex 4.925665415878571 7.808421423339851 3.2
      vertex 4.925665415878569 7.808421423339858 5.949999999999999
    endloop
  endfacet
  facet normal -0.9807852804032314 -0.19509032201612278 -1.285768974840341e-16
    outer loop
      vertex 4.925665415878569 7.808421423339858 5.949999999999999
      vertex 5.002222521132795 7.423542864692443 3.2
      vertex 5.0022225211327935 7.42354286469245 5.949999999999999
    endloop
  endfacet
  facet normal -0.9469301294951041 -0.3214394653031663 1.7128898377571048e-18
    outer loop
      vertex 5.0022225211327935 7.42354286469245 5.949999999999999
      vertex 5.12836140246614 7.051949702904743 3.2
      vertex 5.12836140246614 7.051949702904743 5.949999999999999
    endloop
  endfacet
  facet normal -0.8968727415326845 -0.44228869021900924 -3.3420175480964486e-19
    outer loop
      vertex 5.12836140246614 7.051949702904743 5.949999999999999
      vertex 5.30192378864669 6.70000000000001 3.2
      vertex 5.30192378864669 6.70000000000001 5.949999999999999
    endloop
  endfacet
  facet normal -0.8314696123025382 -0.5555702330196125 -3.800759984547158e-18
    outer loop
      vertex 5.30192378864669 6.70000000000001 5.949999999999999
      vertex 5.519939979126306 6.373715712973848 3.2
      vertex 5.519939979126306 6.373715712973848 5.949999999999999
    endloop
  endfacet
  facet normal -0.7518398074789916 -0.6593458151000527 8.449498906017982e-19
    outer loop
      vertex 5.519939979126306 6.373715712973848 5.949999999999999
      vertex 5.77867965644036 6.0786796564403645 3.2
      vertex 5.77867965644036 6.0786796564403645 5.949999999999999
    endloop
  endfacet
  facet normal -0.6593458151000539 -0.7518398074789904 -6.01163951071319e-18
    outer loop
      vertex 5.77867965644036 6.0786796564403645 5.949999999999999
      vertex 6.073715712973851 5.819939979126303 3.2
      vertex 6.073715712973851 5.819939979126303 5.949999999999999
    endloop
  endfacet
  facet normal -0.5555702330196209 -0.8314696123025328 4.227544201000551e-18
    outer loop
      vertex 6.073715712973851 5.819939979126303 5.949999999999999
      vertex 6.400000000000006 5.601923788646687 3.2
      vertex 6.400000000000006 5.601923788646687 5.949999999999999
    endloop
  endfacet
  facet normal -0.44228869021898004 -0.8968727415326987 -1.6652562947406556e-18
    outer loop
      vertex 6.400000000000006 5.601923788646687 5.949999999999999
      vertex 6.751949702904739 5.428361402466152 3.2
      vertex 6.751949702904739 5.428361402466152 5.949999999999999
    endloop
  endfacet
  facet normal -0.3214394653031718 -0.9469301294951021 2.7816411092176216e-18
    outer loop
      vertex 6.751949702904739 5.428361402466152 5.949999999999999
      vertex 7.123542864692439 5.302222521132805 3.2
      vertex 7.123542864692439 5.302222521132805 5.949999999999999
    endloop
  endfacet
  facet normal -0.19509032201611934 -0.9807852804032322 8.865678144477796e-19
    outer loop
      vertex 7.123542864692439 5.302222521132805 5.949999999999999
      vertex 7.508421423339854 5.225665415878581 3.2
      vertex 7.508421423339854 5.225665415878581 5.949999999999999
    endloop
  endfacet
  facet normal 0.9978589232386043 0.06540312923013057 -4.755768506716296e-16
    outer loop
      vertex 10.874334584121442 8.591578576660162 5.949999999999999
      vertex 10.900000000000006 8.20000000000001 5.949999999999999
      vertex 10.87433458412144 8.591578576660169 3.2
    endloop
  endfacet
  facet normal 0.9978589232386043 -0.06540312923013057 0
    outer loop
      vertex 10.900000000000006 8.20000000000001 5.949999999999999
      vertex 10.874334584121442 7.808421423339858 5.949999999999999
      vertex 10.900000000000006 8.20000000000001 3.2
    endloop
  endfacet
  facet normal 0.9807852804032314 -0.19509032201612278 0
    outer loop
      vertex 10.874334584121442 7.808421423339858 5.949999999999999
      vertex 10.797777478867218 7.42354286469245 5.949999999999999
      vertex 10.874334584121442 7.808421423339858 3.2
    endloop
  endfacet
  facet normal 0.9469301294951041 -0.3214394653031663 0
    outer loop
      vertex 10.797777478867218 7.42354286469245 5.949999999999999
      vertex 10.671638597533871 7.051949702904743 5.949999999999999
      vertex 10.797777478867218 7.42354286469245 3.2
    endloop
  endfacet
  facet normal 0.8968727415326845 -0.44228869021900924 0
    outer loop
      vertex 10.671638597533871 7.051949702904743 5.949999999999999
      vertex 10.498076211353322 6.70000000000001 5.949999999999999
      vertex 10.671638597533871 7.051949702904743 3.2
    endloop
  endfacet
  facet normal 0.44228869021898004 -0.8968727415326987 1.6652562947406556e-18
    outer loop
      vertex 9.048050297095273 5.428361402466152 5.949999999999999
      vertex 9.400000000000006 5.601923788646687 3.2
      vertex 9.400000000000006 5.601923788646687 5.949999999999999
    endloop
  endfacet
  facet normal -0.06540312923016663 -0.9978589232386019 6.459767650908229e-19
    outer loop
      vertex 7.508421423339854 5.225665415878581 5.949999999999999
      vertex 7.900000000000006 5.200000000000003 3.2
      vertex 7.900000000000006 5.200000000000003 5.949999999999999
    endloop
  endfacet
  facet normal 0.06540312923016663 -0.9978589232386019 -6.459767650908229e-19
    outer loop
      vertex 7.900000000000006 5.200000000000003 5.949999999999999
      vertex 8.291578576660157 5.225665415878581 3.2
      vertex 8.291578576660157 5.225665415878581 5.949999999999999
    endloop
  endfacet
  facet normal 0.19509032201611934 -0.9807852804032322 -8.865678144477796e-19
    outer loop
      vertex 8.291578576660157 5.225665415878581 5.949999999999999
      vertex 8.676457135307572 5.302222521132805 3.2
      vertex 8.676457135307572 5.302222521132805 5.949999999999999
    endloop
  endfacet
  facet normal 0.3214394653031718 -0.9469301294951021 -2.7816411092176216e-18
    outer loop
      vertex 8.676457135307572 5.302222521132805 5.949999999999999
      vertex 9.048050297095273 5.428361402466152 3.2
      vertex 9.048050297095273 5.428361402466152 5.949999999999999
    endloop
  endfacet
  facet normal 0.7518398074789916 -0.6593458151000527 0
    outer loop
      vertex 10.280060020873705 6.373715712973848 5.949999999999999
      vertex 10.021320343559651 6.0786796564403645 5.949999999999999
      vertex 10.280060020873705 6.373715712973848 3.2
    endloop
  endfacet
  facet normal 0.6593458151000539 -0.7518398074789904 0
    outer loop
      vertex 10.021320343559651 6.0786796564403645 5.949999999999999
      vertex 9.72628428702616 5.819939979126303 5.949999999999999
      vertex 10.021320343559651 6.0786796564403645 3.2
    endloop
  endfacet
  facet normal 0.5555702330196209 -0.8314696123025328 0
    outer loop
      vertex 9.72628428702616 5.819939979126303 5.949999999999999
      vertex 9.400000000000006 5.601923788646687 5.949999999999999
      vertex 9.72628428702616 5.819939979126303 3.2
    endloop
  endfacet
  facet normal 0.8314696123025382 -0.5555702330196125 3.800759984547158e-18
    outer loop
      vertex 10.498076211353322 6.70000000000001 5.949999999999999
      vertex 10.280060020873705 6.373715712973848 5.949999999999999
      vertex 10.280060020873705 6.373715712973848 3.2
    endloop
  endfacet
  facet normal -0.4422886902189946 0.8968727415326915 0
    outer loop
      vertex 6.751949702904739 10.971638597533868 5.949999999999999
      vertex 6.751949702904739 10.971638597533868 3.2
      vertex 6.400000000000006 10.798076211353326 3.2
    endloop
  endfacet
  facet normal -0.3214394653031718 0.9469301294951021 0
    outer loop
      vertex 7.123542864692439 11.097777478867215 5.949999999999999
      vertex 7.123542864692439 11.097777478867215 3.2
      vertex 6.751949702904739 10.971638597533868 3.2
    endloop
  endfacet
  facet normal -0.19509032201611934 0.9807852804032322 0
    outer loop
      vertex 7.508421423339854 11.17433458412144 5.949999999999999
      vertex 7.508421423339854 11.17433458412144 3.2
      vertex 7.123542864692439 11.097777478867215 3.2
    endloop
  endfacet
  facet normal -0.8314696123025382 0.5555702330196125 0
    outer loop
      vertex 5.30192378864669 9.70000000000001 5.949999999999999
      vertex 5.519939979126306 10.026284287026172 3.2
      vertex 5.30192378864669 9.70000000000001 3.2
    endloop
  endfacet
  facet normal -0.8968727415326845 0.44228869021900924 0
    outer loop
      vertex 5.30192378864669 9.70000000000001 5.949999999999999
      vertex 5.30192378864669 9.70000000000001 3.2
      vertex 5.12836140246614 9.348050297095277 3.2
    endloop
  endfacet
  facet normal -0.9469301294951041 0.3214394653031663 0
    outer loop
      vertex 5.12836140246614 9.348050297095277 5.949999999999999
      vertex 5.12836140246614 9.348050297095277 3.2
      vertex 5.0022225211327935 8.97645713530757 3.2
    endloop
  endfacet
  facet normal -0.9807852804032314 0.19509032201612278 0
    outer loop
      vertex 5.0022225211327935 8.97645713530757 5.949999999999999
      vertex 5.0022225211327935 8.97645713530757 3.2
      vertex 4.925665415878569 8.591578576660162 3.2
    endloop
  endfacet
  facet normal -0.6593458151000539 0.7518398074789904 0
    outer loop
      vertex 6.073715712973851 10.580060020873717 5.949999999999999
      vertex 6.073715712973851 10.580060020873717 3.2
      vertex 5.77867965644036 10.321320343559655 3.2
    endloop
  endfacet
  facet normal -0.5555702330196085 0.8314696123025411 0
    outer loop
      vertex 6.400000000000006 10.798076211353326 5.949999999999999
      vertex 6.400000000000006 10.798076211353326 3.2
      vertex 6.073715712973851 10.580060020873717 3.2
    endloop
  endfacet
  facet normal -0.7518398074789916 0.6593458151000527 0
    outer loop
      vertex 5.77867965644036 10.321320343559655 5.949999999999999
      vertex 5.77867965644036 10.321320343559655 3.2
      vertex 5.519939979126306 10.026284287026172 3.2
    endloop
  endfacet
  facet normal -0.06540312923014861 0.9978589232386031 0
    outer loop
      vertex 7.900000000000006 11.20000000000001 5.949999999999999
      vertex 7.900000000000006 11.20000000000001 3.2
      vertex 7.508421423339854 11.17433458412144 3.2
    endloop
  endfacet
  facet normal 0.06540312923014861 0.9978589232386031 0
    outer loop
      vertex 8.291578576660157 11.17433458412144 5.949999999999999
      vertex 8.291578576660157 11.17433458412144 3.2
      vertex 7.900000000000006 11.20000000000001 3.2
    endloop
  endfacet
  facet normal 0.19509032201611934 0.9807852804032322 0
    outer loop
      vertex 8.676457135307572 11.097777478867215 5.949999999999999
      vertex 8.676457135307572 11.097777478867215 3.2
      vertex 8.291578576660157 11.17433458412144 3.2
    endloop
  endfacet
  facet normal 0.3214394653031718 0.9469301294951021 0
    outer loop
      vertex 9.048050297095273 10.971638597533868 5.949999999999999
      vertex 9.048050297095273 10.971638597533868 3.2
      vertex 8.676457135307572 11.097777478867215 3.2
    endloop
  endfacet
  facet normal 0.4422886902189946 0.8968727415326915 0
    outer loop
      vertex 9.400000000000006 10.798076211353326 5.949999999999999
      vertex 9.400000000000006 10.798076211353326 3.2
      vertex 9.048050297095273 10.971638597533868 3.2
    endloop
  endfacet
  facet normal 0.5555702330196085 0.8314696123025411 0
    outer loop
      vertex 9.72628428702616 10.580060020873717 5.949999999999999
      vertex 9.72628428702616 10.580060020873717 3.2
      vertex 9.400000000000006 10.798076211353326 3.2
    endloop
  endfacet
  facet normal 0.6593458151000539 0.7518398074789904 0
    outer loop
      vertex 10.021320343559651 10.321320343559655 5.949999999999999
      vertex 10.021320343559651 10.321320343559655 3.2
      vertex 9.72628428702616 10.580060020873717 3.2
    endloop
  endfacet
  facet normal 0.7518398074789916 0.6593458151000527 0
    outer loop
      vertex 10.280060020873705 10.026284287026172 5.949999999999999
      vertex 10.280060020873705 10.026284287026172 3.2
      vertex 10.021320343559651 10.321320343559655 3.2
    endloop
  endfacet
  facet normal 0.8314696123025382 0.5555702330196125 0
    outer loop
      vertex 10.498076211353322 9.70000000000001 5.949999999999999
      vertex 10.498076211353322 9.70000000000001 3.2
      vertex 10.280060020873705 10.026284287026172 3.2
    endloop
  endfacet
  facet normal 0.8968727415326845 0.44228869021900924 0
    outer loop
      vertex 10.671638597533871 9.348050297095277 5.949999999999999
      vertex 10.671638597533871 9.348050297095277 3.2
      vertex 10.498076211353322 9.70000000000001 3.2
    endloop
  endfacet
  facet normal 0.9469301294951036 0.32143946530316775 2.1886507585999066e-16
    outer loop
      vertex 10.797777478867218 8.97645713530757 5.949999999999999
      vertex 10.797777478867216 8.976457135307577 3.2
      vertex 10.671638597533871 9.348050297095277 3.2
    endloop
  endfacet
  facet normal 0.9807852804032314 0.19509032201612278 -1.294634652984819e-16
    outer loop
      vertex 10.874334584121442 8.591578576660162 5.949999999999999
      vertex 10.87433458412144 8.591578576660169 3.2
      vertex 10.797777478867216 8.976457135307577 3.2
    endloop
  endfacet
  facet normal -0.9978589232386043 0.06540312923013057 0
    outer loop
      vertex 4.925665415878569 8.591578576660162 5.949999999999999
      vertex 4.925665415878569 8.591578576660162 3.2
      vertex 4.900000000000006 8.20000000000001 3.2
    endloop
  endfacet
  facet normal -0.9978589232386043 -0.06540312923013392 0
    outer loop
      vertex 4.900000000000006 8.20000000000001 5.949999999999999
      vertex 4.900000000000006 8.20000000000001 3.2
      vertex 4.925665415878571 7.808421423339851 3.2
    endloop
  endfacet
  facet normal -0.9807852804032314 -0.19509032201612278 -1.294634652984819e-16
    outer loop
      vertex 4.925665415878569 7.808421423339858 5.949999999999999
      vertex 4.925665415878571 7.808421423339851 3.2
      vertex 5.002222521132795 7.423542864692443 3.2
    endloop
  endfacet
  facet normal -0.9469301294951036 -0.32143946530316775 2.1886507585999066e-16
    outer loop
      vertex 5.0022225211327935 7.42354286469245 5.949999999999999
      vertex 5.002222521132795 7.423542864692443 3.2
      vertex 5.12836140246614 7.051949702904743 3.2
    endloop
  endfacet
  facet normal -0.8968727415326845 -0.44228869021900924 0
    outer loop
      vertex 5.12836140246614 7.051949702904743 5.949999999999999
      vertex 5.12836140246614 7.051949702904743 3.2
      vertex 5.30192378864669 6.70000000000001 3.2
    endloop
  endfacet
  facet normal -0.8314696123025382 -0.5555702330196125 0
    outer loop
      vertex 5.30192378864669 6.70000000000001 5.949999999999999
      vertex 5.30192378864669 6.70000000000001 3.2
      vertex 5.519939979126306 6.373715712973848 3.2
    endloop
  endfacet
  facet normal -0.7518398074789916 -0.6593458151000527 0
    outer loop
      vertex 5.519939979126306 6.373715712973848 5.949999999999999
      vertex 5.519939979126306 6.373715712973848 3.2
      vertex 5.77867965644036 6.0786796564403645 3.2
    endloop
  endfacet
  facet normal -0.6593458151000539 -0.7518398074789904 0
    outer loop
      vertex 5.77867965644036 6.0786796564403645 5.949999999999999
      vertex 5.77867965644036 6.0786796564403645 3.2
      vertex 6.073715712973851 5.819939979126303 3.2
    endloop
  endfacet
  facet normal -0.5555702330196209 -0.8314696123025328 0
    outer loop
      vertex 6.073715712973851 5.819939979126303 5.949999999999999
      vertex 6.073715712973851 5.819939979126303 3.2
      vertex 6.400000000000006 5.601923788646687 3.2
    endloop
  endfacet
  facet normal -0.44228869021898004 -0.8968727415326987 0
    outer loop
      vertex 6.400000000000006 5.601923788646687 5.949999999999999
      vertex 6.400000000000006 5.601923788646687 3.2
      vertex 6.751949702904739 5.428361402466152 3.2
    endloop
  endfacet
  facet normal -0.3214394653031718 -0.9469301294951021 0
    outer loop
      vertex 6.751949702904739 5.428361402466152 5.949999999999999
      vertex 6.751949702904739 5.428361402466152 3.2
      vertex 7.123542864692439 5.302222521132805 3.2
    endloop
  endfacet
  facet normal -0.19509032201611934 -0.9807852804032322 0
    outer loop
      vertex 7.123542864692439 5.302222521132805 5.949999999999999
      vertex 7.123542864692439 5.302222521132805 3.2
      vertex 7.508421423339854 5.225665415878581 3.2
    endloop
  endfacet
  facet normal 0.9978589232386043 0.06540312923013392 0
    outer loop
      vertex 10.900000000000006 8.20000000000001 5.949999999999999
      vertex 10.900000000000006 8.20000000000001 3.2
      vertex 10.87433458412144 8.591578576660169 3.2
    endloop
  endfacet
  facet normal 0.9978589232386043 -0.06540312923013057 0
    outer loop
      vertex 10.874334584121442 7.808421423339858 5.949999999999999
      vertex 10.874334584121442 7.808421423339858 3.2
      vertex 10.900000000000006 8.20000000000001 3.2
    endloop
  endfacet
  facet normal 0.9469301294951041 -0.3214394653031663 0
    outer loop
      vertex 10.671638597533871 7.051949702904743 5.949999999999999
      vertex 10.671638597533871 7.051949702904743 3.2
      vertex 10.797777478867218 7.42354286469245 3.2
    endloop
  endfacet
  facet normal 0.9807852804032314 -0.19509032201612278 0
    outer loop
      vertex 10.797777478867218 7.42354286469245 5.949999999999999
      vertex 10.797777478867218 7.42354286469245 3.2
      vertex 10.874334584121442 7.808421423339858 3.2
    endloop
  endfacet
  facet normal 0.8968727415326845 -0.44228869021900924 0
    outer loop
      vertex 10.498076211353322 6.70000000000001 5.949999999999999
      vertex 10.498076211353322 6.70000000000001 3.2
      vertex 10.671638597533871 7.051949702904743 3.2
    endloop
  endfacet
  facet normal 0.8314696123025382 -0.5555702330196125 0
    outer loop
      vertex 10.498076211353322 6.70000000000001 5.949999999999999
      vertex 10.280060020873705 6.373715712973848 3.2
      vertex 10.498076211353322 6.70000000000001 3.2
    endloop
  endfacet
  facet normal 0.44228869021898004 -0.8968727415326987 0
    outer loop
      vertex 9.048050297095273 5.428361402466152 5.949999999999999
      vertex 9.048050297095273 5.428361402466152 3.2
      vertex 9.400000000000006 5.601923788646687 3.2
    endloop
  endfacet
  facet normal -0.06540312923016663 -0.9978589232386019 0
    outer loop
      vertex 7.508421423339854 5.225665415878581 5.949999999999999
      vertex 7.508421423339854 5.225665415878581 3.2
      vertex 7.900000000000006 5.200000000000003 3.2
    endloop
  endfacet
  facet normal 0.06540312923016663 -0.9978589232386019 0
    outer loop
      vertex 7.900000000000006 5.200000000000003 5.949999999999999
      vertex 7.900000000000006 5.200000000000003 3.2
      vertex 8.291578576660157 5.225665415878581 3.2
    endloop
  endfacet
  facet normal 0.19509032201611934 -0.9807852804032322 0
    outer loop
      vertex 8.291578576660157 5.225665415878581 5.949999999999999
      vertex 8.291578576660157 5.225665415878581 3.2
      vertex 8.676457135307572 5.302222521132805 3.2
    endloop
  endfacet
  facet normal 0.3214394653031718 -0.9469301294951021 0
    outer loop
      vertex 8.676457135307572 5.302222521132805 5.949999999999999
      vertex 8.676457135307572 5.302222521132805 3.2
      vertex 9.048050297095273 5.428361402466152 3.2
    endloop
  endfacet
  facet normal 0.7518398074789916 -0.6593458151000527 0
    outer loop
      vertex 10.021320343559651 6.0786796564403645 5.949999999999999
      vertex 10.021320343559651 6.0786796564403645 3.2
      vertex 10.280060020873705 6.373715712973848 3.2
    endloop
  endfacet
  facet normal 0.6593458151000539 -0.7518398074789904 0
    outer loop
      vertex 9.72628428702616 5.819939979126303 5.949999999999999
      vertex 9.72628428702616 5.819939979126303 3.2
      vertex 10.021320343559651 6.0786796564403645 3.2
    endloop
  endfacet
  facet normal 0.5555702330196209 -0.8314696123025328 0
    outer loop
      vertex 9.400000000000006 5.601923788646687 5.949999999999999
      vertex 9.400000000000006 5.601923788646687 3.2
      vertex 9.72628428702616 5.819939979126303 3.2
    endloop
  endfacet
  facet normal 0.9745092216857935 0 -0.22434744671903264
    outer loop
      vertex 13.03834532374101 64.911654676259 1.5999999999999996
      vertex 13.03834532374101 13.593815224545168 1.5999999999999996
      vertex 12.670000000000002 65.28 0
    endloop
  endfacet
  facet normal 0 -0.9745092216857951 -0.22434744671902543
    outer loop
      vertex 101.521654676259 64.911654676259 1.5999999999999996
      vertex 13.03834532374101 64.911654676259 1.5999999999999996
      vertex 12.670000000000002 65.28 0
    endloop
  endfacet
  facet normal 0.9745092216857933 0 -0.2243474467190326
    outer loop
      vertex 12.670000000000002 4.400000000000006 0
      vertex 12.670000000000002 65.28 0
      vertex 13.03834532374101 13.593815224545168 1.5999999999999996
    endloop
  endfacet
  facet normal 0.9745092216857935 0 -0.22434744671903264
    outer loop
      vertex 13.03834532374101 13.593815224545168 1.5999999999999996
      vertex 13.03834532374101 4.768345323741016 1.5999999999999996
      vertex 12.670000000000002 4.400000000000006 0
    endloop
  endfacet
  facet normal 0 0.9745092216857932 -0.2243474467190337
    outer loop
      vertex 101.89 4.400000000000006 0
      vertex 12.670000000000002 4.400000000000006 0
      vertex 13.03834532374101 4.768345323741016 1.5999999999999996
    endloop
  endfacet
  facet normal -1.613953032524653e-20 -0.974509221685795 -0.2243474467190254
    outer loop
      vertex 101.521654676259 64.911654676259 1.5999999999999996
      vertex 12.670000000000002 65.28 0
      vertex 101.89 65.28 0
    endloop
  endfacet
  facet normal -0.974509221685795 2.3026017552227733e-16 -0.22434744671902537
    outer loop
      vertex 101.521654676259 64.911654676259 1.5999999999999996
      vertex 101.89 65.28 0
      vertex 101.52165467625899 4.768345323741016 1.5999999999999996
    endloop
  endfacet
  facet normal 0 0.9745092216857931 -0.22434744671903364
    outer loop
      vertex 101.52165467625899 4.768345323741016 1.5999999999999996
      vertex 101.89 4.400000000000006 0
      vertex 13.03834532374101 4.768345323741016 1.5999999999999996
    endloop
  endfacet
  facet normal -0.9745092216857931 0 -0.22434744671903362
    outer loop
      vertex 101.89 65.28 0
      vertex 101.89 4.400000000000006 0
      vertex 101.52165467625899 4.768345323741016 1.5999999999999996
    endloop
  endfacet
  facet normal 0.06540312923015168 -0.9978589232386028 0
    outer loop
      vertex 111.78810547322591 63.16545626433548 3.2
      vertex 112.01 63.18000000000001 5.949999999999999
      vertex 111.78810547322591 63.16545626433548 5.949999999999999
    endloop
  endfacet
  facet normal -0.06540312923015168 -0.9978589232386028 0
    outer loop
      vertex 112.01 63.18000000000001 3.2
      vertex 112.2318945267741 63.16545626433548 5.949999999999999
      vertex 112.01 63.18000000000001 5.949999999999999
    endloop
  endfacet
  facet normal -0.19509032201614218 -0.9807852804032277 0
    outer loop
      vertex 112.2318945267741 63.16545626433548 3.2
      vertex 112.44999237667429 63.12207390469142 5.949999999999999
      vertex 112.2318945267741 63.16545626433548 5.949999999999999
    endloop
  endfacet
  facet normal 0.8968727415326908 -0.4422886902189964 0
    outer loop
      vertex 110.43940479473082 62.13056183502066 3.2
      vertex 110.53775681356646 62.330000000000005 5.949999999999999
      vertex 110.43940479473082 62.13056183502066 5.949999999999999
    endloop
  endfacet
  facet normal 0.9469301294951026 -0.3214394653031706 0
    outer loop
      vertex 110.36792609530859 61.919992376674294 3.2
      vertex 110.43940479473082 62.13056183502066 5.949999999999999
      vertex 110.36792609530859 61.919992376674294 5.949999999999999
    endloop
  endfacet
  facet normal 0.980785280403235 -0.19509032201610535 0
    outer loop
      vertex 110.32454373566453 61.7018945267741 3.2
      vertex 110.36792609530859 61.919992376674294 5.949999999999999
      vertex 110.32454373566453 61.7018945267741 5.949999999999999
    endloop
  endfacet
  facet normal 0.9978589232386008 -0.0654031292301835 0
    outer loop
      vertex 110.31 61.480000000000004 3.2
      vertex 110.32454373566453 61.7018945267741 5.949999999999999
      vertex 110.31 61.480000000000004 5.949999999999999
    endloop
  endfacet
  facet normal 0.9978589232386007 0.06540312923018558 0
    outer loop
      vertex 110.32454373566453 61.25810547322592 3.2
      vertex 110.31 61.480000000000004 5.949999999999999
      vertex 110.32454373566453 61.25810547322592 5.949999999999999
    endloop
  endfacet
  facet normal 0.980785280403235 0.19509032201610535 0
    outer loop
      vertex 110.36792609530859 61.04000762332572 3.2
      vertex 110.32454373566453 61.25810547322592 5.949999999999999
      vertex 110.36792609530859 61.04000762332572 5.949999999999999
    endloop
  endfacet
  facet normal 0.6593458151000955 -0.751839807478954 0
    outer loop
      vertex 110.80791847198287 62.682081528017136 3.2
      vertex 110.97510557068517 62.82870067849511 5.949999999999999
      vertex 110.80791847198287 62.682081528017136 5.949999999999999
    endloop
  endfacet
  facet normal 0.4422886902190348 -0.8968727415326718 0
    outer loop
      vertex 111.16000000000001 62.95224318643355 3.2
      vertex 111.35943816497935 63.0505952052692 5.949999999999999
      vertex 111.16000000000001 62.95224318643355 5.949999999999999
    endloop
  endfacet
  facet normal 0.3214394653031322 -0.9469301294951156 0
    outer loop
      vertex 111.35943816497935 63.0505952052692 3.2
      vertex 111.57000762332572 63.12207390469142 5.949999999999999
      vertex 111.35943816497935 63.0505952052692 5.949999999999999
    endloop
  endfacet
  facet normal 0.5555702330195527 -0.8314696123025784 0
    outer loop
      vertex 110.97510557068517 62.82870067849511 3.2
      vertex 111.16000000000001 62.95224318643355 5.949999999999999
      vertex 110.97510557068517 62.82870067849511 5.949999999999999
    endloop
  endfacet
  facet normal 0.7518398074789995 -0.6593458151000436 0
    outer loop
      vertex 110.66129932150491 62.51489442931483 3.2
      vertex 110.80791847198287 62.682081528017136 5.949999999999999
      vertex 110.66129932150491 62.51489442931483 5.949999999999999
    endloop
  endfacet
  facet normal 0.8314696123025291 -0.5555702330196263 0
    outer loop
      vertex 110.53775681356646 62.330000000000005 3.2
      vertex 110.66129932150491 62.51489442931483 5.949999999999999
      vertex 110.53775681356646 62.330000000000005 5.949999999999999
    endloop
  endfacet
  facet normal 0.19509032201614218 -0.9807852804032277 0
    outer loop
      vertex 111.57000762332572 63.12207390469142 3.2
      vertex 111.78810547322591 63.16545626433548 5.949999999999999
      vertex 111.57000762332572 63.12207390469142 5.949999999999999
    endloop
  endfacet
  facet normal -0.3214394653031322 -0.9469301294951156 0
    outer loop
      vertex 112.44999237667429 63.12207390469142 3.2
      vertex 112.66056183502066 63.0505952052692 5.949999999999999
      vertex 112.44999237667429 63.12207390469142 5.949999999999999
    endloop
  endfacet
  facet normal -0.4422886902190348 -0.8968727415326718 0
    outer loop
      vertex 112.66056183502066 63.0505952052692 3.2
      vertex 112.86 62.95224318643355 5.949999999999999
      vertex 112.66056183502066 63.0505952052692 5.949999999999999
    endloop
  endfacet
  facet normal -0.5555702330195527 -0.8314696123025784 0
    outer loop
      vertex 112.86 62.95224318643355 3.2
      vertex 113.04489442931484 62.82870067849511 5.949999999999999
      vertex 112.86 62.95224318643355 5.949999999999999
    endloop
  endfacet
  facet normal -0.6593458151000955 -0.751839807478954 0
    outer loop
      vertex 113.04489442931484 62.82870067849511 3.2
      vertex 113.21208152801714 62.682081528017136 5.949999999999999
      vertex 113.04489442931484 62.82870067849511 5.949999999999999
    endloop
  endfacet
  facet normal -0.7518398074789678 -0.6593458151000797 0
    outer loop
      vertex 113.21208152801714 62.682081528017136 3.2
      vertex 113.35870067849511 62.51489442931483 5.949999999999999
      vertex 113.21208152801714 62.682081528017136 5.949999999999999
    endloop
  endfacet
  facet normal -0.8314696123025586 -0.5555702330195821 0
    outer loop
      vertex 113.35870067849511 62.51489442931483 3.2
      vertex 113.48224318643355 62.330000000000005 5.949999999999999
      vertex 113.35870067849511 62.51489442931483 5.949999999999999
    endloop
  endfacet
  facet normal -0.8968727415326908 -0.4422886902189964 0
    outer loop
      vertex 113.48224318643355 62.330000000000005 3.2
      vertex 113.58059520526919 62.13056183502066 5.949999999999999
      vertex 113.48224318643355 62.330000000000005 5.949999999999999
    endloop
  endfacet
  facet normal -0.9469301294951026 -0.3214394653031706 0
    outer loop
      vertex 113.58059520526919 62.13056183502066 3.2
      vertex 113.65207390469142 61.919992376674294 5.949999999999999
      vertex 113.58059520526919 62.13056183502066 5.949999999999999
    endloop
  endfacet
  facet normal -0.980785280403235 -0.19509032201610535 0
    outer loop
      vertex 113.65207390469142 61.919992376674294 3.2
      vertex 113.69545626433548 61.7018945267741 5.949999999999999
      vertex 113.65207390469142 61.919992376674294 5.949999999999999
    endloop
  endfacet
  facet normal -0.9978589232386008 -0.0654031292301835 0
    outer loop
      vertex 113.69545626433548 61.7018945267741 3.2
      vertex 113.71000000000001 61.480000000000004 5.949999999999999
      vertex 113.69545626433548 61.7018945267741 5.949999999999999
    endloop
  endfacet
  facet normal -0.9978589232386007 0.06540312923018558 0
    outer loop
      vertex 113.71000000000001 61.480000000000004 3.2
      vertex 113.69545626433548 61.25810547322592 5.949999999999999
      vertex 113.71000000000001 61.480000000000004 5.949999999999999
    endloop
  endfacet
  facet normal -0.980785280403235 0.19509032201610535 0
    outer loop
      vertex 113.69545626433548 61.25810547322592 3.2
      vertex 113.65207390469142 61.04000762332572 5.949999999999999
      vertex 113.69545626433548 61.25810547322592 5.949999999999999
    endloop
  endfacet
  facet normal 0.9469301294951059 0.32143946530316087 0
    outer loop
      vertex 110.43940479473082 60.82943816497935 3.2
      vertex 110.36792609530859 61.04000762332572 5.949999999999999
      vertex 110.43940479473082 60.82943816497935 5.949999999999999
    endloop
  endfacet
  facet normal 0.8968727415326844 0.442288690219009 0
    outer loop
      vertex 110.53775681356646 60.63000000000001 3.2
      vertex 110.43940479473082 60.82943816497935 5.949999999999999
      vertex 110.53775681356646 60.63000000000001 5.949999999999999
    endloop
  endfacet
  facet normal 0.8314696123025291 0.5555702330196263 0
    outer loop
      vertex 110.66129932150491 60.445105570685186 3.2
      vertex 110.53775681356646 60.63000000000001 5.949999999999999
      vertex 110.66129932150491 60.445105570685186 5.949999999999999
    endloop
  endfacet
  facet normal 0.7518398074790135 0.6593458151000278 0
    outer loop
      vertex 110.80791847198287 60.27791847198287 3.2
      vertex 110.66129932150491 60.445105570685186 5.949999999999999
      vertex 110.80791847198287 60.27791847198287 5.949999999999999
    endloop
  endfacet
  facet normal 0.6593458151000776 0.75183980747897 0
    outer loop
      vertex 110.97510557068517 60.131299321504905 3.2
      vertex 110.80791847198287 60.27791847198287 5.949999999999999
      vertex 110.97510557068517 60.131299321504905 5.949999999999999
    endloop
  endfacet
  facet normal 0.5555702330195746 0.8314696123025637 0
    outer loop
      vertex 111.16000000000001 60.00775681356646 3.2
      vertex 110.97510557068517 60.131299321504905 5.949999999999999
      vertex 111.16000000000001 60.00775681356646 5.949999999999999
    endloop
  endfacet
  facet normal 0.442288690219009 0.8968727415326844 0
    outer loop
      vertex 111.35943816497935 59.90940479473082 3.2
      vertex 111.16000000000001 60.00775681356646 5.949999999999999
      vertex 111.35943816497935 59.90940479473082 5.949999999999999
    endloop
  endfacet
  facet normal 0.32143946530316087 0.9469301294951059 0
    outer loop
      vertex 111.57000762332572 59.83792609530859 3.2
      vertex 111.35943816497935 59.90940479473082 5.949999999999999
      vertex 111.57000762332572 59.83792609530859 5.949999999999999
    endloop
  endfacet
  facet normal 0.19509032201611148 0.9807852804032339 0
    outer loop
      vertex 111.78810547322591 59.79454373566453 3.2
      vertex 111.57000762332572 59.83792609530859 5.949999999999999
      vertex 111.78810547322591 59.79454373566453 5.949999999999999
    endloop
  endfacet
  facet normal 0.06540312923015168 0.9978589232386028 0
    outer loop
      vertex 112.01 59.78000000000001 3.2
      vertex 111.78810547322591 59.79454373566453 5.949999999999999
      vertex 112.01 59.78000000000001 5.949999999999999
    endloop
  endfacet
  facet normal -0.06540312923015168 0.9978589232386028 0
    outer loop
      vertex 112.2318945267741 59.79454373566453 3.2
      vertex 112.01 59.78000000000001 5.949999999999999
      vertex 112.2318945267741 59.79454373566453 5.949999999999999
    endloop
  endfacet
  facet normal -0.19509032201611148 0.9807852804032339 0
    outer loop
      vertex 112.44999237667429 59.83792609530859 3.2
      vertex 112.2318945267741 59.79454373566453 5.949999999999999
      vertex 112.44999237667429 59.83792609530859 5.949999999999999
    endloop
  endfacet
  facet normal -0.32143946530316087 0.9469301294951059 0
    outer loop
      vertex 112.66056183502066 59.90940479473082 3.2
      vertex 112.44999237667429 59.83792609530859 5.949999999999999
      vertex 112.66056183502066 59.90940479473082 5.949999999999999
    endloop
  endfacet
  facet normal -0.442288690219009 0.8968727415326844 0
    outer loop
      vertex 112.86 60.00775681356646 3.2
      vertex 112.66056183502066 59.90940479473082 5.949999999999999
      vertex 112.86 60.00775681356646 5.949999999999999
    endloop
  endfacet
  facet normal -0.7518398074789818 0.659345815100064 0
    outer loop
      vertex 113.35870067849511 60.445105570685186 3.2
      vertex 113.21208152801714 60.27791847198287 5.949999999999999
      vertex 113.35870067849511 60.445105570685186 5.949999999999999
    endloop
  endfacet
  facet normal -0.6593458151000776 0.75183980747897 0
    outer loop
      vertex 113.21208152801714 60.27791847198287 3.2
      vertex 113.04489442931484 60.131299321504905 5.949999999999999
      vertex 113.21208152801714 60.27791847198287 5.949999999999999
    endloop
  endfacet
  facet normal -0.5555702330195746 0.8314696123025637 0
    outer loop
      vertex 113.04489442931484 60.131299321504905 3.2
      vertex 112.86 60.00775681356646 5.949999999999999
      vertex 113.04489442931484 60.131299321504905 5.949999999999999
    endloop
  endfacet
  facet normal -0.8968727415326844 0.442288690219009 0
    outer loop
      vertex 113.58059520526919 60.82943816497935 3.2
      vertex 113.48224318643355 60.63000000000001 5.949999999999999
      vertex 113.58059520526919 60.82943816497935 5.949999999999999
    endloop
  endfacet
  facet normal -0.9469301294951059 0.32143946530316087 0
    outer loop
      vertex 113.65207390469142 61.04000762332572 3.2
      vertex 113.58059520526919 60.82943816497935 5.949999999999999
      vertex 113.65207390469142 61.04000762332572 5.949999999999999
    endloop
  endfacet
  facet normal -0.8314696123025586 0.5555702330195821 0
    outer loop
      vertex 113.48224318643355 60.63000000000001 3.2
      vertex 113.35870067849511 60.445105570685186 5.949999999999999
      vertex 113.48224318643355 60.63000000000001 5.949999999999999
    endloop
  endfacet
  facet normal 0.19509032201614218 -0.9807852804032277 0
    outer loop
      vertex 111.78810547322591 63.16545626433548 3.2
      vertex 111.78810547322591 63.16545626433548 5.949999999999999
      vertex 111.57000762332572 63.12207390469142 3.2
    endloop
  endfacet
  facet normal 0.06540312923015168 -0.9978589232386028 0
    outer loop
      vertex 112.01 63.18000000000001 3.2
      vertex 112.01 63.18000000000001 5.949999999999999
      vertex 111.78810547322591 63.16545626433548 3.2
    endloop
  endfacet
  facet normal -0.06540312923015168 -0.9978589232386028 0
    outer loop
      vertex 112.2318945267741 63.16545626433548 3.2
      vertex 112.2318945267741 63.16545626433548 5.949999999999999
      vertex 112.01 63.18000000000001 3.2
    endloop
  endfacet
  facet normal 0.8968727415326908 -0.4422886902189964 0
    outer loop
      vertex 110.53775681356646 62.330000000000005 3.2
      vertex 110.53775681356646 62.330000000000005 5.949999999999999
      vertex 110.43940479473082 62.13056183502066 3.2
    endloop
  endfacet
  facet normal 0.9469301294951026 -0.3214394653031706 0
    outer loop
      vertex 110.43940479473082 62.13056183502066 3.2
      vertex 110.43940479473082 62.13056183502066 5.949999999999999
      vertex 110.36792609530859 61.919992376674294 3.2
    endloop
  endfacet
  facet normal 0.980785280403235 -0.19509032201610535 0
    outer loop
      vertex 110.36792609530859 61.919992376674294 3.2
      vertex 110.36792609530859 61.919992376674294 5.949999999999999
      vertex 110.32454373566453 61.7018945267741 3.2
    endloop
  endfacet
  facet normal 0.9978589232386008 -0.0654031292301835 0
    outer loop
      vertex 110.32454373566453 61.7018945267741 3.2
      vertex 110.32454373566453 61.7018945267741 5.949999999999999
      vertex 110.31 61.480000000000004 3.2
    endloop
  endfacet
  facet normal 0.9978589232386007 0.06540312923018558 0
    outer loop
      vertex 110.31 61.480000000000004 3.2
      vertex 110.31 61.480000000000004 5.949999999999999
      vertex 110.32454373566453 61.25810547322592 3.2
    endloop
  endfacet
  facet normal 0.980785280403235 0.19509032201610535 0
    outer loop
      vertex 110.32454373566453 61.25810547322592 3.2
      vertex 110.32454373566453 61.25810547322592 5.949999999999999
      vertex 110.36792609530859 61.04000762332572 3.2
    endloop
  endfacet
  facet normal 0.7518398074789995 -0.6593458151000436 0
    outer loop
      vertex 110.80791847198287 62.682081528017136 3.2
      vertex 110.80791847198287 62.682081528017136 5.949999999999999
      vertex 110.66129932150491 62.51489442931483 3.2
    endloop
  endfacet
  facet normal 0.6593458151000955 -0.751839807478954 0
    outer loop
      vertex 110.97510557068517 62.82870067849511 3.2
      vertex 110.97510557068517 62.82870067849511 5.949999999999999
      vertex 110.80791847198287 62.682081528017136 3.2
    endloop
  endfacet
  facet normal 0.5555702330195527 -0.8314696123025784 0
    outer loop
      vertex 111.16000000000001 62.95224318643355 3.2
      vertex 111.16000000000001 62.95224318643355 5.949999999999999
      vertex 110.97510557068517 62.82870067849511 3.2
    endloop
  endfacet
  facet normal 0.4422886902190348 -0.8968727415326718 0
    outer loop
      vertex 111.35943816497935 63.0505952052692 3.2
      vertex 111.35943816497935 63.0505952052692 5.949999999999999
      vertex 111.16000000000001 62.95224318643355 3.2
    endloop
  endfacet
  facet normal 0.8314696123025291 -0.5555702330196263 0
    outer loop
      vertex 110.66129932150491 62.51489442931483 3.2
      vertex 110.66129932150491 62.51489442931483 5.949999999999999
      vertex 110.53775681356646 62.330000000000005 3.2
    endloop
  endfacet
  facet normal 0.3214394653031322 -0.9469301294951156 0
    outer loop
      vertex 111.57000762332572 63.12207390469142 3.2
      vertex 111.57000762332572 63.12207390469142 5.949999999999999
      vertex 111.35943816497935 63.0505952052692 3.2
    endloop
  endfacet
  facet normal -0.19509032201614218 -0.9807852804032277 -7.505042040311862e-19
    outer loop
      vertex 112.2318945267741 63.16545626433548 3.2
      vertex 112.44999237667429 63.12207390469142 3.2
      vertex 112.44999237667429 63.12207390469142 5.949999999999999
    endloop
  endfacet
  facet normal -0.3214394653031322 -0.9469301294951156 0
    outer loop
      vertex 112.66056183502066 63.0505952052692 3.2
      vertex 112.66056183502066 63.0505952052692 5.949999999999999
      vertex 112.44999237667429 63.12207390469142 3.2
    endloop
  endfacet
  facet normal -0.4422886902190348 -0.8968727415326718 1.406792998054651e-18
    outer loop
      vertex 112.66056183502066 63.0505952052692 3.2
      vertex 112.86 62.95224318643355 3.2
      vertex 112.86 62.95224318643355 5.949999999999999
    endloop
  endfacet
  facet normal -0.5555702330195527 -0.8314696123025784 1.9191221924048015e-18
    outer loop
      vertex 112.86 62.95224318643355 3.2
      vertex 113.04489442931484 62.82870067849511 3.2
      vertex 113.04489442931484 62.82870067849511 5.949999999999999
    endloop
  endfacet
  facet normal -0.6593458151000955 -0.751839807478954 -8.715883866041585e-19
    outer loop
      vertex 113.04489442931484 62.82870067849511 3.2
      vertex 113.21208152801714 62.682081528017136 3.2
      vertex 113.21208152801714 62.682081528017136 5.949999999999999
    endloop
  endfacet
  facet normal -0.7518398074789678 -0.6593458151000797 -2.4375854591935668e-18
    outer loop
      vertex 113.21208152801714 62.682081528017136 3.2
      vertex 113.35870067849511 62.51489442931483 3.2
      vertex 113.35870067849511 62.51489442931483 5.949999999999999
    endloop
  endfacet
  facet normal -0.8314696123025586 -0.5555702330195821 2.089965178773854e-18
    outer loop
      vertex 113.35870067849511 62.51489442931483 3.2
      vertex 113.48224318643355 62.330000000000005 3.2
      vertex 113.48224318643355 62.330000000000005 5.949999999999999
    endloop
  endfacet
  facet normal -0.8968727415326908 -0.4422886902189964 1.5453809956559858e-18
    outer loop
      vertex 113.48224318643355 62.330000000000005 3.2
      vertex 113.58059520526919 62.13056183502066 3.2
      vertex 113.58059520526919 62.13056183502066 5.949999999999999
    endloop
  endfacet
  facet normal -0.9469301294951026 -0.3214394653031706 7.068178725933853e-19
    outer loop
      vertex 113.58059520526919 62.13056183502066 3.2
      vertex 113.65207390469142 61.919992376674294 3.2
      vertex 113.65207390469142 61.919992376674294 5.949999999999999
    endloop
  endfacet
  facet normal -0.980785280403235 -0.19509032201610535 1.049829839808889e-18
    outer loop
      vertex 113.65207390469142 61.919992376674294 3.2
      vertex 113.69545626433548 61.7018945267741 3.2
      vertex 113.69545626433548 61.7018945267741 5.949999999999999
    endloop
  endfacet
  facet normal -0.9978589232386008 -0.0654031292301835 -1.3033169191214002e-19
    outer loop
      vertex 113.69545626433548 61.7018945267741 3.2
      vertex 113.71000000000001 61.480000000000004 3.2
      vertex 113.71000000000001 61.480000000000004 5.949999999999999
    endloop
  endfacet
  facet normal -0.9978589232386007 0.06540312923018558 -7.147789983101584e-20
    outer loop
      vertex 113.71000000000001 61.480000000000004 3.2
      vertex 113.69545626433548 61.25810547322592 3.2
      vertex 113.69545626433548 61.25810547322592 5.949999999999999
    endloop
  endfacet
  facet normal -0.980785280403235 0.19509032201610535 -1.049829839808889e-18
    outer loop
      vertex 113.69545626433548 61.25810547322592 3.2
      vertex 113.65207390469142 61.04000762332572 3.2
      vertex 113.65207390469142 61.04000762332572 5.949999999999999
    endloop
  endfacet
  facet normal 0.9469301294951059 0.32143946530316087 0
    outer loop
      vertex 110.36792609530859 61.04000762332572 3.2
      vertex 110.36792609530859 61.04000762332572 5.949999999999999
      vertex 110.43940479473082 60.82943816497935 3.2
    endloop
  endfacet
  facet normal 0.8968727415326844 0.442288690219009 0
    outer loop
      vertex 110.43940479473082 60.82943816497935 3.2
      vertex 110.43940479473082 60.82943816497935 5.949999999999999
      vertex 110.53775681356646 60.63000000000001 3.2
    endloop
  endfacet
  facet normal 0.8314696123025291 0.5555702330196263 0
    outer loop
      vertex 110.53775681356646 60.63000000000001 3.2
      vertex 110.53775681356646 60.63000000000001 5.949999999999999
      vertex 110.66129932150491 60.445105570685186 3.2
    endloop
  endfacet
  facet normal 0.7518398074790135 0.6593458151000278 5.258819795103521e-19
    outer loop
      vertex 110.80791847198287 60.27791847198287 3.2
      vertex 110.66129932150491 60.445105570685186 3.2
      vertex 110.66129932150491 60.445105570685186 5.949999999999999
    endloop
  endfacet
  facet normal 0.6593458151000776 0.75183980747897 0
    outer loop
      vertex 110.80791847198287 60.27791847198287 3.2
      vertex 110.80791847198287 60.27791847198287 5.949999999999999
      vertex 110.97510557068517 60.131299321504905 3.2
    endloop
  endfacet
  facet normal 0.5555702330195746 0.8314696123025637 0
    outer loop
      vertex 110.97510557068517 60.131299321504905 3.2
      vertex 110.97510557068517 60.131299321504905 5.949999999999999
      vertex 111.16000000000001 60.00775681356646 3.2
    endloop
  endfacet
  facet normal 0.442288690219009 0.8968727415326844 -1.7172455815007994e-18
    outer loop
      vertex 111.35943816497935 59.90940479473082 3.2
      vertex 111.16000000000001 60.00775681356646 3.2
      vertex 111.16000000000001 60.00775681356646 5.949999999999999
    endloop
  endfacet
  facet normal 0.32143946530316087 0.9469301294951059 1.3401128923319555e-18
    outer loop
      vertex 111.57000762332572 59.83792609530859 3.2
      vertex 111.35943816497935 59.90940479473082 3.2
      vertex 111.35943816497935 59.90940479473082 5.949999999999999
    endloop
  endfacet
  facet normal 0.19509032201611148 0.9807852804032339 1.8219784865458747e-19
    outer loop
      vertex 111.78810547322591 59.79454373566453 3.2
      vertex 111.57000762332572 59.83792609530859 3.2
      vertex 111.57000762332572 59.83792609530859 5.949999999999999
    endloop
  endfacet
  facet normal 0.06540312923015168 0.9978589232386028 2.383929976006378e-19
    outer loop
      vertex 112.01 59.78000000000001 3.2
      vertex 111.78810547322591 59.79454373566453 3.2
      vertex 111.78810547322591 59.79454373566453 5.949999999999999
    endloop
  endfacet
  facet normal -0.06540312923015168 0.9978589232386028 -2.383929976006378e-19
    outer loop
      vertex 112.2318945267741 59.79454373566453 3.2
      vertex 112.01 59.78000000000001 3.2
      vertex 112.01 59.78000000000001 5.949999999999999
    endloop
  endfacet
  facet normal -0.19509032201611148 0.9807852804032339 -1.8219784865458747e-19
    outer loop
      vertex 112.44999237667429 59.83792609530859 3.2
      vertex 112.2318945267741 59.79454373566453 3.2
      vertex 112.2318945267741 59.79454373566453 5.949999999999999
    endloop
  endfacet
  facet normal -0.442288690219009 0.8968727415326844 1.7172455815007994e-18
    outer loop
      vertex 112.86 60.00775681356646 3.2
      vertex 112.66056183502066 59.90940479473082 3.2
      vertex 112.66056183502066 59.90940479473082 5.949999999999999
    endloop
  endfacet
  facet normal -0.6593458151000776 0.75183980747897 -1.3931438688774746e-18
    outer loop
      vertex 113.21208152801714 60.27791847198287 3.2
      vertex 113.04489442931484 60.131299321504905 3.2
      vertex 113.04489442931484 60.131299321504905 5.949999999999999
    endloop
  endfacet
  facet normal -0.7518398074789818 0.659345815100064 -1.669905105528744e-18
    outer loop
      vertex 113.35870067849511 60.445105570685186 3.2
      vertex 113.21208152801714 60.27791847198287 3.2
      vertex 113.21208152801714 60.27791847198287 5.949999999999999
    endloop
  endfacet
  facet normal -0.5555702330195746 0.8314696123025637 1.846889183266622e-18
    outer loop
      vertex 113.04489442931484 60.131299321504905 3.2
      vertex 112.86 60.00775681356646 3.2
      vertex 112.86 60.00775681356646 5.949999999999999
    endloop
  endfacet
  facet normal -0.9469301294951059 0.32143946530316087 -1.3401128923319555e-18
    outer loop
      vertex 113.65207390469142 61.04000762332572 3.2
      vertex 113.58059520526919 60.82943816497935 3.2
      vertex 113.58059520526919 60.82943816497935 5.949999999999999
    endloop
  endfacet
  facet normal -0.8968727415326844 0.442288690219009 1.7172455815007994e-18
    outer loop
      vertex 113.58059520526919 60.82943816497935 3.2
      vertex 113.48224318643355 60.63000000000001 3.2
      vertex 113.48224318643355 60.63000000000001 5.949999999999999
    endloop
  endfacet
  facet normal -0.8314696123025586 0.5555702330195821 -2.089965178773854e-18
    outer loop
      vertex 113.48224318643355 60.63000000000001 3.2
      vertex 113.35870067849511 60.445105570685186 3.2
      vertex 113.35870067849511 60.445105570685186 5.949999999999999
    endloop
  endfacet
  facet normal -0.32143946530316087 0.9469301294951059 -1.3401128923319555e-18
    outer loop
      vertex 112.66056183502066 59.90940479473082 3.2
      vertex 112.44999237667429 59.83792609530859 3.2
      vertex 112.44999237667429 59.83792609530859 5.949999999999999
    endloop
  endfacet
  facet normal 0 0 -1
    outer loop
      vertex 111.23354286469244 64.37777747886722 3.2
      vertex 112.01 64.48 3.2
      vertex 110.86194970290474 64.25163859753387 3.2
    endloop
  endfacet
  facet normal 0 0 -1
    outer loop
      vertex 111.23354286469244 64.37777747886722 3.2
      vertex 111.61842142333985 64.45433458412144 3.2
      vertex 112.01 64.48 3.2
    endloop
  endfacet
  facet normal 0 0 -1
    outer loop
      vertex 112.40157857666016 64.45433458412144 3.2
      vertex 110.86194970290474 64.25163859753387 3.2
      vertex 112.01 64.48 3.2
    endloop
  endfacet
  facet normal 0 0 -1
    outer loop
      vertex 112.78645713530757 64.37777747886722 3.2
      vertex 110.86194970290474 64.25163859753387 3.2
      vertex 112.40157857666016 64.45433458412144 3.2
    endloop
  endfacet
  facet normal 0 0 -1
    outer loop
      vertex 110.86194970290474 64.25163859753387 3.2
      vertex 112.78645713530757 64.37777747886722 3.2
      vertex 110.51 64.07807621135332 3.2
    endloop
  endfacet
  facet normal 0 0 -1
    outer loop
      vertex 110.51 64.07807621135332 3.2
      vertex 113.15805029709527 64.25163859753387 3.2
      vertex 110.18371571297385 63.86006002087371 3.2
    endloop
  endfacet
  facet normal 0 0 -1
    outer loop
      vertex 110.18371571297385 63.86006002087371 3.2
      vertex 113.51 64.07807621135332 3.2
      vertex 109.88867965644036 63.60132034355965 3.2
    endloop
  endfacet
  facet normal 0 0 -1
    outer loop
      vertex 111.57000762332572 63.12207390469142 3.2
      vertex 111.35943816497935 63.0505952052692 3.2
      vertex 109.6299399791263 63.306284287026166 3.2
    endloop
  endfacet
  facet normal 0 0 -1
    outer loop
      vertex 111.78810547322591 63.16545626433548 3.2
      vertex 111.57000762332572 63.12207390469142 3.2
      vertex 109.6299399791263 63.306284287026166 3.2
    endloop
  endfacet
  facet normal 0 0 -1
    outer loop
      vertex 109.88867965644036 63.60132034355965 3.2
      vertex 113.83628428702616 63.86006002087371 3.2
      vertex 109.6299399791263 63.306284287026166 3.2
    endloop
  endfacet
  facet normal 0 0 -1
    outer loop
      vertex 112.01 63.18000000000001 3.2
      vertex 111.78810547322591 63.16545626433548 3.2
      vertex 109.6299399791263 63.306284287026166 3.2
    endloop
  endfacet
  facet normal 0 0 -1
    outer loop
      vertex 113.15805029709527 64.25163859753387 3.2
      vertex 110.51 64.07807621135332 3.2
      vertex 112.78645713530757 64.37777747886722 3.2
    endloop
  endfacet
  facet normal 0 0 -1
    outer loop
      vertex 113.51 64.07807621135332 3.2
      vertex 110.18371571297385 63.86006002087371 3.2
      vertex 113.15805029709527 64.25163859753387 3.2
    endloop
  endfacet
  facet normal 0 0 -1
    outer loop
      vertex 113.83628428702616 63.86006002087371 3.2
      vertex 109.88867965644036 63.60132034355965 3.2
      vertex 113.51 64.07807621135332 3.2
    endloop
  endfacet
  facet normal 0 0 -1
    outer loop
      vertex 112.01 63.18000000000001 3.2
      vertex 109.6299399791263 63.306284287026166 3.2
      vertex 114.13132034355965 63.60132034355965 3.2
    endloop
  endfacet
  facet normal 0 0 -1
    outer loop
      vertex 110.80791847198287 62.682081528017136 3.2
      vertex 109.41192378864669 62.980000000000004 3.2
      vertex 109.6299399791263 63.306284287026166 3.2
    endloop
  endfacet
  facet normal 0 0 -1
    outer loop
      vertex 110.80791847198287 62.682081528017136 3.2
      vertex 109.23836140246614 62.62805029709528 3.2
      vertex 109.41192378864669 62.980000000000004 3.2
    endloop
  endfacet
  facet normal 0 0 -1
    outer loop
      vertex 110.97510557068517 62.82870067849511 3.2
      vertex 110.80791847198287 62.682081528017136 3.2
      vertex 109.6299399791263 63.306284287026166 3.2
    endloop
  endfacet
  facet normal 0 0 -1
    outer loop
      vertex 110.80791847198287 62.682081528017136 3.2
      vertex 110.66129932150491 62.51489442931483 3.2
      vertex 109.23836140246614 62.62805029709528 3.2
    endloop
  endfacet
  facet normal 0 0 -1
    outer loop
      vertex 110.53775681356646 62.330000000000005 3.2
      vertex 109.1122225211328 62.25645713530757 3.2
      vertex 109.23836140246614 62.62805029709528 3.2
    endloop
  endfacet
  facet normal 0 0 -1
    outer loop
      vertex 110.53775681356646 62.330000000000005 3.2
      vertex 110.43940479473082 62.13056183502066 3.2
      vertex 109.1122225211328 62.25645713530757 3.2
    endloop
  endfacet
  facet normal 0 0 -1
    outer loop
      vertex 110.43940479473082 62.13056183502066 3.2
      vertex 110.36792609530859 61.919992376674294 3.2
      vertex 109.1122225211328 62.25645713530757 3.2
    endloop
  endfacet
  facet normal 0 0 -1
    outer loop
      vertex 110.66129932150491 62.51489442931483 3.2
      vertex 110.53775681356646 62.330000000000005 3.2
      vertex 109.23836140246614 62.62805029709528 3.2
    endloop
  endfacet
  facet normal 0 0 -1
    outer loop
      vertex 110.36792609530859 61.919992376674294 3.2
      vertex 109.03566541587857 61.87157857666016 3.2
      vertex 109.1122225211328 62.25645713530757 3.2
    endloop
  endfacet
  facet normal 0 0 -1
    outer loop
      vertex 110.32454373566453 61.7018945267741 3.2
      vertex 109.01 61.480000000000004 3.2
      vertex 109.03566541587857 61.87157857666016 3.2
    endloop
  endfacet
  facet normal 0 0 -1
    outer loop
      vertex 110.31 61.480000000000004 3.2
      vertex 109.03566541587857 61.08842142333985 3.2
      vertex 109.01 61.480000000000004 3.2
    endloop
  endfacet
  facet normal 0 0 -1
    outer loop
      vertex 110.32454373566453 61.25810547322592 3.2
      vertex 109.1122225211328 60.703542864692444 3.2
      vertex 109.03566541587857 61.08842142333985 3.2
    endloop
  endfacet
  facet normal 0 0 -1
    outer loop
      vertex 110.36792609530859 61.919992376674294 3.2
      vertex 110.32454373566453 61.7018945267741 3.2
      vertex 109.03566541587857 61.87157857666016 3.2
    endloop
  endfacet
  facet normal 0 0 -1
    outer loop
      vertex 110.32454373566453 61.7018945267741 3.2
      vertex 110.31 61.480000000000004 3.2
      vertex 109.01 61.480000000000004 3.2
    endloop
  endfacet
  facet normal 0 0 -1
    outer loop
      vertex 110.31 61.480000000000004 3.2
      vertex 110.32454373566453 61.25810547322592 3.2
      vertex 109.03566541587857 61.08842142333985 3.2
    endloop
  endfacet
  facet normal 0 0 -1
    outer loop
      vertex 110.32454373566453 61.25810547322592 3.2
      vertex 110.36792609530859 61.04000762332572 3.2
      vertex 109.1122225211328 60.703542864692444 3.2
    endloop
  endfacet
  facet normal 0 0 -1
    outer loop
      vertex 111.16000000000001 62.95224318643355 3.2
      vertex 110.97510557068517 62.82870067849511 3.2
      vertex 109.6299399791263 63.306284287026166 3.2
    endloop
  endfacet
  facet normal 0 0 -1
    outer loop
      vertex 111.35943816497935 63.0505952052692 3.2
      vertex 111.16000000000001 62.95224318643355 3.2
      vertex 109.6299399791263 63.306284287026166 3.2
    endloop
  endfacet
  facet normal 0 0 -1
    outer loop
      vertex 114.13132034355965 63.60132034355965 3.2
      vertex 109.6299399791263 63.306284287026166 3.2
      vertex 113.83628428702616 63.86006002087371 3.2
    endloop
  endfacet
  facet normal 0 0 -1
    outer loop
      vertex 112.2318945267741 63.16545626433548 3.2
      vertex 112.01 63.18000000000001 3.2
      vertex 114.13132034355965 63.60132034355965 3.2
    endloop
  endfacet
  facet normal 0 0 -1
    outer loop
      vertex 112.2318945267741 63.16545626433548 3.2
      vertex 114.13132034355965 63.60132034355965 3.2
      vertex 112.44999237667429 63.12207390469142 3.2
    endloop
  endfacet
  facet normal 0 0 -1
    outer loop
      vertex 112.66056183502066 63.0505952052692 3.2
      vertex 112.44999237667429 63.12207390469142 3.2
      vertex 114.13132034355965 63.60132034355965 3.2
    endloop
  endfacet
  facet normal 0 0 -1
    outer loop
      vertex 112.66056183502066 63.0505952052692 3.2
      vertex 114.13132034355965 63.60132034355965 3.2
      vertex 114.3900600208737 63.306284287026166 3.2
    endloop
  endfacet
  facet normal 0 0 -1
    outer loop
      vertex 112.66056183502066 63.0505952052692 3.2
      vertex 114.3900600208737 63.306284287026166 3.2
      vertex 112.86 62.95224318643355 3.2
    endloop
  endfacet
  facet normal 0 0 -1
    outer loop
      vertex 112.86 62.95224318643355 3.2
      vertex 114.3900600208737 63.306284287026166 3.2
      vertex 113.04489442931484 62.82870067849511 3.2
    endloop
  endfacet
  facet normal 0 0 -1
    outer loop
      vertex 113.04489442931484 62.82870067849511 3.2
      vertex 114.3900600208737 63.306284287026166 3.2
      vertex 113.21208152801714 62.682081528017136 3.2
    endloop
  endfacet
  facet normal 0 0 -1
    outer loop
      vertex 113.21208152801714 62.682081528017136 3.2
      vertex 114.60807621135332 62.980000000000004 3.2
      vertex 113.35870067849511 62.51489442931483 3.2
    endloop
  endfacet
  facet normal 0 0 -1
    outer loop
      vertex 113.35870067849511 62.51489442931483 3.2
      vertex 114.60807621135332 62.980000000000004 3.2
      vertex 113.48224318643355 62.330000000000005 3.2
    endloop
  endfacet
  facet normal 0 0 -1
    outer loop
      vertex 113.21208152801714 62.682081528017136 3.2
      vertex 114.3900600208737 63.306284287026166 3.2
      vertex 114.60807621135332 62.980000000000004 3.2
    endloop
  endfacet
  facet normal 0 0 -1
    outer loop
      vertex 113.48224318643355 62.330000000000005 3.2
      vertex 114.78163859753387 62.62805029709528 3.2
      vertex 113.58059520526919 62.13056183502066 3.2
    endloop
  endfacet
  facet normal 0 0 -1
    outer loop
      vertex 113.58059520526919 62.13056183502066 3.2
      vertex 114.78163859753387 62.62805029709528 3.2
      vertex 113.65207390469142 61.919992376674294 3.2
    endloop
  endfacet
  facet normal 0 0 -1
    outer loop
      vertex 113.65207390469142 61.919992376674294 3.2
      vertex 114.90777747886722 62.25645713530757 3.2
      vertex 113.69545626433548 61.7018945267741 3.2
    endloop
  endfacet
  facet normal 0 0 -1
    outer loop
      vertex 113.69545626433548 61.7018945267741 3.2
      vertex 114.98433458412144 61.87157857666016 3.2
      vertex 113.71000000000001 61.480000000000004 3.2
    endloop
  endfacet
  facet normal 0 0 -1
    outer loop
      vertex 113.71000000000001 61.480000000000004 3.2
      vertex 115.01 61.480000000000004 3.2
      vertex 113.69545626433548 61.25810547322592 3.2
    endloop
  endfacet
  facet normal 0 0 -1
    outer loop
      vertex 113.69545626433548 61.25810547322592 3.2
      vertex 114.98433458412144 61.08842142333985 3.2
      vertex 113.65207390469142 61.04000762332572 3.2
    endloop
  endfacet
  facet normal 0 0 -1
    outer loop
      vertex 113.48224318643355 62.330000000000005 3.2
      vertex 114.60807621135332 62.980000000000004 3.2
      vertex 114.78163859753387 62.62805029709528 3.2
    endloop
  endfacet
  facet normal 0 0 -1
    outer loop
      vertex 113.65207390469142 61.919992376674294 3.2
      vertex 114.78163859753387 62.62805029709528 3.2
      vertex 114.90777747886722 62.25645713530757 3.2
    endloop
  endfacet
  facet normal 0 0 -1
    outer loop
      vertex 113.69545626433548 61.7018945267741 3.2
      vertex 114.90777747886722 62.25645713530757 3.2
      vertex 114.98433458412144 61.87157857666016 3.2
    endloop
  endfacet
  facet normal 0 0 -1
    outer loop
      vertex 113.71000000000001 61.480000000000004 3.2
      vertex 114.98433458412144 61.87157857666016 3.2
      vertex 115.01 61.480000000000004 3.2
    endloop
  endfacet
  facet normal 0 0 -1
    outer loop
      vertex 113.69545626433548 61.25810547322592 3.2
      vertex 115.01 61.480000000000004 3.2
      vertex 114.98433458412144 61.08842142333985 3.2
    endloop
  endfacet
  facet normal 0 0 -1
    outer loop
      vertex 110.36792609530859 61.04000762332572 3.2
      vertex 109.23836140246614 60.33194970290474 3.2
      vertex 109.1122225211328 60.703542864692444 3.2
    endloop
  endfacet
  facet normal 0 0 -1
    outer loop
      vertex 110.36792609530859 61.04000762332572 3.2
      vertex 110.43940479473082 60.82943816497935 3.2
      vertex 109.23836140246614 60.33194970290474 3.2
    endloop
  endfacet
  facet normal 0 0 -1
    outer loop
      vertex 110.43940479473082 60.82943816497935 3.2
      vertex 110.53775681356646 60.63000000000001 3.2
      vertex 109.23836140246614 60.33194970290474 3.2
    endloop
  endfacet
  facet normal 0 0 -1
    outer loop
      vertex 110.53775681356646 60.63000000000001 3.2
      vertex 109.41192378864669 59.980000000000004 3.2
      vertex 109.23836140246614 60.33194970290474 3.2
    endloop
  endfacet
  facet normal 0 0 -1
    outer loop
      vertex 110.80791847198287 60.27791847198287 3.2
      vertex 109.6299399791263 59.65371571297385 3.2
      vertex 109.41192378864669 59.980000000000004 3.2
    endloop
  endfacet
  facet normal 0 0 -1
    outer loop
      vertex 110.53775681356646 60.63000000000001 3.2
      vertex 110.66129932150491 60.445105570685186 3.2
      vertex 109.41192378864669 59.980000000000004 3.2
    endloop
  endfacet
  facet normal 0 0 -1
    outer loop
      vertex 110.80791847198287 60.27791847198287 3.2
      vertex 109.41192378864669 59.980000000000004 3.2
      vertex 110.66129932150491 60.445105570685186 3.2
    endloop
  endfacet
  facet normal 0 0 -1
    outer loop
      vertex 110.80791847198287 60.27791847198287 3.2
      vertex 110.97510557068517 60.131299321504905 3.2
      vertex 109.6299399791263 59.65371571297385 3.2
    endloop
  endfacet
  facet normal 0 0 -1
    outer loop
      vertex 111.35943816497935 59.90940479473082 3.2
      vertex 109.88867965644036 59.358679656440366 3.2
      vertex 109.6299399791263 59.65371571297385 3.2
    endloop
  endfacet
  facet normal 0 0 -1
    outer loop
      vertex 110.97510557068517 60.131299321504905 3.2
      vertex 111.16000000000001 60.00775681356646 3.2
      vertex 109.6299399791263 59.65371571297385 3.2
    endloop
  endfacet
  facet normal 0 0 -1
    outer loop
      vertex 111.35943816497935 59.90940479473082 3.2
      vertex 109.6299399791263 59.65371571297385 3.2
      vertex 111.16000000000001 60.00775681356646 3.2
    endloop
  endfacet
  facet normal 0 0 -1
    outer loop
      vertex 111.57000762332572 59.83792609530859 3.2
      vertex 109.88867965644036 59.358679656440366 3.2
      vertex 111.35943816497935 59.90940479473082 3.2
    endloop
  endfacet
  facet normal 0 0 -1
    outer loop
      vertex 111.78810547322591 59.79454373566453 3.2
      vertex 109.88867965644036 59.358679656440366 3.2
      vertex 111.57000762332572 59.83792609530859 3.2
    endloop
  endfacet
  facet normal 0 0 -1
    outer loop
      vertex 112.01 59.78000000000001 3.2
      vertex 109.88867965644036 59.358679656440366 3.2
      vertex 111.78810547322591 59.79454373566453 3.2
    endloop
  endfacet
  facet normal 0 0 -1
    outer loop
      vertex 109.88867965644036 59.358679656440366 3.2
      vertex 114.3900600208737 59.65371571297385 3.2
      vertex 110.18371571297385 59.099939979126304 3.2
    endloop
  endfacet
  facet normal 0 0 -1
    outer loop
      vertex 112.01 59.78000000000001 3.2
      vertex 114.3900600208737 59.65371571297385 3.2
      vertex 109.88867965644036 59.358679656440366 3.2
    endloop
  endfacet
  facet normal 0 0 -1
    outer loop
      vertex 110.18371571297385 59.099939979126304 3.2
      vertex 114.13132034355965 59.358679656440366 3.2
      vertex 110.51 58.88192378864669 3.2
    endloop
  endfacet
  facet normal 0 0 -1
    outer loop
      vertex 110.51 58.88192378864669 3.2
      vertex 113.83628428702616 59.099939979126304 3.2
      vertex 110.86194970290474 58.708361402466146 3.2
    endloop
  endfacet
  facet normal 0 0 -1
    outer loop
      vertex 110.86194970290474 58.708361402466146 3.2
      vertex 113.51 58.88192378864669 3.2
      vertex 111.23354286469244 58.582222521132806 3.2
    endloop
  endfacet
  facet normal 0 0 -1
    outer loop
      vertex 111.23354286469244 58.582222521132806 3.2
      vertex 113.15805029709527 58.708361402466146 3.2
      vertex 111.61842142333985 58.505665415878575 3.2
    endloop
  endfacet
  facet normal 0 0 -1
    outer loop
      vertex 111.61842142333985 58.505665415878575 3.2
      vertex 113.15805029709527 58.708361402466146 3.2
      vertex 112.01 58.480000000000004 3.2
    endloop
  endfacet
  facet normal 0 0 -1
    outer loop
      vertex 112.78645713530757 58.582222521132806 3.2
      vertex 112.40157857666016 58.505665415878575 3.2
      vertex 112.01 58.480000000000004 3.2
    endloop
  endfacet
  facet normal 0 0 -1
    outer loop
      vertex 113.65207390469142 61.04000762332572 3.2
      vertex 114.90777747886722 60.703542864692444 3.2
      vertex 113.58059520526919 60.82943816497935 3.2
    endloop
  endfacet
  facet normal 0 0 -1
    outer loop
      vertex 113.58059520526919 60.82943816497935 3.2
      vertex 114.90777747886722 60.703542864692444 3.2
      vertex 113.48224318643355 60.63000000000001 3.2
    endloop
  endfacet
  facet normal 0 0 -1
    outer loop
      vertex 113.48224318643355 60.63000000000001 3.2
      vertex 114.78163859753387 60.33194970290474 3.2
      vertex 113.35870067849511 60.445105570685186 3.2
    endloop
  endfacet
  facet normal 0 0 -1
    outer loop
      vertex 113.35870067849511 60.445105570685186 3.2
      vertex 114.78163859753387 60.33194970290474 3.2
      vertex 113.21208152801714 60.27791847198287 3.2
    endloop
  endfacet
  facet normal 0 0 -1
    outer loop
      vertex 113.21208152801714 60.27791847198287 3.2
      vertex 114.3900600208737 59.65371571297385 3.2
      vertex 113.04489442931484 60.131299321504905 3.2
    endloop
  endfacet
  facet normal 0 0 -1
    outer loop
      vertex 113.04489442931484 60.131299321504905 3.2
      vertex 114.3900600208737 59.65371571297385 3.2
      vertex 112.86 60.00775681356646 3.2
    endloop
  endfacet
  facet normal 0 0 -1
    outer loop
      vertex 113.21208152801714 60.27791847198287 3.2
      vertex 114.78163859753387 60.33194970290474 3.2
      vertex 114.60807621135332 59.980000000000004 3.2
    endloop
  endfacet
  facet normal 0 0 -1
    outer loop
      vertex 113.21208152801714 60.27791847198287 3.2
      vertex 114.60807621135332 59.980000000000004 3.2
      vertex 114.3900600208737 59.65371571297385 3.2
    endloop
  endfacet
  facet normal 0 0 -1
    outer loop
      vertex 112.2318945267741 59.79454373566453 3.2
      vertex 114.3900600208737 59.65371571297385 3.2
      vertex 112.01 59.78000000000001 3.2
    endloop
  endfacet
  facet normal 0 0 -1
    outer loop
      vertex 112.44999237667429 59.83792609530859 3.2
      vertex 114.3900600208737 59.65371571297385 3.2
      vertex 112.2318945267741 59.79454373566453 3.2
    endloop
  endfacet
  facet normal 0 0 -1
    outer loop
      vertex 112.66056183502066 59.90940479473082 3.2
      vertex 114.3900600208737 59.65371571297385 3.2
      vertex 112.44999237667429 59.83792609530859 3.2
    endloop
  endfacet
  facet normal 0 0 -1
    outer loop
      vertex 112.86 60.00775681356646 3.2
      vertex 114.3900600208737 59.65371571297385 3.2
      vertex 112.66056183502066 59.90940479473082 3.2
    endloop
  endfacet
  facet normal 0 0 -1
    outer loop
      vertex 114.13132034355965 59.358679656440366 3.2
      vertex 110.18371571297385 59.099939979126304 3.2
      vertex 114.3900600208737 59.65371571297385 3.2
    endloop
  endfacet
  facet normal 0 0 -1
    outer loop
      vertex 113.83628428702616 59.099939979126304 3.2
      vertex 110.51 58.88192378864669 3.2
      vertex 114.13132034355965 59.358679656440366 3.2
    endloop
  endfacet
  facet normal 0 0 -1
    outer loop
      vertex 113.51 58.88192378864669 3.2
      vertex 110.86194970290474 58.708361402466146 3.2
      vertex 113.83628428702616 59.099939979126304 3.2
    endloop
  endfacet
  facet normal 0 0 -1
    outer loop
      vertex 113.65207390469142 61.04000762332572 3.2
      vertex 114.98433458412144 61.08842142333985 3.2
      vertex 114.90777747886722 60.703542864692444 3.2
    endloop
  endfacet
  facet normal 0 0 -1
    outer loop
      vertex 113.48224318643355 60.63000000000001 3.2
      vertex 114.90777747886722 60.703542864692444 3.2
      vertex 114.78163859753387 60.33194970290474 3.2
    endloop
  endfacet
  facet normal 0 0 -1
    outer loop
      vertex 113.15805029709527 58.708361402466146 3.2
      vertex 111.23354286469244 58.582222521132806 3.2
      vertex 113.51 58.88192378864669 3.2
    endloop
  endfacet
  facet normal 0 0 -1
    outer loop
      vertex 112.78645713530757 58.582222521132806 3.2
      vertex 112.01 58.480000000000004 3.2
      vertex 113.15805029709527 58.708361402466146 3.2
    endloop
  endfacet
  facet normal 0.6593458151000579 -0.7518398074789869 -9.393955526536289e-18
    outer loop
      vertex 110.12283957007297 63.939395354902835 1.5999999999999996
      vertex 109.8179689783217 63.67203102167831 1.5999999999999996
      vertex 109.8179689783217 63.67203102167831 0
    endloop
  endfacet
  facet normal 0.5555702330196042 -0.8314696123025439 -1.2725229181213078e-18
    outer loop
      vertex 110.46000000000001 64.16467875173177 1.5999999999999996
      vertex 110.12283957007297 63.939395354902835 1.5999999999999996
      vertex 110.12283957007297 63.939395354902835 0
    endloop
  endfacet
  facet normal 0.7518398074789957 -0.659345815100048 0
    outer loop
      vertex 109.55060464509718 63.36716042992704 1.5999999999999996
      vertex 109.55060464509718 63.36716042992704 0
      vertex 109.8179689783217 63.67203102167831 1.5999999999999996
    endloop
  endfacet
  facet normal 0.32143946530313994 -0.946930129495113 -4.785604472758409e-19
    outer loop
      vertex 111.2076609601822 64.47437006149612 1.5999999999999996
      vertex 110.82368135966823 64.344026550785 1.5999999999999996
      vertex 110.82368135966823 64.344026550785 0
    endloop
  endfacet
  facet normal 0.19509032201612891 -0.9807852804032303 -2.4127556213675503e-19
    outer loop
      vertex 111.60536880411784 64.55347907025882 1.5999999999999996
      vertex 111.2076609601822 64.47437006149612 1.5999999999999996
      vertex 111.2076609601822 64.47437006149612 0
    endloop
  endfacet
  facet normal 0.06540312923016253 -0.9978589232386023 7.593408046928341e-19
    outer loop
      vertex 112.01 64.58000000000001 1.5999999999999996
      vertex 111.60536880411784 64.55347907025882 1.5999999999999996
      vertex 111.60536880411784 64.55347907025882 0
    endloop
  endfacet
  facet normal -0.06540312923016253 -0.9978589232386023 -7.593408046928341e-19
    outer loop
      vertex 112.41463119588217 64.55347907025882 1.5999999999999996
      vertex 112.01 64.58000000000001 1.5999999999999996
      vertex 112.01 64.58000000000001 0
    endloop
  endfacet
  facet normal 0.44228869021900924 -0.8968727415326845 2.2053952431579777e-18
    outer loop
      vertex 110.82368135966823 64.344026550785 1.5999999999999996
      vertex 110.46000000000001 64.16467875173177 1.5999999999999996
      vertex 110.46000000000001 64.16467875173177 0
    endloop
  endfacet
  facet normal 0.8314696123025304 -0.5555702330196244 0
    outer loop
      vertex 109.32532124826824 63.03000000000001 1.5999999999999996
      vertex 109.32532124826824 63.03000000000001 0
      vertex 109.55060464509718 63.36716042992704 1.5999999999999996
    endloop
  endfacet
  facet normal 0.8968727415327017 -0.442288690218974 0
    outer loop
      vertex 109.14597344921502 62.66631864033178 1.5999999999999996
      vertex 109.14597344921502 62.66631864033178 0
      vertex 109.32532124826824 63.03000000000001 1.5999999999999996
    endloop
  endfacet
  facet normal 0.9469301294951006 -0.3214394653031767 0
    outer loop
      vertex 109.01562993850389 62.28233903981782 1.5999999999999996
      vertex 109.01562993850389 62.28233903981782 0
      vertex 109.14597344921502 62.66631864033178 1.5999999999999996
    endloop
  endfacet
  facet normal 0.980785280403231 -0.19509032201612556 0
    outer loop
      vertex 108.93652092974119 61.884631195882164 1.5999999999999996
      vertex 108.93652092974119 61.884631195882164 0
      vertex 109.01562993850389 62.28233903981782 1.5999999999999996
    endloop
  endfacet
  facet normal 0.9978589232386045 -0.06540312923012763 0
    outer loop
      vertex 108.91000000000001 61.480000000000004 1.5999999999999996
      vertex 108.91000000000001 61.480000000000004 0
      vertex 108.93652092974119 61.884631195882164 1.5999999999999996
    endloop
  endfacet
  facet normal 0.9978589232386045 0.06540312923012763 0
    outer loop
      vertex 108.93652092974119 61.07536880411784 1.5999999999999996
      vertex 108.93652092974119 61.07536880411784 0
      vertex 108.91000000000001 61.480000000000004 1.5999999999999996
    endloop
  endfacet
  facet normal -0.19509032201612891 -0.9807852804032303 2.4127556213675503e-19
    outer loop
      vertex 112.81233903981781 64.47437006149612 1.5999999999999996
      vertex 112.41463119588217 64.55347907025882 1.5999999999999996
      vertex 112.41463119588217 64.55347907025882 0
    endloop
  endfacet
  facet normal -0.32143946530313994 -0.946930129495113 4.785604472758409e-19
    outer loop
      vertex 113.19631864033178 64.344026550785 1.5999999999999996
      vertex 112.81233903981781 64.47437006149612 1.5999999999999996
      vertex 112.81233903981781 64.47437006149612 0
    endloop
  endfacet
  facet normal -0.44228869021900924 -0.8968727415326845 -2.2053952431579777e-18
    outer loop
      vertex 113.56 64.16467875173177 1.5999999999999996
      vertex 113.19631864033178 64.344026550785 1.5999999999999996
      vertex 113.19631864033178 64.344026550785 0
    endloop
  endfacet
  facet normal -0.5555702330196042 -0.8314696123025439 1.2725229181213078e-18
    outer loop
      vertex 113.89716042992704 63.939395354902835 1.5999999999999996
      vertex 113.56 64.16467875173177 1.5999999999999996
      vertex 113.56 64.16467875173177 0
    endloop
  endfacet
  facet normal -0.6593458151000579 -0.7518398074789869 9.393955526536289e-18
    outer loop
      vertex 114.20203102167831 63.67203102167831 1.5999999999999996
      vertex 113.89716042992704 63.939395354902835 1.5999999999999996
      vertex 113.89716042992704 63.939395354902835 0
    endloop
  endfacet
  facet normal -0.7518398074789957 -0.659345815100048 -9.99084909856442e-18
    outer loop
      vertex 114.46939535490283 63.36716042992704 1.5999999999999996
      vertex 114.20203102167831 63.67203102167831 1.5999999999999996
      vertex 114.20203102167831 63.67203102167831 0
    endloop
  endfacet
  facet normal -0.8314696123025304 -0.5555702330196244 0
    outer loop
      vertex 114.46939535490283 63.36716042992704 1.5999999999999996
      vertex 114.46939535490283 63.36716042992704 0
      vertex 114.69467875173177 63.03000000000001 1.5999999999999996
    endloop
  endfacet
  facet normal -0.8968727415327017 -0.442288690218974 0
    outer loop
      vertex 114.69467875173177 63.03000000000001 1.5999999999999996
      vertex 114.69467875173177 63.03000000000001 0
      vertex 114.87402655078499 62.66631864033178 1.5999999999999996
    endloop
  endfacet
  facet normal -0.9469301294951006 -0.3214394653031767 0
    outer loop
      vertex 114.87402655078499 62.66631864033178 1.5999999999999996
      vertex 114.87402655078499 62.66631864033178 0
      vertex 115.00437006149612 62.28233903981782 1.5999999999999996
    endloop
  endfacet
  facet normal -0.980785280403231 -0.19509032201612556 0
    outer loop
      vertex 115.00437006149612 62.28233903981782 1.5999999999999996
      vertex 115.00437006149612 62.28233903981782 0
      vertex 115.08347907025882 61.884631195882164 1.5999999999999996
    endloop
  endfacet
  facet normal -0.9978589232386045 -0.06540312923012763 1.2159064595591747e-18
    outer loop
      vertex 115.11 61.480000000000004 1.5999999999999996
      vertex 115.08347907025882 61.884631195882164 1.5999999999999996
      vertex 115.08347907025882 61.884631195882164 0
    endloop
  endfacet
  facet normal -0.9978589232386045 0.06540312923012763 0
    outer loop
      vertex 115.11 61.480000000000004 1.5999999999999996
      vertex 115.11 61.480000000000004 0
      vertex 115.08347907025882 61.07536880411784 1.5999999999999996
    endloop
  endfacet
  facet normal 0.8314696123025304 -0.5555702330196244 0
    outer loop
      vertex 109.55060464509718 63.36716042992704 1.5999999999999996
      vertex 109.32532124826824 63.03000000000001 0
      vertex 109.55060464509718 63.36716042992704 0
    endloop
  endfacet
  facet normal 0.6593458151000579 -0.7518398074789869 0
    outer loop
      vertex 110.12283957007297 63.939395354902835 1.5999999999999996
      vertex 109.8179689783217 63.67203102167831 0
      vertex 110.12283957007297 63.939395354902835 0
    endloop
  endfacet
  facet normal 0.5555702330196042 -0.8314696123025439 0
    outer loop
      vertex 110.46000000000001 64.16467875173177 1.5999999999999996
      vertex 110.12283957007297 63.939395354902835 0
      vertex 110.46000000000001 64.16467875173177 0
    endloop
  endfacet
  facet normal 0.7518398074789957 -0.659345815100048 0
    outer loop
      vertex 109.8179689783217 63.67203102167831 1.5999999999999996
      vertex 109.55060464509718 63.36716042992704 0
      vertex 109.8179689783217 63.67203102167831 0
    endloop
  endfacet
  facet normal 0.44228869021900924 -0.8968727415326845 0
    outer loop
      vertex 110.82368135966823 64.344026550785 1.5999999999999996
      vertex 110.46000000000001 64.16467875173177 0
      vertex 110.82368135966823 64.344026550785 0
    endloop
  endfacet
  facet normal 0.19509032201612891 -0.9807852804032303 0
    outer loop
      vertex 111.60536880411784 64.55347907025882 1.5999999999999996
      vertex 111.2076609601822 64.47437006149612 0
      vertex 111.60536880411784 64.55347907025882 0
    endloop
  endfacet
  facet normal 0.32143946530313994 -0.946930129495113 0
    outer loop
      vertex 111.2076609601822 64.47437006149612 1.5999999999999996
      vertex 110.82368135966823 64.344026550785 0
      vertex 111.2076609601822 64.47437006149612 0
    endloop
  endfacet
  facet normal 0.06540312923016253 -0.9978589232386023 0
    outer loop
      vertex 112.01 64.58000000000001 1.5999999999999996
      vertex 111.60536880411784 64.55347907025882 0
      vertex 112.01 64.58000000000001 0
    endloop
  endfacet
  facet normal -0.06540312923016253 -0.9978589232386023 0
    outer loop
      vertex 112.41463119588217 64.55347907025882 1.5999999999999996
      vertex 112.01 64.58000000000001 0
      vertex 112.41463119588217 64.55347907025882 0
    endloop
  endfacet
  facet normal 0.8968727415327017 -0.442288690218974 0
    outer loop
      vertex 109.32532124826824 63.03000000000001 1.5999999999999996
      vertex 109.14597344921502 62.66631864033178 0
      vertex 109.32532124826824 63.03000000000001 0
    endloop
  endfacet
  facet normal 0.9469301294951006 -0.3214394653031767 0
    outer loop
      vertex 109.14597344921502 62.66631864033178 1.5999999999999996
      vertex 109.01562993850389 62.28233903981782 0
      vertex 109.14597344921502 62.66631864033178 0
    endloop
  endfacet
  facet normal 0.980785280403231 -0.19509032201612556 0
    outer loop
      vertex 109.01562993850389 62.28233903981782 1.5999999999999996
      vertex 108.93652092974119 61.884631195882164 0
      vertex 109.01562993850389 62.28233903981782 0
    endloop
  endfacet
  facet normal 0.9978589232386045 -0.06540312923012763 0
    outer loop
      vertex 108.93652092974119 61.884631195882164 1.5999999999999996
      vertex 108.91000000000001 61.480000000000004 0
      vertex 108.93652092974119 61.884631195882164 0
    endloop
  endfacet
  facet normal 0.9978589232386045 0.06540312923012763 0
    outer loop
      vertex 108.91000000000001 61.480000000000004 1.5999999999999996
      vertex 108.93652092974119 61.07536880411784 0
      vertex 108.91000000000001 61.480000000000004 0
    endloop
  endfacet
  facet normal -0.19509032201612891 -0.9807852804032303 0
    outer loop
      vertex 112.81233903981781 64.47437006149612 1.5999999999999996
      vertex 112.41463119588217 64.55347907025882 0
      vertex 112.81233903981781 64.47437006149612 0
    endloop
  endfacet
  facet normal -0.32143946530313994 -0.946930129495113 0
    outer loop
      vertex 113.19631864033178 64.344026550785 1.5999999999999996
      vertex 112.81233903981781 64.47437006149612 0
      vertex 113.19631864033178 64.344026550785 0
    endloop
  endfacet
  facet normal -0.44228869021900924 -0.8968727415326845 0
    outer loop
      vertex 113.56 64.16467875173177 1.5999999999999996
      vertex 113.19631864033178 64.344026550785 0
      vertex 113.56 64.16467875173177 0
    endloop
  endfacet
  facet normal -0.5555702330196042 -0.8314696123025439 0
    outer loop
      vertex 113.89716042992704 63.939395354902835 1.5999999999999996
      vertex 113.56 64.16467875173177 0
      vertex 113.89716042992704 63.939395354902835 0
    endloop
  endfacet
  facet normal -0.6593458151000579 -0.7518398074789869 0
    outer loop
      vertex 114.20203102167831 63.67203102167831 1.5999999999999996
      vertex 113.89716042992704 63.939395354902835 0
      vertex 114.20203102167831 63.67203102167831 0
    endloop
  endfacet
  facet normal -0.7518398074789957 -0.659345815100048 0
    outer loop
      vertex 114.46939535490283 63.36716042992704 1.5999999999999996
      vertex 114.20203102167831 63.67203102167831 0
      vertex 114.46939535490283 63.36716042992704 0
    endloop
  endfacet
  facet normal -0.8314696123025304 -0.5555702330196244 0
    outer loop
      vertex 114.69467875173177 63.03000000000001 1.5999999999999996
      vertex 114.46939535490283 63.36716042992704 0
      vertex 114.69467875173177 63.03000000000001 0
    endloop
  endfacet
  facet normal -0.8968727415327017 -0.442288690218974 0
    outer loop
      vertex 114.87402655078499 62.66631864033178 1.5999999999999996
      vertex 114.69467875173177 63.03000000000001 0
      vertex 114.87402655078499 62.66631864033178 0
    endloop
  endfacet
  facet normal -0.9469301294951006 -0.3214394653031767 0
    outer loop
      vertex 115.00437006149612 62.28233903981782 1.5999999999999996
      vertex 114.87402655078499 62.66631864033178 0
      vertex 115.00437006149612 62.28233903981782 0
    endloop
  endfacet
  facet normal -0.980785280403231 -0.19509032201612556 0
    outer loop
      vertex 115.08347907025882 61.884631195882164 1.5999999999999996
      vertex 115.00437006149612 62.28233903981782 0
      vertex 115.08347907025882 61.884631195882164 0
    endloop
  endfacet
  facet normal -0.9978589232386045 -0.06540312923012763 0
    outer loop
      vertex 115.11 61.480000000000004 1.5999999999999996
      vertex 115.08347907025882 61.884631195882164 0
      vertex 115.11 61.480000000000004 0
    endloop
  endfacet
  facet normal -0.9978589232386045 0.06540312923012763 0
    outer loop
      vertex 115.08347907025882 61.07536880411784 1.5999999999999996
      vertex 115.11 61.480000000000004 0
      vertex 115.08347907025882 61.07536880411784 0
    endloop
  endfacet
  facet normal 0.9807852804032303 0.19509032201612891 0
    outer loop
      vertex 109.01562993850389 60.677660960182195 1.5999999999999996
      vertex 109.01562993850389 60.677660960182195 0
      vertex 108.93652092974119 61.07536880411784 1.5999999999999996
    endloop
  endfacet
  facet normal 0.9469301294951024 0.3214394653031713 0
    outer loop
      vertex 109.14597344921502 60.29368135966823 1.5999999999999996
      vertex 109.14597344921502 60.29368135966823 0
      vertex 109.01562993850389 60.677660960182195 1.5999999999999996
    endloop
  endfacet
  facet normal 0.8968727415326984 0.44228869021898104 6.558335893099841e-18
    outer loop
      vertex 109.14597344921502 60.29368135966823 1.5999999999999996
      vertex 109.32532124826824 59.93000000000001 1.5999999999999996
      vertex 109.32532124826824 59.93000000000001 0
    endloop
  endfacet
  facet normal 0.8314696123025358 0.5555702330196163 9.269372038160273e-18
    outer loop
      vertex 109.32532124826824 59.93000000000001 1.5999999999999996
      vertex 109.55060464509718 59.59283957007297 1.5999999999999996
      vertex 109.55060464509718 59.59283957007297 0
    endloop
  endfacet
  facet normal 0.751839807478988 0.6593458151000567 9.057739259550815e-18
    outer loop
      vertex 109.55060464509718 59.59283957007297 1.5999999999999996
      vertex 109.8179689783217 59.28796897832171 1.5999999999999996
      vertex 109.8179689783217 59.28796897832171 0
    endloop
  endfacet
  facet normal 0.6593458151000579 0.7518398074789869 9.393955526536289e-18
    outer loop
      vertex 109.8179689783217 59.28796897832171 1.5999999999999996
      vertex 110.12283957007297 59.02060464509718 1.5999999999999996
      vertex 110.12283957007297 59.02060464509718 0
    endloop
  endfacet
  facet normal 0.5555702330196042 0.8314696123025439 1.2725229181213078e-18
    outer loop
      vertex 110.12283957007297 59.02060464509718 1.5999999999999996
      vertex 110.46000000000001 58.795321248268245 1.5999999999999996
      vertex 110.46000000000001 58.795321248268245 0
    endloop
  endfacet
  facet normal 0.4422886902189951 0.8968727415326914 2.1764703249708978e-18
    outer loop
      vertex 110.46000000000001 58.795321248268245 1.5999999999999996
      vertex 110.82368135966823 58.61597344921502 1.5999999999999996
      vertex 110.82368135966823 58.61597344921502 0
    endloop
  endfacet
  facet normal 0.3214394653031713 0.9469301294951024 -3.694855139194375e-18
    outer loop
      vertex 110.82368135966823 58.61597344921502 1.5999999999999996
      vertex 111.2076609601822 58.48562993850389 1.5999999999999996
      vertex 111.2076609601822 58.48562993850389 0
    endloop
  endfacet
  facet normal 0.19509032201612891 0.9807852804032303 2.4127556213675503e-19
    outer loop
      vertex 111.2076609601822 58.48562993850389 1.5999999999999996
      vertex 111.60536880411784 58.40652092974119 1.5999999999999996
      vertex 111.60536880411784 58.40652092974119 0
    endloop
  endfacet
  facet normal 0.06540312923012763 0.9978589232386045 1.2159064595591747e-18
    outer loop
      vertex 111.60536880411784 58.40652092974119 1.5999999999999996
      vertex 112.01 58.38000000000001 1.5999999999999996
      vertex 112.01 58.38000000000001 0
    endloop
  endfacet
  facet normal -0.06540312923012763 0.9978589232386045 -1.2159064595591747e-18
    outer loop
      vertex 112.01 58.38000000000001 1.5999999999999996
      vertex 112.41463119588217 58.40652092974119 1.5999999999999996
      vertex 112.41463119588217 58.40652092974119 0
    endloop
  endfacet
  facet normal -0.5555702330196042 0.8314696123025439 -1.2725229181213078e-18
    outer loop
      vertex 113.56 58.795321248268245 1.5999999999999996
      vertex 113.89716042992704 59.02060464509718 1.5999999999999996
      vertex 113.89716042992704 59.02060464509718 0
    endloop
  endfacet
  facet normal -0.6593458151000579 0.7518398074789869 -9.393955526536289e-18
    outer loop
      vertex 113.89716042992704 59.02060464509718 1.5999999999999996
      vertex 114.20203102167831 59.28796897832171 1.5999999999999996
      vertex 114.20203102167831 59.28796897832171 0
    endloop
  endfacet
  facet normal -0.9807852804032303 0.19509032201612891 0
    outer loop
      vertex 115.08347907025882 61.07536880411784 1.5999999999999996
      vertex 115.08347907025882 61.07536880411784 0
      vertex 115.00437006149612 60.677660960182195 1.5999999999999996
    endloop
  endfacet
  facet normal -0.9469301294951024 0.3214394653031713 3.694855139194375e-18
    outer loop
      vertex 114.87402655078499 60.29368135966823 1.5999999999999996
      vertex 115.00437006149612 60.677660960182195 1.5999999999999996
      vertex 115.00437006149612 60.677660960182195 0
    endloop
  endfacet
  facet normal -0.8968727415326984 0.44228869021898104 0
    outer loop
      vertex 114.87402655078499 60.29368135966823 1.5999999999999996
      vertex 114.87402655078499 60.29368135966823 0
      vertex 114.69467875173177 59.93000000000001 1.5999999999999996
    endloop
  endfacet
  facet normal -0.8314696123025358 0.5555702330196163 0
    outer loop
      vertex 114.69467875173177 59.93000000000001 1.5999999999999996
      vertex 114.69467875173177 59.93000000000001 0
      vertex 114.46939535490283 59.59283957007297 1.5999999999999996
    endloop
  endfacet
  facet normal -0.751839807478988 0.6593458151000567 -9.057739259550815e-18
    outer loop
      vertex 114.20203102167831 59.28796897832171 1.5999999999999996
      vertex 114.46939535490283 59.59283957007297 1.5999999999999996
      vertex 114.46939535490283 59.59283957007297 0
    endloop
  endfacet
  facet normal -0.19509032201612891 0.9807852804032303 -2.4127556213675503e-19
    outer loop
      vertex 112.41463119588217 58.40652092974119 1.5999999999999996
      vertex 112.81233903981781 58.48562993850389 1.5999999999999996
      vertex 112.81233903981781 58.48562993850389 0
    endloop
  endfacet
  facet normal -0.3214394653031713 0.9469301294951024 3.694855139194375e-18
    outer loop
      vertex 112.81233903981781 58.48562993850389 1.5999999999999996
      vertex 113.19631864033178 58.61597344921502 1.5999999999999996
      vertex 113.19631864033178 58.61597344921502 0
    endloop
  endfacet
  facet normal -0.4422886902189951 0.8968727415326914 -2.1764703249708978e-18
    outer loop
      vertex 113.19631864033178 58.61597344921502 1.5999999999999996
      vertex 113.56 58.795321248268245 1.5999999999999996
      vertex 113.56 58.795321248268245 0
    endloop
  endfacet
  facet normal 0.9807852804032303 0.19509032201612891 0
    outer loop
      vertex 108.93652092974119 61.07536880411784 1.5999999999999996
      vertex 109.01562993850389 60.677660960182195 0
      vertex 108.93652092974119 61.07536880411784 0
    endloop
  endfacet
  facet normal 0.9469301294951024 0.3214394653031713 0
    outer loop
      vertex 109.01562993850389 60.677660960182195 1.5999999999999996
      vertex 109.14597344921502 60.29368135966823 0
      vertex 109.01562993850389 60.677660960182195 0
    endloop
  endfacet
  facet normal 0.8968727415326984 0.44228869021898104 0
    outer loop
      vertex 109.14597344921502 60.29368135966823 1.5999999999999996
      vertex 109.32532124826824 59.93000000000001 0
      vertex 109.14597344921502 60.29368135966823 0
    endloop
  endfacet
  facet normal 0.8314696123025358 0.5555702330196163 0
    outer loop
      vertex 109.32532124826824 59.93000000000001 1.5999999999999996
      vertex 109.55060464509718 59.59283957007297 0
      vertex 109.32532124826824 59.93000000000001 0
    endloop
  endfacet
  facet normal 0.751839807478988 0.6593458151000567 0
    outer loop
      vertex 109.55060464509718 59.59283957007297 1.5999999999999996
      vertex 109.8179689783217 59.28796897832171 0
      vertex 109.55060464509718 59.59283957007297 0
    endloop
  endfacet
  facet normal 0.6593458151000579 0.7518398074789869 0
    outer loop
      vertex 109.8179689783217 59.28796897832171 1.5999999999999996
      vertex 110.12283957007297 59.02060464509718 0
      vertex 109.8179689783217 59.28796897832171 0
    endloop
  endfacet
  facet normal 0.5555702330196042 0.8314696123025439 0
    outer loop
      vertex 110.12283957007297 59.02060464509718 1.5999999999999996
      vertex 110.46000000000001 58.795321248268245 0
      vertex 110.12283957007297 59.02060464509718 0
    endloop
  endfacet
  facet normal 0.4422886902189951 0.8968727415326914 0
    outer loop
      vertex 110.46000000000001 58.795321248268245 1.5999999999999996
      vertex 110.82368135966823 58.61597344921502 0
      vertex 110.46000000000001 58.795321248268245 0
    endloop
  endfacet
  facet normal 0.3214394653031713 0.9469301294951024 0
    outer loop
      vertex 110.82368135966823 58.61597344921502 1.5999999999999996
      vertex 111.2076609601822 58.48562993850389 0
      vertex 110.82368135966823 58.61597344921502 0
    endloop
  endfacet
  facet normal 0.19509032201612891 0.9807852804032303 0
    outer loop
      vertex 111.2076609601822 58.48562993850389 1.5999999999999996
      vertex 111.60536880411784 58.40652092974119 0
      vertex 111.2076609601822 58.48562993850389 0
    endloop
  endfacet
  facet normal 0.06540312923012763 0.9978589232386045 0
    outer loop
      vertex 111.60536880411784 58.40652092974119 1.5999999999999996
      vertex 112.01 58.38000000000001 0
      vertex 111.60536880411784 58.40652092974119 0
    endloop
  endfacet
  facet normal -0.06540312923012763 0.9978589232386045 0
    outer loop
      vertex 112.01 58.38000000000001 1.5999999999999996
      vertex 112.41463119588217 58.40652092974119 0
      vertex 112.01 58.38000000000001 0
    endloop
  endfacet
  facet normal -0.5555702330196042 0.8314696123025439 0
    outer loop
      vertex 113.56 58.795321248268245 1.5999999999999996
      vertex 113.89716042992704 59.02060464509718 0
      vertex 113.56 58.795321248268245 0
    endloop
  endfacet
  facet normal -0.6593458151000579 0.7518398074789869 0
    outer loop
      vertex 113.89716042992704 59.02060464509718 1.5999999999999996
      vertex 114.20203102167831 59.28796897832171 0
      vertex 113.89716042992704 59.02060464509718 0
    endloop
  endfacet
  facet normal -0.9807852804032303 0.19509032201612891 0
    outer loop
      vertex 115.00437006149612 60.677660960182195 1.5999999999999996
      vertex 115.08347907025882 61.07536880411784 0
      vertex 115.00437006149612 60.677660960182195 0
    endloop
  endfacet
  facet normal -0.8968727415326984 0.44228869021898104 0
    outer loop
      vertex 114.69467875173177 59.93000000000001 1.5999999999999996
      vertex 114.87402655078499 60.29368135966823 0
      vertex 114.69467875173177 59.93000000000001 0
    endloop
  endfacet
  facet normal -0.9469301294951024 0.3214394653031713 0
    outer loop
      vertex 114.87402655078499 60.29368135966823 1.5999999999999996
      vertex 115.00437006149612 60.677660960182195 0
      vertex 114.87402655078499 60.29368135966823 0
    endloop
  endfacet
  facet normal -0.8314696123025358 0.5555702330196163 0
    outer loop
      vertex 114.46939535490283 59.59283957007297 1.5999999999999996
      vertex 114.69467875173177 59.93000000000001 0
      vertex 114.46939535490283 59.59283957007297 0
    endloop
  endfacet
  facet normal -0.751839807478988 0.6593458151000567 0
    outer loop
      vertex 114.20203102167831 59.28796897832171 1.5999999999999996
      vertex 114.46939535490283 59.59283957007297 0
      vertex 114.20203102167831 59.28796897832171 0
    endloop
  endfacet
  facet normal -0.19509032201612891 0.9807852804032303 0
    outer loop
      vertex 112.41463119588217 58.40652092974119 1.5999999999999996
      vertex 112.81233903981781 58.48562993850389 0
      vertex 112.41463119588217 58.40652092974119 0
    endloop
  endfacet
  facet normal -0.3214394653031713 0.9469301294951024 0
    outer loop
      vertex 112.81233903981781 58.48562993850389 1.5999999999999996
      vertex 113.19631864033178 58.61597344921502 0
      vertex 112.81233903981781 58.48562993850389 0
    endloop
  endfacet
  facet normal -0.4422886902189951 0.8968727415326914 0
    outer loop
      vertex 113.19631864033178 58.61597344921502 1.5999999999999996
      vertex 113.56 58.795321248268245 0
      vertex 113.19631864033178 58.61597344921502 0
    endloop
  endfacet
  facet normal 0.8968727415326908 -0.4422886902189964 0
    outer loop
      vertex 110.43940479473082 8.850561835020663 3.2
      vertex 110.53775681356646 9.050000000000011 5.949999999999999
      vertex 110.43940479473082 8.850561835020663 5.949999999999999
    endloop
  endfacet
  facet normal 0.9469301294951059 -0.32143946530316087 0
    outer loop
      vertex 110.36792609530859 8.639992376674293 3.2
      vertex 110.43940479473082 8.850561835020663 5.949999999999999
      vertex 110.36792609530859 8.639992376674293 5.949999999999999
    endloop
  endfacet
  facet normal 0.19509032201614218 -0.9807852804032277 0
    outer loop
      vertex 111.57000762332572 9.842073904691425 3.2
      vertex 111.78810547322591 9.885456264335488 5.949999999999999
      vertex 111.57000762332572 9.842073904691425 5.949999999999999
    endloop
  endfacet
  facet normal 0.06540312923015168 -0.9978589232386028 0
    outer loop
      vertex 111.78810547322591 9.885456264335488 3.2
      vertex 112.01 9.900000000000013 5.949999999999999
      vertex 111.78810547322591 9.885456264335488 5.949999999999999
    endloop
  endfacet
  facet normal -0.06540312923015168 -0.9978589232386028 0
    outer loop
      vertex 112.01 9.900000000000013 3.2
      vertex 112.2318945267741 9.885456264335488 5.949999999999999
      vertex 112.01 9.900000000000013 5.949999999999999
    endloop
  endfacet
  facet normal -0.19509032201614218 -0.9807852804032277 0
    outer loop
      vertex 112.2318945267741 9.885456264335488 3.2
      vertex 112.44999237667429 9.842073904691425 5.949999999999999
      vertex 112.2318945267741 9.885456264335488 5.949999999999999
    endloop
  endfacet
  facet normal 0.7518398074789995 -0.6593458151000436 0
    outer loop
      vertex 110.66129932150491 9.234894429314835 3.2
      vertex 110.80791847198287 9.402081528017142 5.949999999999999
      vertex 110.66129932150491 9.234894429314835 5.949999999999999
    endloop
  endfacet
  facet normal 0.6593458151000776 -0.75183980747897 0
    outer loop
      vertex 110.80791847198287 9.402081528017142 3.2
      vertex 110.97510557068517 9.54870067849511 5.949999999999999
      vertex 110.80791847198287 9.402081528017142 5.949999999999999
    endloop
  endfacet
  facet normal 0.442288690219009 -0.8968727415326844 0
    outer loop
      vertex 111.16000000000001 9.672243186433555 3.2
      vertex 111.35943816497935 9.770595205269196 5.949999999999999
      vertex 111.16000000000001 9.672243186433555 5.949999999999999
    endloop
  endfacet
  facet normal 0.5555702330195746 -0.8314696123025637 0
    outer loop
      vertex 110.97510557068517 9.54870067849511 3.2
      vertex 111.16000000000001 9.672243186433555 5.949999999999999
      vertex 110.97510557068517 9.54870067849511 5.949999999999999
    endloop
  endfacet
  facet normal 0.32143946530316087 -0.9469301294951059 0
    outer loop
      vertex 111.35943816497935 9.770595205269196 3.2
      vertex 111.57000762332572 9.842073904691425 5.949999999999999
      vertex 111.35943816497935 9.770595205269196 5.949999999999999
    endloop
  endfacet
  facet normal 0.8314696123025291 -0.5555702330196263 0
    outer loop
      vertex 110.53775681356646 9.050000000000011 3.2
      vertex 110.66129932150491 9.234894429314835 5.949999999999999
      vertex 110.53775681356646 9.050000000000011 5.949999999999999
    endloop
  endfacet
  facet normal -0.32143946530316087 -0.9469301294951059 0
    outer loop
      vertex 112.44999237667429 9.842073904691425 3.2
      vertex 112.66056183502066 9.770595205269196 5.949999999999999
      vertex 112.44999237667429 9.842073904691425 5.949999999999999
    endloop
  endfacet
  facet normal -0.442288690219009 -0.8968727415326844 0
    outer loop
      vertex 112.66056183502066 9.770595205269196 3.2
      vertex 112.86 9.672243186433555 5.949999999999999
      vertex 112.66056183502066 9.770595205269196 5.949999999999999
    endloop
  endfacet
  facet normal -0.5555702330195746 -0.8314696123025637 0
    outer loop
      vertex 112.86 9.672243186433555 3.2
      vertex 113.04489442931484 9.54870067849511 5.949999999999999
      vertex 112.86 9.672243186433555 5.949999999999999
    endloop
  endfacet
  facet normal -0.6593458151000776 -0.75183980747897 0
    outer loop
      vertex 113.04489442931484 9.54870067849511 3.2
      vertex 113.21208152801714 9.402081528017142 5.949999999999999
      vertex 113.04489442931484 9.54870067849511 5.949999999999999
    endloop
  endfacet
  facet normal -0.7518398074789678 -0.6593458151000797 0
    outer loop
      vertex 113.21208152801714 9.402081528017142 3.2
      vertex 113.35870067849511 9.234894429314835 5.949999999999999
      vertex 113.21208152801714 9.402081528017142 5.949999999999999
    endloop
  endfacet
  facet normal -0.8314696123025586 -0.5555702330195821 0
    outer loop
      vertex 113.35870067849511 9.234894429314835 3.2
      vertex 113.48224318643355 9.050000000000011 5.949999999999999
      vertex 113.35870067849511 9.234894429314835 5.949999999999999
    endloop
  endfacet
  facet normal -0.8968727415326908 -0.4422886902189964 0
    outer loop
      vertex 113.48224318643355 9.050000000000011 3.2
      vertex 113.58059520526919 8.850561835020663 5.949999999999999
      vertex 113.48224318643355 9.050000000000011 5.949999999999999
    endloop
  endfacet
  facet normal -0.9469301294951059 -0.32143946530316087 0
    outer loop
      vertex 113.58059520526919 8.850561835020663 3.2
      vertex 113.65207390469142 8.639992376674293 5.949999999999999
      vertex 113.58059520526919 8.850561835020663 5.949999999999999
    endloop
  endfacet
  facet normal 0.980785280403235 -0.19509032201610535 0
    outer loop
      vertex 110.32454373566453 8.421894526774096 3.2
      vertex 110.36792609530859 8.639992376674293 5.949999999999999
      vertex 110.32454373566453 8.421894526774096 5.949999999999999
    endloop
  endfacet
  facet normal 0.9978589232386007 -0.06540312923018558 0
    outer loop
      vertex 110.31 8.20000000000001 3.2
      vertex 110.32454373566453 8.421894526774096 5.949999999999999
      vertex 110.31 8.20000000000001 5.949999999999999
    endloop
  endfacet
  facet normal 0.9978589232386007 0.06540312923018558 0
    outer loop
      vertex 110.32454373566453 7.978105473225924 3.2
      vertex 110.31 8.20000000000001 5.949999999999999
      vertex 110.32454373566453 7.978105473225924 5.949999999999999
    endloop
  endfacet
  facet normal 0.980785280403235 0.19509032201610535 0
    outer loop
      vertex 110.36792609530859 7.760007623325727 3.2
      vertex 110.32454373566453 7.978105473225924 5.949999999999999
      vertex 110.36792609530859 7.760007623325727 5.949999999999999
    endloop
  endfacet
  facet normal 0.9469301294951059 0.32143946530316087 0
    outer loop
      vertex 110.43940479473082 7.549438164979357 3.2
      vertex 110.36792609530859 7.760007623325727 5.949999999999999
      vertex 110.43940479473082 7.549438164979357 5.949999999999999
    endloop
  endfacet
  facet normal 0.8968727415326908 0.4422886902189964 0
    outer loop
      vertex 110.53775681356646 7.3500000000000085 3.2
      vertex 110.43940479473082 7.549438164979357 5.949999999999999
      vertex 110.53775681356646 7.3500000000000085 5.949999999999999
    endloop
  endfacet
  facet normal 0.8314696123025291 0.5555702330196263 0
    outer loop
      vertex 110.66129932150491 7.165105570685185 3.2
      vertex 110.53775681356646 7.3500000000000085 5.949999999999999
      vertex 110.66129932150491 7.165105570685185 5.949999999999999
    endloop
  endfacet
  facet normal 0.7518398074789995 0.6593458151000436 0
    outer loop
      vertex 110.80791847198287 6.997918471982878 3.2
      vertex 110.66129932150491 7.165105570685185 5.949999999999999
      vertex 110.80791847198287 6.997918471982878 5.949999999999999
    endloop
  endfacet
  facet normal 0.6593458151000776 0.75183980747897 0
    outer loop
      vertex 110.97510557068517 6.851299321504911 3.2
      vertex 110.80791847198287 6.997918471982878 5.949999999999999
      vertex 110.97510557068517 6.851299321504911 5.949999999999999
    endloop
  endfacet
  facet normal 0.5555702330195746 0.8314696123025637 0
    outer loop
      vertex 111.16000000000001 6.727756813566465 3.2
      vertex 110.97510557068517 6.851299321504911 5.949999999999999
      vertex 111.16000000000001 6.727756813566465 5.949999999999999
    endloop
  endfacet
  facet normal 0.442288690219009 0.8968727415326844 0
    outer loop
      vertex 111.35943816497935 6.629404794730824 3.2
      vertex 111.16000000000001 6.727756813566465 5.949999999999999
      vertex 111.35943816497935 6.629404794730824 5.949999999999999
    endloop
  endfacet
  facet normal 0.32143946530316087 0.9469301294951059 0
    outer loop
      vertex 111.57000762332572 6.557926095308595 3.2
      vertex 111.35943816497935 6.629404794730824 5.949999999999999
      vertex 111.57000762332572 6.557926095308595 5.949999999999999
    endloop
  endfacet
  facet normal -0.19509032201614218 0.9807852804032277 0
    outer loop
      vertex 112.44999237667429 6.557926095308595 3.2
      vertex 112.2318945267741 6.514543735664532 5.949999999999999
      vertex 112.44999237667429 6.557926095308595 5.949999999999999
    endloop
  endfacet
  facet normal 0.19509032201614218 0.9807852804032277 0
    outer loop
      vertex 111.78810547322591 6.514543735664532 3.2
      vertex 111.57000762332572 6.557926095308595 5.949999999999999
      vertex 111.78810547322591 6.514543735664532 5.949999999999999
    endloop
  endfacet
  facet normal 0.06540312923015168 0.9978589232386028 0
    outer loop
      vertex 112.01 6.500000000000007 3.2
      vertex 111.78810547322591 6.514543735664532 5.949999999999999
      vertex 112.01 6.500000000000007 5.949999999999999
    endloop
  endfacet
  facet normal -0.06540312923015168 0.9978589232386028 0
    outer loop
      vertex 112.2318945267741 6.514543735664532 3.2
      vertex 112.01 6.500000000000007 5.949999999999999
      vertex 112.2318945267741 6.514543735664532 5.949999999999999
    endloop
  endfacet
  facet normal -0.980785280403235 -0.19509032201610535 0
    outer loop
      vertex 113.65207390469142 8.639992376674293 3.2
      vertex 113.69545626433548 8.421894526774096 5.949999999999999
      vertex 113.65207390469142 8.639992376674293 5.949999999999999
    endloop
  endfacet
  facet normal -0.9978589232386007 -0.06540312923018558 0
    outer loop
      vertex 113.69545626433548 8.421894526774096 3.2
      vertex 113.71000000000001 8.20000000000001 5.949999999999999
      vertex 113.69545626433548 8.421894526774096 5.949999999999999
    endloop
  endfacet
  facet normal -0.9978589232386007 0.06540312923018558 0
    outer loop
      vertex 113.71000000000001 8.20000000000001 3.2
      vertex 113.69545626433548 7.978105473225924 5.949999999999999
      vertex 113.71000000000001 8.20000000000001 5.949999999999999
    endloop
  endfacet
  facet normal -0.980785280403235 0.19509032201610535 0
    outer loop
      vertex 113.69545626433548 7.978105473225924 3.2
      vertex 113.65207390469142 7.760007623325727 5.949999999999999
      vertex 113.69545626433548 7.978105473225924 5.949999999999999
    endloop
  endfacet
  facet normal -0.9469301294951059 0.32143946530316087 0
    outer loop
      vertex 113.65207390469142 7.760007623325727 3.2
      vertex 113.58059520526919 7.549438164979357 5.949999999999999
      vertex 113.65207390469142 7.760007623325727 5.949999999999999
    endloop
  endfacet
  facet normal -0.7518398074789678 0.6593458151000797 0
    outer loop
      vertex 113.35870067849511 7.165105570685185 3.2
      vertex 113.21208152801714 6.997918471982878 5.949999999999999
      vertex 113.35870067849511 7.165105570685185 5.949999999999999
    endloop
  endfacet
  facet normal -0.32143946530316087 0.9469301294951059 0
    outer loop
      vertex 112.66056183502066 6.629404794730824 3.2
      vertex 112.44999237667429 6.557926095308595 5.949999999999999
      vertex 112.66056183502066 6.629404794730824 5.949999999999999
    endloop
  endfacet
  facet normal -0.442288690219009 0.8968727415326844 0
    outer loop
      vertex 112.86 6.727756813566465 3.2
      vertex 112.66056183502066 6.629404794730824 5.949999999999999
      vertex 112.86 6.727756813566465 5.949999999999999
    endloop
  endfacet
  facet normal -0.5555702330195746 0.8314696123025637 0
    outer loop
      vertex 113.04489442931484 6.851299321504911 3.2
      vertex 112.86 6.727756813566465 5.949999999999999
      vertex 113.04489442931484 6.851299321504911 5.949999999999999
    endloop
  endfacet
  facet normal -0.6593458151000776 0.75183980747897 0
    outer loop
      vertex 113.21208152801714 6.997918471982878 3.2
      vertex 113.04489442931484 6.851299321504911 5.949999999999999
      vertex 113.21208152801714 6.997918471982878 5.949999999999999
    endloop
  endfacet
  facet normal -0.8968727415326908 0.4422886902189964 0
    outer loop
      vertex 113.58059520526919 7.549438164979357 3.2
      vertex 113.48224318643355 7.3500000000000085 5.949999999999999
      vertex 113.58059520526919 7.549438164979357 5.949999999999999
    endloop
  endfacet
  facet normal -0.8314696123025586 0.5555702330195821 0
    outer loop
      vertex 113.48224318643355 7.3500000000000085 3.2
      vertex 113.35870067849511 7.165105570685185 5.949999999999999
      vertex 113.48224318643355 7.3500000000000085 5.949999999999999
    endloop
  endfacet
  facet normal 0.8968727415326908 -0.4422886902189964 0
    outer loop
      vertex 110.53775681356646 9.050000000000011 3.2
      vertex 110.53775681356646 9.050000000000011 5.949999999999999
      vertex 110.43940479473082 8.850561835020663 3.2
    endloop
  endfacet
  facet normal 0.9469301294951059 -0.32143946530316087 0
    outer loop
      vertex 110.43940479473082 8.850561835020663 3.2
      vertex 110.43940479473082 8.850561835020663 5.949999999999999
      vertex 110.36792609530859 8.639992376674293 3.2
    endloop
  endfacet
  facet normal 0.32143946530316087 -0.9469301294951059 0
    outer loop
      vertex 111.57000762332572 9.842073904691425 3.2
      vertex 111.57000762332572 9.842073904691425 5.949999999999999
      vertex 111.35943816497935 9.770595205269196 3.2
    endloop
  endfacet
  facet normal 0.19509032201614218 -0.9807852804032277 0
    outer loop
      vertex 111.78810547322591 9.885456264335488 3.2
      vertex 111.78810547322591 9.885456264335488 5.949999999999999
      vertex 111.57000762332572 9.842073904691425 3.2
    endloop
  endfacet
  facet normal 0.06540312923015168 -0.9978589232386028 0
    outer loop
      vertex 112.01 9.900000000000013 3.2
      vertex 112.01 9.900000000000013 5.949999999999999
      vertex 111.78810547322591 9.885456264335488 3.2
    endloop
  endfacet
  facet normal -0.06540312923015168 -0.9978589232386028 0
    outer loop
      vertex 112.2318945267741 9.885456264335488 3.2
      vertex 112.2318945267741 9.885456264335488 5.949999999999999
      vertex 112.01 9.900000000000013 3.2
    endloop
  endfacet
  facet normal -0.19509032201614218 -0.9807852804032277 -7.505042040311862e-19
    outer loop
      vertex 112.2318945267741 9.885456264335488 3.2
      vertex 112.44999237667429 9.842073904691425 3.2
      vertex 112.44999237667429 9.842073904691425 5.949999999999999
    endloop
  endfacet
  facet normal 0.7518398074789995 -0.6593458151000436 0
    outer loop
      vertex 110.80791847198287 9.402081528017142 3.2
      vertex 110.80791847198287 9.402081528017142 5.949999999999999
      vertex 110.66129932150491 9.234894429314835 3.2
    endloop
  endfacet
  facet normal 0.6593458151000776 -0.75183980747897 0
    outer loop
      vertex 110.97510557068517 9.54870067849511 3.2
      vertex 110.97510557068517 9.54870067849511 5.949999999999999
      vertex 110.80791847198287 9.402081528017142 3.2
    endloop
  endfacet
  facet normal 0.5555702330195746 -0.8314696123025637 0
    outer loop
      vertex 111.16000000000001 9.672243186433555 3.2
      vertex 111.16000000000001 9.672243186433555 5.949999999999999
      vertex 110.97510557068517 9.54870067849511 3.2
    endloop
  endfacet
  facet normal 0.442288690219009 -0.8968727415326844 0
    outer loop
      vertex 111.35943816497935 9.770595205269196 3.2
      vertex 111.35943816497935 9.770595205269196 5.949999999999999
      vertex 111.16000000000001 9.672243186433555 3.2
    endloop
  endfacet
  facet normal 0.8314696123025291 -0.5555702330196263 0
    outer loop
      vertex 110.66129932150491 9.234894429314835 3.2
      vertex 110.66129932150491 9.234894429314835 5.949999999999999
      vertex 110.53775681356646 9.050000000000011 3.2
    endloop
  endfacet
  facet normal -0.32143946530316087 -0.9469301294951059 0
    outer loop
      vertex 112.66056183502066 9.770595205269196 3.2
      vertex 112.66056183502066 9.770595205269196 5.949999999999999
      vertex 112.44999237667429 9.842073904691425 3.2
    endloop
  endfacet
  facet normal -0.442288690219009 -0.8968727415326844 -1.7172455815007994e-18
    outer loop
      vertex 112.66056183502066 9.770595205269196 3.2
      vertex 112.86 9.672243186433555 3.2
      vertex 112.86 9.672243186433555 5.949999999999999
    endloop
  endfacet
  facet normal -0.5555702330195746 -0.8314696123025637 -1.846889183266622e-18
    outer loop
      vertex 112.86 9.672243186433555 3.2
      vertex 113.04489442931484 9.54870067849511 3.2
      vertex 113.04489442931484 9.54870067849511 5.949999999999999
    endloop
  endfacet
  facet normal -0.6593458151000776 -0.75183980747897 1.3931438688774746e-18
    outer loop
      vertex 113.04489442931484 9.54870067849511 3.2
      vertex 113.21208152801714 9.402081528017142 3.2
      vertex 113.21208152801714 9.402081528017142 5.949999999999999
    endloop
  endfacet
  facet normal -0.7518398074789678 -0.6593458151000797 -2.4375854591935668e-18
    outer loop
      vertex 113.21208152801714 9.402081528017142 3.2
      vertex 113.35870067849511 9.234894429314835 3.2
      vertex 113.35870067849511 9.234894429314835 5.949999999999999
    endloop
  endfacet
  facet normal -0.8314696123025586 -0.5555702330195821 2.089965178773854e-18
    outer loop
      vertex 113.35870067849511 9.234894429314835 3.2
      vertex 113.48224318643355 9.050000000000011 3.2
      vertex 113.48224318643355 9.050000000000011 5.949999999999999
    endloop
  endfacet
  facet normal -0.8968727415326908 -0.4422886902189964 1.5453809956559858e-18
    outer loop
      vertex 113.48224318643355 9.050000000000011 3.2
      vertex 113.58059520526919 8.850561835020663 3.2
      vertex 113.58059520526919 8.850561835020663 5.949999999999999
    endloop
  endfacet
  facet normal -0.9469301294951059 -0.32143946530316087 1.3401128923319555e-18
    outer loop
      vertex 113.58059520526919 8.850561835020663 3.2
      vertex 113.65207390469142 8.639992376674293 3.2
      vertex 113.65207390469142 8.639992376674293 5.949999999999999
    endloop
  endfacet
  facet normal 0.980785280403235 -0.19509032201610535 0
    outer loop
      vertex 110.36792609530859 8.639992376674293 3.2
      vertex 110.36792609530859 8.639992376674293 5.949999999999999
      vertex 110.32454373566453 8.421894526774096 3.2
    endloop
  endfacet
  facet normal 0.9978589232386007 -0.06540312923018558 0
    outer loop
      vertex 110.32454373566453 8.421894526774096 3.2
      vertex 110.32454373566453 8.421894526774096 5.949999999999999
      vertex 110.31 8.20000000000001 3.2
    endloop
  endfacet
  facet normal 0.9978589232386007 0.06540312923018558 0
    outer loop
      vertex 110.31 8.20000000000001 3.2
      vertex 110.31 8.20000000000001 5.949999999999999
      vertex 110.32454373566453 7.978105473225924 3.2
    endloop
  endfacet
  facet normal 0.980785280403235 0.19509032201610535 0
    outer loop
      vertex 110.32454373566453 7.978105473225924 3.2
      vertex 110.32454373566453 7.978105473225924 5.949999999999999
      vertex 110.36792609530859 7.760007623325727 3.2
    endloop
  endfacet
  facet normal 0.9469301294951059 0.32143946530316087 0
    outer loop
      vertex 110.36792609530859 7.760007623325727 3.2
      vertex 110.36792609530859 7.760007623325727 5.949999999999999
      vertex 110.43940479473082 7.549438164979357 3.2
    endloop
  endfacet
  facet normal 0.8968727415326908 0.4422886902189964 0
    outer loop
      vertex 110.43940479473082 7.549438164979357 3.2
      vertex 110.43940479473082 7.549438164979357 5.949999999999999
      vertex 110.53775681356646 7.3500000000000085 3.2
    endloop
  endfacet
  facet normal 0.8314696123025291 0.5555702330196263 0
    outer loop
      vertex 110.53775681356646 7.3500000000000085 3.2
      vertex 110.53775681356646 7.3500000000000085 5.949999999999999
      vertex 110.66129932150491 7.165105570685185 3.2
    endloop
  endfacet
  facet normal 0.7518398074789995 0.6593458151000436 2.0918790519347396e-18
    outer loop
      vertex 110.80791847198287 6.997918471982878 3.2
      vertex 110.66129932150491 7.165105570685185 3.2
      vertex 110.66129932150491 7.165105570685185 5.949999999999999
    endloop
  endfacet
  facet normal 0.6593458151000776 0.75183980747897 0
    outer loop
      vertex 110.80791847198287 6.997918471982878 3.2
      vertex 110.80791847198287 6.997918471982878 5.949999999999999
      vertex 110.97510557068517 6.851299321504911 3.2
    endloop
  endfacet
  facet normal 0.5555702330195746 0.8314696123025637 0
    outer loop
      vertex 110.97510557068517 6.851299321504911 3.2
      vertex 110.97510557068517 6.851299321504911 5.949999999999999
      vertex 111.16000000000001 6.727756813566465 3.2
    endloop
  endfacet
  facet normal 0.442288690219009 0.8968727415326844 -1.7172455815007994e-18
    outer loop
      vertex 111.35943816497935 6.629404794730824 3.2
      vertex 111.16000000000001 6.727756813566465 3.2
      vertex 111.16000000000001 6.727756813566465 5.949999999999999
    endloop
  endfacet
  facet normal 0.32143946530316087 0.9469301294951059 1.3401128923319555e-18
    outer loop
      vertex 111.57000762332572 6.557926095308595 3.2
      vertex 111.35943816497935 6.629404794730824 3.2
      vertex 111.35943816497935 6.629404794730824 5.949999999999999
    endloop
  endfacet
  facet normal 0.19509032201614218 0.9807852804032277 -7.505042040311862e-19
    outer loop
      vertex 111.78810547322591 6.514543735664532 3.2
      vertex 111.57000762332572 6.557926095308595 3.2
      vertex 111.57000762332572 6.557926095308595 5.949999999999999
    endloop
  endfacet
  facet normal 0.06540312923015168 0.9978589232386028 2.383929976006378e-19
    outer loop
      vertex 112.01 6.500000000000007 3.2
      vertex 111.78810547322591 6.514543735664532 3.2
      vertex 111.78810547322591 6.514543735664532 5.949999999999999
    endloop
  endfacet
  facet normal -0.06540312923015168 0.9978589232386028 -2.383929976006378e-19
    outer loop
      vertex 112.2318945267741 6.514543735664532 3.2
      vertex 112.01 6.500000000000007 3.2
      vertex 112.01 6.500000000000007 5.949999999999999
    endloop
  endfacet
  facet normal -0.19509032201614218 0.9807852804032277 7.505042040311862e-19
    outer loop
      vertex 112.44999237667429 6.557926095308595 3.2
      vertex 112.2318945267741 6.514543735664532 3.2
      vertex 112.2318945267741 6.514543735664532 5.949999999999999
    endloop
  endfacet
  facet normal -0.980785280403235 -0.19509032201610535 1.049829839808889e-18
    outer loop
      vertex 113.65207390469142 8.639992376674293 3.2
      vertex 113.69545626433548 8.421894526774096 3.2
      vertex 113.69545626433548 8.421894526774096 5.949999999999999
    endloop
  endfacet
  facet normal -0.9978589232386007 -0.06540312923018558 7.147789983101584e-20
    outer loop
      vertex 113.69545626433548 8.421894526774096 3.2
      vertex 113.71000000000001 8.20000000000001 3.2
      vertex 113.71000000000001 8.20000000000001 5.949999999999999
    endloop
  endfacet
  facet normal -0.9978589232386007 0.06540312923018558 -7.147789983101584e-20
    outer loop
      vertex 113.71000000000001 8.20000000000001 3.2
      vertex 113.69545626433548 7.978105473225924 3.2
      vertex 113.69545626433548 7.978105473225924 5.949999999999999
    endloop
  endfacet
  facet normal -0.980785280403235 0.19509032201610535 -1.049829839808889e-18
    outer loop
      vertex 113.69545626433548 7.978105473225924 3.2
      vertex 113.65207390469142 7.760007623325727 3.2
      vertex 113.65207390469142 7.760007623325727 5.949999999999999
    endloop
  endfacet
  facet normal -0.32143946530316087 0.9469301294951059 -1.3401128923319555e-18
    outer loop
      vertex 112.66056183502066 6.629404794730824 3.2
      vertex 112.44999237667429 6.557926095308595 3.2
      vertex 112.44999237667429 6.557926095308595 5.949999999999999
    endloop
  endfacet
  facet normal -0.442288690219009 0.8968727415326844 1.7172455815007994e-18
    outer loop
      vertex 112.86 6.727756813566465 3.2
      vertex 112.66056183502066 6.629404794730824 3.2
      vertex 112.66056183502066 6.629404794730824 5.949999999999999
    endloop
  endfacet
  facet normal -0.6593458151000776 0.75183980747897 -1.3931438688774746e-18
    outer loop
      vertex 113.21208152801714 6.997918471982878 3.2
      vertex 113.04489442931484 6.851299321504911 3.2
      vertex 113.04489442931484 6.851299321504911 5.949999999999999
    endloop
  endfacet
  facet normal -0.7518398074789678 0.6593458151000797 2.4375854591935668e-18
    outer loop
      vertex 113.35870067849511 7.165105570685185 3.2
      vertex 113.21208152801714 6.997918471982878 3.2
      vertex 113.21208152801714 6.997918471982878 5.949999999999999
    endloop
  endfacet
  facet normal -0.5555702330195746 0.8314696123025637 1.846889183266622e-18
    outer loop
      vertex 113.04489442931484 6.851299321504911 3.2
      vertex 112.86 6.727756813566465 3.2
      vertex 112.86 6.727756813566465 5.949999999999999
    endloop
  endfacet
  facet normal -0.8968727415326908 0.4422886902189964 -1.5453809956559858e-18
    outer loop
      vertex 113.58059520526919 7.549438164979357 3.2
      vertex 113.48224318643355 7.3500000000000085 3.2
      vertex 113.48224318643355 7.3500000000000085 5.949999999999999
    endloop
  endfacet
  facet normal -0.9469301294951059 0.32143946530316087 -1.3401128923319555e-18
    outer loop
      vertex 113.65207390469142 7.760007623325727 3.2
      vertex 113.58059520526919 7.549438164979357 3.2
      vertex 113.58059520526919 7.549438164979357 5.949999999999999
    endloop
  endfacet
  facet normal -0.8314696123025586 0.5555702330195821 -2.089965178773854e-18
    outer loop
      vertex 113.48224318643355 7.3500000000000085 3.2
      vertex 113.35870067849511 7.165105570685185 3.2
      vertex 113.35870067849511 7.165105570685185 5.949999999999999
    endloop
  endfacet
  facet normal 0 0 -1
    outer loop
      vertex 111.23354286469244 11.097777478867215 3.2
      vertex 112.01 11.20000000000001 3.2
      vertex 110.86194970290474 10.971638597533868 3.2
    endloop
  endfacet
  facet normal 0 0 -1
    outer loop
      vertex 110.86194970290474 10.971638597533868 3.2
      vertex 112.78645713530757 11.097777478867215 3.2
      vertex 110.51 10.798076211353326 3.2
    endloop
  endfacet
  facet normal 0 0 -1
    outer loop
      vertex 111.23354286469244 11.097777478867215 3.2
      vertex 111.61842142333985 11.17433458412144 3.2
      vertex 112.01 11.20000000000001 3.2
    endloop
  endfacet
  facet normal 0 0 -1
    outer loop
      vertex 112.40157857666016 11.17433458412144 3.2
      vertex 110.86194970290474 10.971638597533868 3.2
      vertex 112.01 11.20000000000001 3.2
    endloop
  endfacet
  facet normal 0 0 -1
    outer loop
      vertex 112.78645713530757 11.097777478867215 3.2
      vertex 110.86194970290474 10.971638597533868 3.2
      vertex 112.40157857666016 11.17433458412144 3.2
    endloop
  endfacet
  facet normal 0 0 -1
    outer loop
      vertex 113.15805029709527 10.971638597533868 3.2
      vertex 110.51 10.798076211353326 3.2
      vertex 112.78645713530757 11.097777478867215 3.2
    endloop
  endfacet
  facet normal 0 0 -1
    outer loop
      vertex 110.36792609530859 8.639992376674293 3.2
      vertex 109.03566541587857 8.591578576660162 3.2
      vertex 109.1122225211328 8.97645713530757 3.2
    endloop
  endfacet
  facet normal 0 0 -1
    outer loop
      vertex 110.80791847198287 9.402081528017142 3.2
      vertex 109.41192378864669 9.70000000000001 3.2
      vertex 109.6299399791263 10.026284287026172 3.2
    endloop
  endfacet
  facet normal 0 0 -1
    outer loop
      vertex 110.80791847198287 9.402081528017142 3.2
      vertex 109.23836140246614 9.348050297095277 3.2
      vertex 109.41192378864669 9.70000000000001 3.2
    endloop
  endfacet
  facet normal 0 0 -1
    outer loop
      vertex 110.97510557068517 9.54870067849511 3.2
      vertex 110.80791847198287 9.402081528017142 3.2
      vertex 109.6299399791263 10.026284287026172 3.2
    endloop
  endfacet
  facet normal 0 0 -1
    outer loop
      vertex 110.80791847198287 9.402081528017142 3.2
      vertex 110.66129932150491 9.234894429314835 3.2
      vertex 109.23836140246614 9.348050297095277 3.2
    endloop
  endfacet
  facet normal 0 0 -1
    outer loop
      vertex 110.53775681356646 9.050000000000011 3.2
      vertex 109.1122225211328 8.97645713530757 3.2
      vertex 109.23836140246614 9.348050297095277 3.2
    endloop
  endfacet
  facet normal 0 0 -1
    outer loop
      vertex 110.53775681356646 9.050000000000011 3.2
      vertex 110.43940479473082 8.850561835020663 3.2
      vertex 109.1122225211328 8.97645713530757 3.2
    endloop
  endfacet
  facet normal 0 0 -1
    outer loop
      vertex 110.43940479473082 8.850561835020663 3.2
      vertex 110.36792609530859 8.639992376674293 3.2
      vertex 109.1122225211328 8.97645713530757 3.2
    endloop
  endfacet
  facet normal 0 0 -1
    outer loop
      vertex 110.66129932150491 9.234894429314835 3.2
      vertex 110.53775681356646 9.050000000000011 3.2
      vertex 109.23836140246614 9.348050297095277 3.2
    endloop
  endfacet
  facet normal 0 0 -1
    outer loop
      vertex 110.51 10.798076211353326 3.2
      vertex 113.15805029709527 10.971638597533868 3.2
      vertex 110.18371571297385 10.580060020873717 3.2
    endloop
  endfacet
  facet normal 0 0 -1
    outer loop
      vertex 110.18371571297385 10.580060020873717 3.2
      vertex 113.51 10.798076211353326 3.2
      vertex 109.88867965644036 10.321320343559655 3.2
    endloop
  endfacet
  facet normal 0 0 -1
    outer loop
      vertex 111.35943816497935 9.770595205269196 3.2
      vertex 111.16000000000001 9.672243186433555 3.2
      vertex 109.6299399791263 10.026284287026172 3.2
    endloop
  endfacet
  facet normal 0 0 -1
    outer loop
      vertex 111.57000762332572 9.842073904691425 3.2
      vertex 111.35943816497935 9.770595205269196 3.2
      vertex 109.6299399791263 10.026284287026172 3.2
    endloop
  endfacet
  facet normal 0 0 -1
    outer loop
      vertex 111.78810547322591 9.885456264335488 3.2
      vertex 111.57000762332572 9.842073904691425 3.2
      vertex 109.6299399791263 10.026284287026172 3.2
    endloop
  endfacet
  facet normal 0 0 -1
    outer loop
      vertex 109.88867965644036 10.321320343559655 3.2
      vertex 113.83628428702616 10.580060020873717 3.2
      vertex 109.6299399791263 10.026284287026172 3.2
    endloop
  endfacet
  facet normal 0 0 -1
    outer loop
      vertex 112.01 9.900000000000013 3.2
      vertex 111.78810547322591 9.885456264335488 3.2
      vertex 109.6299399791263 10.026284287026172 3.2
    endloop
  endfacet
  facet normal 0 0 -1
    outer loop
      vertex 113.51 10.798076211353326 3.2
      vertex 110.18371571297385 10.580060020873717 3.2
      vertex 113.15805029709527 10.971638597533868 3.2
    endloop
  endfacet
  facet normal 0 0 -1
    outer loop
      vertex 113.83628428702616 10.580060020873717 3.2
      vertex 109.88867965644036 10.321320343559655 3.2
      vertex 113.51 10.798076211353326 3.2
    endloop
  endfacet
  facet normal 0 0 -1
    outer loop
      vertex 112.01 9.900000000000013 3.2
      vertex 109.6299399791263 10.026284287026172 3.2
      vertex 114.13132034355965 10.321320343559655 3.2
    endloop
  endfacet
  facet normal 0 0 -1
    outer loop
      vertex 111.16000000000001 9.672243186433555 3.2
      vertex 110.97510557068517 9.54870067849511 3.2
      vertex 109.6299399791263 10.026284287026172 3.2
    endloop
  endfacet
  facet normal 0 0 -1
    outer loop
      vertex 114.13132034355965 10.321320343559655 3.2
      vertex 109.6299399791263 10.026284287026172 3.2
      vertex 113.83628428702616 10.580060020873717 3.2
    endloop
  endfacet
  facet normal 0 0 -1
    outer loop
      vertex 112.2318945267741 9.885456264335488 3.2
      vertex 112.01 9.900000000000013 3.2
      vertex 114.13132034355965 10.321320343559655 3.2
    endloop
  endfacet
  facet normal 0 0 -1
    outer loop
      vertex 112.2318945267741 9.885456264335488 3.2
      vertex 114.13132034355965 10.321320343559655 3.2
      vertex 112.44999237667429 9.842073904691425 3.2
    endloop
  endfacet
  facet normal 0 0 -1
    outer loop
      vertex 112.66056183502066 9.770595205269196 3.2
      vertex 112.44999237667429 9.842073904691425 3.2
      vertex 114.13132034355965 10.321320343559655 3.2
    endloop
  endfacet
  facet normal 0 0 -1
    outer loop
      vertex 112.66056183502066 9.770595205269196 3.2
      vertex 114.3900600208737 10.026284287026172 3.2
      vertex 112.86 9.672243186433555 3.2
    endloop
  endfacet
  facet normal 0 0 -1
    outer loop
      vertex 112.66056183502066 9.770595205269196 3.2
      vertex 114.13132034355965 10.321320343559655 3.2
      vertex 114.3900600208737 10.026284287026172 3.2
    endloop
  endfacet
  facet normal 0 0 -1
    outer loop
      vertex 112.86 9.672243186433555 3.2
      vertex 114.3900600208737 10.026284287026172 3.2
      vertex 113.04489442931484 9.54870067849511 3.2
    endloop
  endfacet
  facet normal 0 0 -1
    outer loop
      vertex 113.04489442931484 9.54870067849511 3.2
      vertex 114.3900600208737 10.026284287026172 3.2
      vertex 113.21208152801714 9.402081528017142 3.2
    endloop
  endfacet
  facet normal 0 0 -1
    outer loop
      vertex 113.21208152801714 9.402081528017142 3.2
      vertex 114.60807621135332 9.70000000000001 3.2
      vertex 113.35870067849511 9.234894429314835 3.2
    endloop
  endfacet
  facet normal 0 0 -1
    outer loop
      vertex 113.35870067849511 9.234894429314835 3.2
      vertex 114.60807621135332 9.70000000000001 3.2
      vertex 113.48224318643355 9.050000000000011 3.2
    endloop
  endfacet
  facet normal 0 0 -1
    outer loop
      vertex 113.21208152801714 9.402081528017142 3.2
      vertex 114.3900600208737 10.026284287026172 3.2
      vertex 114.60807621135332 9.70000000000001 3.2
    endloop
  endfacet
  facet normal 0 0 -1
    outer loop
      vertex 113.48224318643355 9.050000000000011 3.2
      vertex 114.78163859753387 9.348050297095277 3.2
      vertex 113.58059520526919 8.850561835020663 3.2
    endloop
  endfacet
  facet normal 0 0 -1
    outer loop
      vertex 113.58059520526919 8.850561835020663 3.2
      vertex 114.78163859753387 9.348050297095277 3.2
      vertex 113.65207390469142 8.639992376674293 3.2
    endloop
  endfacet
  facet normal 0 0 -1
    outer loop
      vertex 113.48224318643355 9.050000000000011 3.2
      vertex 114.60807621135332 9.70000000000001 3.2
      vertex 114.78163859753387 9.348050297095277 3.2
    endloop
  endfacet
  facet normal 0 0 -1
    outer loop
      vertex 113.65207390469142 8.639992376674293 3.2
      vertex 114.78163859753387 9.348050297095277 3.2
      vertex 114.90777747886722 8.976457135307577 3.2
    endloop
  endfacet
  facet normal 0 0 -1
    outer loop
      vertex 110.32454373566453 8.421894526774096 3.2
      vertex 109.01 8.20000000000001 3.2
      vertex 109.03566541587857 8.591578576660162 3.2
    endloop
  endfacet
  facet normal 0 0 -1
    outer loop
      vertex 110.31 8.20000000000001 3.2
      vertex 109.03566541587857 7.808421423339851 3.2
      vertex 109.01 8.20000000000001 3.2
    endloop
  endfacet
  facet normal 0 0 -1
    outer loop
      vertex 110.32454373566453 7.978105473225924 3.2
      vertex 109.1122225211328 7.423542864692443 3.2
      vertex 109.03566541587857 7.808421423339851 3.2
    endloop
  endfacet
  facet normal 0 0 -1
    outer loop
      vertex 110.36792609530859 8.639992376674293 3.2
      vertex 110.32454373566453 8.421894526774096 3.2
      vertex 109.03566541587857 8.591578576660162 3.2
    endloop
  endfacet
  facet normal 0 0 -1
    outer loop
      vertex 110.32454373566453 8.421894526774096 3.2
      vertex 110.31 8.20000000000001 3.2
      vertex 109.01 8.20000000000001 3.2
    endloop
  endfacet
  facet normal 0 0 -1
    outer loop
      vertex 110.31 8.20000000000001 3.2
      vertex 110.32454373566453 7.978105473225924 3.2
      vertex 109.03566541587857 7.808421423339851 3.2
    endloop
  endfacet
  facet normal 0 0 -1
    outer loop
      vertex 110.32454373566453 7.978105473225924 3.2
      vertex 110.36792609530859 7.760007623325727 3.2
      vertex 109.1122225211328 7.423542864692443 3.2
    endloop
  endfacet
  facet normal 0 0 -1
    outer loop
      vertex 110.36792609530859 7.760007623325727 3.2
      vertex 109.23836140246614 7.051949702904743 3.2
      vertex 109.1122225211328 7.423542864692443 3.2
    endloop
  endfacet
  facet normal 0 0 -1
    outer loop
      vertex 110.36792609530859 7.760007623325727 3.2
      vertex 110.43940479473082 7.549438164979357 3.2
      vertex 109.23836140246614 7.051949702904743 3.2
    endloop
  endfacet
  facet normal 0 0 -1
    outer loop
      vertex 110.43940479473082 7.549438164979357 3.2
      vertex 110.53775681356646 7.3500000000000085 3.2
      vertex 109.23836140246614 7.051949702904743 3.2
    endloop
  endfacet
  facet normal 0 0 -1
    outer loop
      vertex 110.53775681356646 7.3500000000000085 3.2
      vertex 109.41192378864669 6.70000000000001 3.2
      vertex 109.23836140246614 7.051949702904743 3.2
    endloop
  endfacet
  facet normal 0 0 -1
    outer loop
      vertex 110.80791847198287 6.997918471982878 3.2
      vertex 109.6299399791263 6.373715712973848 3.2
      vertex 109.41192378864669 6.70000000000001 3.2
    endloop
  endfacet
  facet normal 0 0 -1
    outer loop
      vertex 110.53775681356646 7.3500000000000085 3.2
      vertex 110.66129932150491 7.165105570685185 3.2
      vertex 109.41192378864669 6.70000000000001 3.2
    endloop
  endfacet
  facet normal 0 0 -1
    outer loop
      vertex 110.80791847198287 6.997918471982878 3.2
      vertex 109.41192378864669 6.70000000000001 3.2
      vertex 110.66129932150491 7.165105570685185 3.2
    endloop
  endfacet
  facet normal 0 0 -1
    outer loop
      vertex 110.80791847198287 6.997918471982878 3.2
      vertex 110.97510557068517 6.851299321504911 3.2
      vertex 109.6299399791263 6.373715712973848 3.2
    endloop
  endfacet
  facet normal 0 0 -1
    outer loop
      vertex 110.97510557068517 6.851299321504911 3.2
      vertex 111.16000000000001 6.727756813566465 3.2
      vertex 109.6299399791263 6.373715712973848 3.2
    endloop
  endfacet
  facet normal 0 0 -1
    outer loop
      vertex 111.35943816497935 6.629404794730824 3.2
      vertex 109.6299399791263 6.373715712973848 3.2
      vertex 111.16000000000001 6.727756813566465 3.2
    endloop
  endfacet
  facet normal 0 0 -1
    outer loop
      vertex 111.35943816497935 6.629404794730824 3.2
      vertex 109.88867965644036 6.0786796564403645 3.2
      vertex 109.6299399791263 6.373715712973848 3.2
    endloop
  endfacet
  facet normal 0 0 -1
    outer loop
      vertex 111.57000762332572 6.557926095308595 3.2
      vertex 109.88867965644036 6.0786796564403645 3.2
      vertex 111.35943816497935 6.629404794730824 3.2
    endloop
  endfacet
  facet normal 0 0 -1
    outer loop
      vertex 111.78810547322591 6.514543735664532 3.2
      vertex 109.88867965644036 6.0786796564403645 3.2
      vertex 111.57000762332572 6.557926095308595 3.2
    endloop
  endfacet
  facet normal 0 0 -1
    outer loop
      vertex 112.01 6.500000000000007 3.2
      vertex 109.88867965644036 6.0786796564403645 3.2
      vertex 111.78810547322591 6.514543735664532 3.2
    endloop
  endfacet
  facet normal 0 0 -1
    outer loop
      vertex 109.88867965644036 6.0786796564403645 3.2
      vertex 114.3900600208737 6.373715712973848 3.2
      vertex 110.18371571297385 5.819939979126303 3.2
    endloop
  endfacet
  facet normal 0 0 -1
    outer loop
      vertex 112.01 6.500000000000007 3.2
      vertex 114.3900600208737 6.373715712973848 3.2
      vertex 109.88867965644036 6.0786796564403645 3.2
    endloop
  endfacet
  facet normal 0 0 -1
    outer loop
      vertex 110.18371571297385 5.819939979126303 3.2
      vertex 114.13132034355965 6.0786796564403645 3.2
      vertex 110.51 5.601923788646687 3.2
    endloop
  endfacet
  facet normal 0 0 -1
    outer loop
      vertex 110.51 5.601923788646687 3.2
      vertex 113.83628428702616 5.819939979126303 3.2
      vertex 110.86194970290474 5.428361402466152 3.2
    endloop
  endfacet
  facet normal 0 0 -1
    outer loop
      vertex 110.86194970290474 5.428361402466152 3.2
      vertex 113.51 5.601923788646687 3.2
      vertex 111.23354286469244 5.302222521132805 3.2
    endloop
  endfacet
  facet normal 0 0 -1
    outer loop
      vertex 111.23354286469244 5.302222521132805 3.2
      vertex 113.15805029709527 5.428361402466152 3.2
      vertex 111.61842142333985 5.225665415878581 3.2
    endloop
  endfacet
  facet normal 0 0 -1
    outer loop
      vertex 111.61842142333985 5.225665415878581 3.2
      vertex 113.15805029709527 5.428361402466152 3.2
      vertex 112.01 5.200000000000003 3.2
    endloop
  endfacet
  facet normal 0 0 -1
    outer loop
      vertex 112.78645713530757 5.302222521132805 3.2
      vertex 112.40157857666016 5.225665415878581 3.2
      vertex 112.01 5.200000000000003 3.2
    endloop
  endfacet
  facet normal 0 0 -1
    outer loop
      vertex 113.65207390469142 8.639992376674293 3.2
      vertex 114.90777747886722 8.976457135307577 3.2
      vertex 113.69545626433548 8.421894526774096 3.2
    endloop
  endfacet
  facet normal 0 0 -1
    outer loop
      vertex 113.69545626433548 8.421894526774096 3.2
      vertex 114.98433458412144 8.591578576660169 3.2
      vertex 113.71000000000001 8.20000000000001 3.2
    endloop
  endfacet
  facet normal 0 0 -1
    outer loop
      vertex 113.71000000000001 8.20000000000001 3.2
      vertex 115.01 8.20000000000001 3.2
      vertex 113.69545626433548 7.978105473225924 3.2
    endloop
  endfacet
  facet normal 0 0 -1
    outer loop
      vertex 113.69545626433548 7.978105473225924 3.2
      vertex 114.98433458412144 7.808421423339858 3.2
      vertex 113.65207390469142 7.760007623325727 3.2
    endloop
  endfacet
  facet normal 0 0 -1
    outer loop
      vertex 112.86 6.727756813566465 3.2
      vertex 114.3900600208737 6.373715712973848 3.2
      vertex 112.66056183502066 6.629404794730824 3.2
    endloop
  endfacet
  facet normal 0 0 -1
    outer loop
      vertex 113.65207390469142 7.760007623325727 3.2
      vertex 114.90777747886722 7.42354286469245 3.2
      vertex 113.58059520526919 7.549438164979357 3.2
    endloop
  endfacet
  facet normal 0 0 -1
    outer loop
      vertex 113.58059520526919 7.549438164979357 3.2
      vertex 114.90777747886722 7.42354286469245 3.2
      vertex 113.48224318643355 7.3500000000000085 3.2
    endloop
  endfacet
  facet normal 0 0 -1
    outer loop
      vertex 113.48224318643355 7.3500000000000085 3.2
      vertex 114.78163859753387 7.051949702904743 3.2
      vertex 113.35870067849511 7.165105570685185 3.2
    endloop
  endfacet
  facet normal 0 0 -1
    outer loop
      vertex 113.35870067849511 7.165105570685185 3.2
      vertex 114.78163859753387 7.051949702904743 3.2
      vertex 113.21208152801714 6.997918471982878 3.2
    endloop
  endfacet
  facet normal 0 0 -1
    outer loop
      vertex 113.21208152801714 6.997918471982878 3.2
      vertex 114.3900600208737 6.373715712973848 3.2
      vertex 113.04489442931484 6.851299321504911 3.2
    endloop
  endfacet
  facet normal 0 0 -1
    outer loop
      vertex 113.04489442931484 6.851299321504911 3.2
      vertex 114.3900600208737 6.373715712973848 3.2
      vertex 112.86 6.727756813566465 3.2
    endloop
  endfacet
  facet normal 0 0 -1
    outer loop
      vertex 113.21208152801714 6.997918471982878 3.2
      vertex 114.78163859753387 7.051949702904743 3.2
      vertex 114.60807621135332 6.70000000000001 3.2
    endloop
  endfacet
  facet normal 0 0 -1
    outer loop
      vertex 113.21208152801714 6.997918471982878 3.2
      vertex 114.60807621135332 6.70000000000001 3.2
      vertex 114.3900600208737 6.373715712973848 3.2
    endloop
  endfacet
  facet normal 0 0 -1
    outer loop
      vertex 113.69545626433548 8.421894526774096 3.2
      vertex 114.90777747886722 8.976457135307577 3.2
      vertex 114.98433458412144 8.591578576660169 3.2
    endloop
  endfacet
  facet normal 0 0 -1
    outer loop
      vertex 113.71000000000001 8.20000000000001 3.2
      vertex 114.98433458412144 8.591578576660169 3.2
      vertex 115.01 8.20000000000001 3.2
    endloop
  endfacet
  facet normal 0 0 -1
    outer loop
      vertex 113.69545626433548 7.978105473225924 3.2
      vertex 115.01 8.20000000000001 3.2
      vertex 114.98433458412144 7.808421423339858 3.2
    endloop
  endfacet
  facet normal 0 0 -1
    outer loop
      vertex 113.65207390469142 7.760007623325727 3.2
      vertex 114.98433458412144 7.808421423339858 3.2
      vertex 114.90777747886722 7.42354286469245 3.2
    endloop
  endfacet
  facet normal 0 0 -1
    outer loop
      vertex 113.48224318643355 7.3500000000000085 3.2
      vertex 114.90777747886722 7.42354286469245 3.2
      vertex 114.78163859753387 7.051949702904743 3.2
    endloop
  endfacet
  facet normal 0 0 -1
    outer loop
      vertex 112.2318945267741 6.514543735664532 3.2
      vertex 114.3900600208737 6.373715712973848 3.2
      vertex 112.01 6.500000000000007 3.2
    endloop
  endfacet
  facet normal 0 0 -1
    outer loop
      vertex 112.44999237667429 6.557926095308595 3.2
      vertex 114.3900600208737 6.373715712973848 3.2
      vertex 112.2318945267741 6.514543735664532 3.2
    endloop
  endfacet
  facet normal 0 0 -1
    outer loop
      vertex 112.66056183502066 6.629404794730824 3.2
      vertex 114.3900600208737 6.373715712973848 3.2
      vertex 112.44999237667429 6.557926095308595 3.2
    endloop
  endfacet
  facet normal 0 0 -1
    outer loop
      vertex 114.13132034355965 6.0786796564403645 3.2
      vertex 110.18371571297385 5.819939979126303 3.2
      vertex 114.3900600208737 6.373715712973848 3.2
    endloop
  endfacet
  facet normal 0 0 -1
    outer loop
      vertex 113.83628428702616 5.819939979126303 3.2
      vertex 110.51 5.601923788646687 3.2
      vertex 114.13132034355965 6.0786796564403645 3.2
    endloop
  endfacet
  facet normal 0 0 -1
    outer loop
      vertex 113.15805029709527 5.428361402466152 3.2
      vertex 111.23354286469244 5.302222521132805 3.2
      vertex 113.51 5.601923788646687 3.2
    endloop
  endfacet
  facet normal 0 0 -1
    outer loop
      vertex 113.51 5.601923788646687 3.2
      vertex 110.86194970290474 5.428361402466152 3.2
      vertex 113.83628428702616 5.819939979126303 3.2
    endloop
  endfacet
  facet normal 0 0 -1
    outer loop
      vertex 112.78645713530757 5.302222521132805 3.2
      vertex 112.01 5.200000000000003 3.2
      vertex 113.15805029709527 5.428361402466152 3.2
    endloop
  endfacet
  facet normal 0.44228869021900924 -0.8968727415326845 2.2053952431579777e-18
    outer loop
      vertex 110.82368135966823 11.064026550785002 1.5999999999999996
      vertex 110.46000000000001 10.88467875173177 1.5999999999999996
      vertex 110.46000000000001 10.88467875173177 0
    endloop
  endfacet
  facet normal 0.32143946530315565 -0.9469301294951077 1.6081473459592788e-18
    outer loop
      vertex 111.2076609601822 11.194370061496123 1.5999999999999996
      vertex 110.82368135966823 11.064026550785002 1.5999999999999996
      vertex 110.82368135966823 11.064026550785002 0
    endloop
  endfacet
  facet normal 0.19509032201612891 -0.9807852804032303 -2.4127556213675503e-19
    outer loop
      vertex 111.60536880411784 11.273479070258823 1.5999999999999996
      vertex 111.2076609601822 11.194370061496123 1.5999999999999996
      vertex 111.2076609601822 11.194370061496123 0
    endloop
  endfacet
  facet normal 0.06540312923014509 -0.9978589232386035 -2.2828282743316923e-19
    outer loop
      vertex 112.01 11.300000000000011 1.5999999999999996
      vertex 111.60536880411784 11.273479070258823 1.5999999999999996
      vertex 111.60536880411784 11.273479070258823 0
    endloop
  endfacet
  facet normal -0.06540312923014509 -0.9978589232386035 0
    outer loop
      vertex 112.01 11.300000000000011 0
      vertex 112.41463119588217 11.273479070258823 1.5999999999999996
      vertex 112.01 11.300000000000011 1.5999999999999996
    endloop
  endfacet
  facet normal 0.8314696123025358 -0.5555702330196163 0
    outer loop
      vertex 109.32532124826824 9.750000000000007 0
      vertex 109.55060464509718 10.087160429927046 1.5999999999999996
      vertex 109.32532124826824 9.750000000000007 1.5999999999999996
    endloop
  endfacet
  facet normal 0.6593458151000678 -0.7518398074789784 -7.388796680319813e-18
    outer loop
      vertex 110.12283957007297 10.659395354902841 1.5999999999999996
      vertex 109.8179689783217 10.392031021678307 1.5999999999999996
      vertex 109.8179689783217 10.392031021678307 0
    endloop
  endfacet
  facet normal 0.5555702330195921 -0.831469612302552 6.724326201917814e-18
    outer loop
      vertex 110.46000000000001 10.88467875173177 1.5999999999999996
      vertex 110.12283957007297 10.659395354902841 1.5999999999999996
      vertex 110.12283957007297 10.659395354902841 0
    endloop
  endfacet
  facet normal 0.751839807478988 -0.6593458151000567 -9.057739259550815e-18
    outer loop
      vertex 109.8179689783217 10.392031021678307 1.5999999999999996
      vertex 109.55060464509718 10.087160429927046 1.5999999999999996
      vertex 109.55060464509718 10.087160429927046 0
    endloop
  endfacet
  facet normal 0.8968727415326984 -0.44228869021898104 0
    outer loop
      vertex 109.14597344921502 9.386318640331787 0
      vertex 109.32532124826824 9.750000000000007 1.5999999999999996
      vertex 109.14597344921502 9.386318640331787 1.5999999999999996
    endloop
  endfacet
  facet normal 0.9469301294951006 -0.3214394653031767 -1.3505556293621368e-18
    outer loop
      vertex 109.14597344921502 9.386318640331787 1.5999999999999996
      vertex 109.01562993850389 9.002339039817826 1.5999999999999996
      vertex 109.01562993850389 9.002339039817826 0
    endloop
  endfacet
  facet normal 0.980785280403231 -0.19509032201612556 0
    outer loop
      vertex 108.93652092974119 8.60463119588217 1.5999999999999996
      vertex 108.93652092974119 8.60463119588217 0
      vertex 109.01562993850389 9.002339039817826 1.5999999999999996
    endloop
  endfacet
  facet normal -0.19509032201612891 -0.9807852804032303 0
    outer loop
      vertex 112.41463119588217 11.273479070258823 0
      vertex 112.81233903981781 11.194370061496123 1.5999999999999996
      vertex 112.41463119588217 11.273479070258823 1.5999999999999996
    endloop
  endfacet
  facet normal -0.32143946530315565 -0.9469301294951077 0
    outer loop
      vertex 112.81233903981781 11.194370061496123 0
      vertex 113.19631864033178 11.064026550785002 1.5999999999999996
      vertex 112.81233903981781 11.194370061496123 1.5999999999999996
    endloop
  endfacet
  facet normal -0.44228869021900924 -0.8968727415326845 0
    outer loop
      vertex 113.19631864033178 11.064026550785002 0
      vertex 113.56 10.88467875173177 1.5999999999999996
      vertex 113.19631864033178 11.064026550785002 1.5999999999999996
    endloop
  endfacet
  facet normal -0.5555702330195921 -0.831469612302552 0
    outer loop
      vertex 113.56 10.88467875173177 0
      vertex 113.89716042992704 10.659395354902841 1.5999999999999996
      vertex 113.56 10.88467875173177 1.5999999999999996
    endloop
  endfacet
  facet normal -0.6593458151000678 -0.7518398074789784 0
    outer loop
      vertex 113.89716042992704 10.659395354902841 0
      vertex 114.20203102167831 10.392031021678307 1.5999999999999996
      vertex 113.89716042992704 10.659395354902841 1.5999999999999996
    endloop
  endfacet
  facet normal -0.751839807478988 -0.6593458151000567 9.057739259550815e-18
    outer loop
      vertex 114.46939535490283 10.087160429927046 1.5999999999999996
      vertex 114.20203102167831 10.392031021678307 1.5999999999999996
      vertex 114.20203102167831 10.392031021678307 0
    endloop
  endfacet
  facet normal -0.8314696123025358 -0.5555702330196163 0
    outer loop
      vertex 114.46939535490283 10.087160429927046 0
      vertex 114.69467875173177 9.750000000000007 1.5999999999999996
      vertex 114.46939535490283 10.087160429927046 1.5999999999999996
    endloop
  endfacet
  facet normal -0.8968727415326984 -0.44228869021898104 0
    outer loop
      vertex 114.69467875173177 9.750000000000007 0
      vertex 114.87402655078499 9.386318640331787 1.5999999999999996
      vertex 114.69467875173177 9.750000000000007 1.5999999999999996
    endloop
  endfacet
  facet normal -0.9469301294951006 -0.3214394653031767 1.3505556293621368e-18
    outer loop
      vertex 115.00437006149612 9.002339039817826 1.5999999999999996
      vertex 114.87402655078499 9.386318640331787 1.5999999999999996
      vertex 114.87402655078499 9.386318640331787 0
    endloop
  endfacet
  facet normal -0.980785280403231 -0.19509032201612556 0
    outer loop
      vertex 115.00437006149612 9.002339039817826 0
      vertex 115.08347907025882 8.60463119588217 1.5999999999999996
      vertex 115.00437006149612 9.002339039817826 1.5999999999999996
    endloop
  endfacet
  facet normal 0.44228869021900924 -0.8968727415326845 2.2053952431579777e-18
    outer loop
      vertex 110.46000000000001 10.88467875173177 0
      vertex 110.82368135966823 11.064026550785002 0
      vertex 110.82368135966823 11.064026550785002 1.5999999999999996
    endloop
  endfacet
  facet normal 0.19509032201612891 -0.9807852804032303 -2.4127556213675503e-19
    outer loop
      vertex 111.2076609601822 11.194370061496123 0
      vertex 111.60536880411784 11.273479070258823 0
      vertex 111.60536880411784 11.273479070258823 1.5999999999999996
    endloop
  endfacet
  facet normal 0.32143946530315565 -0.9469301294951077 1.6081473459592788e-18
    outer loop
      vertex 110.82368135966823 11.064026550785002 0
      vertex 111.2076609601822 11.194370061496123 0
      vertex 111.2076609601822 11.194370061496123 1.5999999999999996
    endloop
  endfacet
  facet normal 0.06540312923014509 -0.9978589232386035 -2.2828282743316923e-19
    outer loop
      vertex 111.60536880411784 11.273479070258823 0
      vertex 112.01 11.300000000000011 0
      vertex 112.01 11.300000000000011 1.5999999999999996
    endloop
  endfacet
  facet normal -0.06540312923014509 -0.9978589232386035 2.2828282743316923e-19
    outer loop
      vertex 112.01 11.300000000000011 0
      vertex 112.41463119588217 11.273479070258823 0
      vertex 112.41463119588217 11.273479070258823 1.5999999999999996
    endloop
  endfacet
  facet normal 0.8314696123025358 -0.5555702330196163 0
    outer loop
      vertex 109.55060464509718 10.087160429927046 0
      vertex 109.55060464509718 10.087160429927046 1.5999999999999996
      vertex 109.32532124826824 9.750000000000007 0
    endloop
  endfacet
  facet normal 0.6593458151000678 -0.7518398074789784 -7.388796680319813e-18
    outer loop
      vertex 109.8179689783217 10.392031021678307 0
      vertex 110.12283957007297 10.659395354902841 0
      vertex 110.12283957007297 10.659395354902841 1.5999999999999996
    endloop
  endfacet
  facet normal 0.5555702330195921 -0.831469612302552 6.724326201917814e-18
    outer loop
      vertex 110.12283957007297 10.659395354902841 0
      vertex 110.46000000000001 10.88467875173177 0
      vertex 110.46000000000001 10.88467875173177 1.5999999999999996
    endloop
  endfacet
  facet normal 0.751839807478988 -0.6593458151000567 0
    outer loop
      vertex 109.8179689783217 10.392031021678307 0
      vertex 109.8179689783217 10.392031021678307 1.5999999999999996
      vertex 109.55060464509718 10.087160429927046 0
    endloop
  endfacet
  facet normal 0.9469301294951006 -0.3214394653031767 0
    outer loop
      vertex 109.14597344921502 9.386318640331787 1.5999999999999996
      vertex 109.01562993850389 9.002339039817826 0
      vertex 109.14597344921502 9.386318640331787 0
    endloop
  endfacet
  facet normal 0.8968727415326984 -0.44228869021898104 0
    outer loop
      vertex 109.32532124826824 9.750000000000007 0
      vertex 109.32532124826824 9.750000000000007 1.5999999999999996
      vertex 109.14597344921502 9.386318640331787 0
    endloop
  endfacet
  facet normal 0.980785280403231 -0.19509032201612556 0
    outer loop
      vertex 109.01562993850389 9.002339039817826 1.5999999999999996
      vertex 108.93652092974119 8.60463119588217 0
      vertex 109.01562993850389 9.002339039817826 0
    endloop
  endfacet
  facet normal -0.19509032201612891 -0.9807852804032303 2.4127556213675503e-19
    outer loop
      vertex 112.41463119588217 11.273479070258823 0
      vertex 112.81233903981781 11.194370061496123 0
      vertex 112.81233903981781 11.194370061496123 1.5999999999999996
    endloop
  endfacet
  facet normal -0.32143946530315565 -0.9469301294951077 -1.6081473459592788e-18
    outer loop
      vertex 112.81233903981781 11.194370061496123 0
      vertex 113.19631864033178 11.064026550785002 0
      vertex 113.19631864033178 11.064026550785002 1.5999999999999996
    endloop
  endfacet
  facet normal -0.44228869021900924 -0.8968727415326845 -2.2053952431579777e-18
    outer loop
      vertex 113.19631864033178 11.064026550785002 0
      vertex 113.56 10.88467875173177 0
      vertex 113.56 10.88467875173177 1.5999999999999996
    endloop
  endfacet
  facet normal -0.5555702330195921 -0.831469612302552 -6.724326201917814e-18
    outer loop
      vertex 113.56 10.88467875173177 0
      vertex 113.89716042992704 10.659395354902841 0
      vertex 113.89716042992704 10.659395354902841 1.5999999999999996
    endloop
  endfacet
  facet normal -0.6593458151000678 -0.7518398074789784 7.388796680319813e-18
    outer loop
      vertex 113.89716042992704 10.659395354902841 0
      vertex 114.20203102167831 10.392031021678307 0
      vertex 114.20203102167831 10.392031021678307 1.5999999999999996
    endloop
  endfacet
  facet normal -0.751839807478988 -0.6593458151000567 0
    outer loop
      vertex 114.46939535490283 10.087160429927046 0
      vertex 114.46939535490283 10.087160429927046 1.5999999999999996
      vertex 114.20203102167831 10.392031021678307 0
    endloop
  endfacet
  facet normal -0.8314696123025358 -0.5555702330196163 0
    outer loop
      vertex 114.69467875173177 9.750000000000007 0
      vertex 114.69467875173177 9.750000000000007 1.5999999999999996
      vertex 114.46939535490283 10.087160429927046 0
    endloop
  endfacet
  facet normal -0.8968727415326984 -0.44228869021898104 0
    outer loop
      vertex 114.87402655078499 9.386318640331787 0
      vertex 114.87402655078499 9.386318640331787 1.5999999999999996
      vertex 114.69467875173177 9.750000000000007 0
    endloop
  endfacet
  facet normal -0.9469301294951006 -0.3214394653031767 0
    outer loop
      vertex 115.00437006149612 9.002339039817826 0
      vertex 115.00437006149612 9.002339039817826 1.5999999999999996
      vertex 114.87402655078499 9.386318640331787 0
    endloop
  endfacet
  facet normal -0.980785280403231 -0.19509032201612556 0
    outer loop
      vertex 115.08347907025882 8.60463119588217 0
      vertex 115.08347907025882 8.60463119588217 1.5999999999999996
      vertex 115.00437006149612 9.002339039817826 0
    endloop
  endfacet
  facet normal 0.9978589232386045 -0.06540312923012763 0
    outer loop
      vertex 108.91000000000001 8.20000000000001 0
      vertex 108.93652092974119 8.60463119588217 1.5999999999999996
      vertex 108.91000000000001 8.20000000000001 1.5999999999999996
    endloop
  endfacet
  facet normal 0.9978589232386045 0.06540312923012763 1.2159064595591747e-18
    outer loop
      vertex 108.91000000000001 8.20000000000001 1.5999999999999996
      vertex 108.93652092974119 7.7953688041178495 1.5999999999999996
      vertex 108.93652092974119 7.7953688041178495 0
    endloop
  endfacet
  facet normal 0.980785280403231 0.19509032201612556 1.597266151180132e-19
    outer loop
      vertex 108.93652092974119 7.7953688041178495 1.5999999999999996
      vertex 109.01562993850389 7.397660960182193 1.5999999999999996
      vertex 109.01562993850389 7.397660960182193 0
    endloop
  endfacet
  facet normal 0.9469301294951006 0.3214394653031767 1.3505556293621368e-18
    outer loop
      vertex 109.01562993850389 7.397660960182193 1.5999999999999996
      vertex 109.14597344921502 7.013681359668233 1.5999999999999996
      vertex 109.14597344921502 7.013681359668233 0
    endloop
  endfacet
  facet normal 0.8968727415326984 0.44228869021898104 6.558335893099841e-18
    outer loop
      vertex 109.14597344921502 7.013681359668233 1.5999999999999996
      vertex 109.32532124826824 6.650000000000013 1.5999999999999996
      vertex 109.32532124826824 6.650000000000013 0
    endloop
  endfacet
  facet normal 0.8314696123025358 0.5555702330196163 9.269372038160273e-18
    outer loop
      vertex 109.32532124826824 6.650000000000013 1.5999999999999996
      vertex 109.55060464509718 6.312839570072974 1.5999999999999996
      vertex 109.55060464509718 6.312839570072974 0
    endloop
  endfacet
  facet normal 0.751839807478988 0.6593458151000567 9.057739259550815e-18
    outer loop
      vertex 109.55060464509718 6.312839570072974 1.5999999999999996
      vertex 109.8179689783217 6.007968978321713 1.5999999999999996
      vertex 109.8179689783217 6.007968978321713 0
    endloop
  endfacet
  facet normal 0.6593458151000678 0.7518398074789784 7.388796680319813e-18
    outer loop
      vertex 109.8179689783217 6.007968978321713 1.5999999999999996
      vertex 110.12283957007297 5.740604645097179 1.5999999999999996
      vertex 110.12283957007297 5.740604645097179 0
    endloop
  endfacet
  facet normal 0.5555702330195921 0.831469612302552 -6.724326201917814e-18
    outer loop
      vertex 110.12283957007297 5.740604645097179 1.5999999999999996
      vertex 110.46000000000001 5.5153212482682505 1.5999999999999996
      vertex 110.46000000000001 5.5153212482682505 0
    endloop
  endfacet
  facet normal 0.44228869021900924 0.8968727415326845 -2.2053952431579777e-18
    outer loop
      vertex 110.46000000000001 5.5153212482682505 1.5999999999999996
      vertex 110.82368135966823 5.335973449215018 1.5999999999999996
      vertex 110.82368135966823 5.335973449215018 0
    endloop
  endfacet
  facet normal 0.3214394653031713 0.9469301294951024 -3.694855139194375e-18
    outer loop
      vertex 110.82368135966823 5.335973449215018 1.5999999999999996
      vertex 111.2076609601822 5.20562993850389 1.5999999999999996
      vertex 111.2076609601822 5.20562993850389 0
    endloop
  endfacet
  facet normal 0.19509032201612891 0.9807852804032303 0
    outer loop
      vertex 111.60536880411784 5.12652092974119 0
      vertex 111.2076609601822 5.20562993850389 1.5999999999999996
      vertex 111.60536880411784 5.12652092974119 1.5999999999999996
    endloop
  endfacet
  facet normal 0.06540312923012763 0.9978589232386045 0
    outer loop
      vertex 112.01 5.1000000000000085 0
      vertex 111.60536880411784 5.12652092974119 1.5999999999999996
      vertex 112.01 5.1000000000000085 1.5999999999999996
    endloop
  endfacet
  facet normal -0.06540312923012763 0.9978589232386045 -1.2159064595591747e-18
    outer loop
      vertex 112.01 5.1000000000000085 1.5999999999999996
      vertex 112.41463119588217 5.12652092974119 1.5999999999999996
      vertex 112.41463119588217 5.12652092974119 0
    endloop
  endfacet
  facet normal -0.9978589232386045 -0.06540312923012763 0
    outer loop
      vertex 115.08347907025882 8.60463119588217 0
      vertex 115.11 8.20000000000001 1.5999999999999996
      vertex 115.08347907025882 8.60463119588217 1.5999999999999996
    endloop
  endfacet
  facet normal -0.9978589232386045 0.06540312923012763 -1.2159064595591747e-18
    outer loop
      vertex 115.08347907025882 7.7953688041178495 1.5999999999999996
      vertex 115.11 8.20000000000001 1.5999999999999996
      vertex 115.11 8.20000000000001 0
    endloop
  endfacet
  facet normal -0.980785280403231 0.19509032201612556 0
    outer loop
      vertex 115.08347907025882 7.7953688041178495 0
      vertex 115.00437006149612 7.397660960182193 1.5999999999999996
      vertex 115.08347907025882 7.7953688041178495 1.5999999999999996
    endloop
  endfacet
  facet normal -0.9469301294951006 0.3214394653031767 -1.3505556293621368e-18
    outer loop
      vertex 114.87402655078499 7.013681359668233 1.5999999999999996
      vertex 115.00437006149612 7.397660960182193 1.5999999999999996
      vertex 115.00437006149612 7.397660960182193 0
    endloop
  endfacet
  facet normal -0.8314696123025358 0.5555702330196163 -9.269372038160273e-18
    outer loop
      vertex 114.46939535490283 6.312839570072974 1.5999999999999996
      vertex 114.69467875173177 6.650000000000013 1.5999999999999996
      vertex 114.69467875173177 6.650000000000013 0
    endloop
  endfacet
  facet normal -0.8968727415326984 0.44228869021898104 -6.558335893099841e-18
    outer loop
      vertex 114.69467875173177 6.650000000000013 1.5999999999999996
      vertex 114.87402655078499 7.013681359668233 1.5999999999999996
      vertex 114.87402655078499 7.013681359668233 0
    endloop
  endfacet
  facet normal -0.44228869021900924 0.8968727415326845 0
    outer loop
      vertex 113.56 5.5153212482682505 0
      vertex 113.19631864033178 5.335973449215018 1.5999999999999996
      vertex 113.56 5.5153212482682505 1.5999999999999996
    endloop
  endfacet
  facet normal -0.5555702330195921 0.831469612302552 0
    outer loop
      vertex 113.89716042992704 5.740604645097179 0
      vertex 113.56 5.5153212482682505 1.5999999999999996
      vertex 113.89716042992704 5.740604645097179 1.5999999999999996
    endloop
  endfacet
  facet normal -0.6593458151000678 0.7518398074789784 0
    outer loop
      vertex 114.20203102167831 6.007968978321713 1.5999999999999996
      vertex 114.20203102167831 6.007968978321713 0
      vertex 113.89716042992704 5.740604645097179 1.5999999999999996
    endloop
  endfacet
  facet normal -0.19509032201612891 0.9807852804032303 -2.4127556213675503e-19
    outer loop
      vertex 112.41463119588217 5.12652092974119 1.5999999999999996
      vertex 112.81233903981781 5.20562993850389 1.5999999999999996
      vertex 112.81233903981781 5.20562993850389 0
    endloop
  endfacet
  facet normal -0.3214394653031713 0.9469301294951024 0
    outer loop
      vertex 113.19631864033178 5.335973449215018 0
      vertex 112.81233903981781 5.20562993850389 1.5999999999999996
      vertex 113.19631864033178 5.335973449215018 1.5999999999999996
    endloop
  endfacet
  facet normal -0.751839807478988 0.6593458151000567 -9.057739259550815e-18
    outer loop
      vertex 114.20203102167831 6.007968978321713 1.5999999999999996
      vertex 114.46939535490283 6.312839570072974 1.5999999999999996
      vertex 114.46939535490283 6.312839570072974 0
    endloop
  endfacet
  facet normal 0.9978589232386045 -0.06540312923012763 0
    outer loop
      vertex 108.93652092974119 8.60463119588217 1.5999999999999996
      vertex 108.91000000000001 8.20000000000001 0
      vertex 108.93652092974119 8.60463119588217 0
    endloop
  endfacet
  facet normal 0.9978589232386045 0.06540312923012763 0
    outer loop
      vertex 108.91000000000001 8.20000000000001 1.5999999999999996
      vertex 108.93652092974119 7.7953688041178495 0
      vertex 108.91000000000001 8.20000000000001 0
    endloop
  endfacet
  facet normal 0.980785280403231 0.19509032201612556 0
    outer loop
      vertex 108.93652092974119 7.7953688041178495 0
      vertex 108.93652092974119 7.7953688041178495 1.5999999999999996
      vertex 109.01562993850389 7.397660960182193 0
    endloop
  endfacet
  facet normal 0.9469301294951006 0.3214394653031767 0
    outer loop
      vertex 109.01562993850389 7.397660960182193 0
      vertex 109.01562993850389 7.397660960182193 1.5999999999999996
      vertex 109.14597344921502 7.013681359668233 0
    endloop
  endfacet
  facet normal 0.8968727415326984 0.44228869021898104 0
    outer loop
      vertex 109.14597344921502 7.013681359668233 0
      vertex 109.14597344921502 7.013681359668233 1.5999999999999996
      vertex 109.32532124826824 6.650000000000013 0
    endloop
  endfacet
  facet normal 0.8314696123025358 0.5555702330196163 0
    outer loop
      vertex 109.32532124826824 6.650000000000013 0
      vertex 109.32532124826824 6.650000000000013 1.5999999999999996
      vertex 109.55060464509718 6.312839570072974 0
    endloop
  endfacet
  facet normal 0.751839807478988 0.6593458151000567 0
    outer loop
      vertex 109.55060464509718 6.312839570072974 0
      vertex 109.55060464509718 6.312839570072974 1.5999999999999996
      vertex 109.8179689783217 6.007968978321713 0
    endloop
  endfacet
  facet normal 0.6593458151000678 0.7518398074789784 7.388796680319813e-18
    outer loop
      vertex 110.12283957007297 5.740604645097179 0
      vertex 109.8179689783217 6.007968978321713 0
      vertex 109.8179689783217 6.007968978321713 1.5999999999999996
    endloop
  endfacet
  facet normal 0.5555702330195921 0.831469612302552 -6.724326201917814e-18
    outer loop
      vertex 110.46000000000001 5.5153212482682505 0
      vertex 110.12283957007297 5.740604645097179 0
      vertex 110.12283957007297 5.740604645097179 1.5999999999999996
    endloop
  endfacet
  facet normal 0.44228869021900924 0.8968727415326845 -2.2053952431579777e-18
    outer loop
      vertex 110.82368135966823 5.335973449215018 0
      vertex 110.46000000000001 5.5153212482682505 0
      vertex 110.46000000000001 5.5153212482682505 1.5999999999999996
    endloop
  endfacet
  facet normal 0.3214394653031713 0.9469301294951024 -3.694855139194375e-18
    outer loop
      vertex 111.2076609601822 5.20562993850389 0
      vertex 110.82368135966823 5.335973449215018 0
      vertex 110.82368135966823 5.335973449215018 1.5999999999999996
    endloop
  endfacet
  facet normal 0.19509032201612891 0.9807852804032303 2.4127556213675503e-19
    outer loop
      vertex 111.60536880411784 5.12652092974119 0
      vertex 111.2076609601822 5.20562993850389 0
      vertex 111.2076609601822 5.20562993850389 1.5999999999999996
    endloop
  endfacet
  facet normal 0.06540312923012763 0.9978589232386045 1.2159064595591747e-18
    outer loop
      vertex 112.01 5.1000000000000085 0
      vertex 111.60536880411784 5.12652092974119 0
      vertex 111.60536880411784 5.12652092974119 1.5999999999999996
    endloop
  endfacet
  facet normal -0.06540312923012763 0.9978589232386045 -1.2159064595591747e-18
    outer loop
      vertex 112.41463119588217 5.12652092974119 0
      vertex 112.01 5.1000000000000085 0
      vertex 112.01 5.1000000000000085 1.5999999999999996
    endloop
  endfacet
  facet normal -0.9978589232386045 -0.06540312923012763 0
    outer loop
      vertex 115.11 8.20000000000001 0
      vertex 115.11 8.20000000000001 1.5999999999999996
      vertex 115.08347907025882 8.60463119588217 0
    endloop
  endfacet
  facet normal -0.9978589232386045 0.06540312923012763 0
    outer loop
      vertex 115.08347907025882 7.7953688041178495 1.5999999999999996
      vertex 115.11 8.20000000000001 0
      vertex 115.08347907025882 7.7953688041178495 0
    endloop
  endfacet
  facet normal -0.980785280403231 0.19509032201612556 0
    outer loop
      vertex 115.00437006149612 7.397660960182193 0
      vertex 115.00437006149612 7.397660960182193 1.5999999999999996
      vertex 115.08347907025882 7.7953688041178495 0
    endloop
  endfacet
  facet normal -0.9469301294951006 0.3214394653031767 0
    outer loop
      vertex 114.87402655078499 7.013681359668233 0
      vertex 114.87402655078499 7.013681359668233 1.5999999999999996
      vertex 115.00437006149612 7.397660960182193 0
    endloop
  endfacet
  facet normal -0.8968727415326984 0.44228869021898104 0
    outer loop
      vertex 114.69467875173177 6.650000000000013 0
      vertex 114.69467875173177 6.650000000000013 1.5999999999999996
      vertex 114.87402655078499 7.013681359668233 0
    endloop
  endfacet
  facet normal -0.5555702330195921 0.831469612302552 6.724326201917814e-18
    outer loop
      vertex 113.89716042992704 5.740604645097179 0
      vertex 113.56 5.5153212482682505 0
      vertex 113.56 5.5153212482682505 1.5999999999999996
    endloop
  endfacet
  facet normal -0.6593458151000678 0.7518398074789784 -7.388796680319813e-18
    outer loop
      vertex 114.20203102167831 6.007968978321713 0
      vertex 113.89716042992704 5.740604645097179 0
      vertex 113.89716042992704 5.740604645097179 1.5999999999999996
    endloop
  endfacet
  facet normal -0.19509032201612891 0.9807852804032303 -2.4127556213675503e-19
    outer loop
      vertex 112.81233903981781 5.20562993850389 0
      vertex 112.41463119588217 5.12652092974119 0
      vertex 112.41463119588217 5.12652092974119 1.5999999999999996
    endloop
  endfacet
  facet normal -0.3214394653031713 0.9469301294951024 3.694855139194375e-18
    outer loop
      vertex 113.19631864033178 5.335973449215018 0
      vertex 112.81233903981781 5.20562993850389 0
      vertex 112.81233903981781 5.20562993850389 1.5999999999999996
    endloop
  endfacet
  facet normal -0.44228869021900924 0.8968727415326845 2.2053952431579777e-18
    outer loop
      vertex 113.56 5.5153212482682505 0
      vertex 113.19631864033178 5.335973449215018 0
      vertex 113.19631864033178 5.335973449215018 1.5999999999999996
    endloop
  endfacet
  facet normal -0.8314696123025358 0.5555702330196163 0
    outer loop
      vertex 114.46939535490283 6.312839570072974 0
      vertex 114.46939535490283 6.312839570072974 1.5999999999999996
      vertex 114.69467875173177 6.650000000000013 0
    endloop
  endfacet
  facet normal -0.751839807478988 0.6593458151000567 0
    outer loop
      vertex 114.20203102167831 6.007968978321713 1.5999999999999996
      vertex 114.46939535490283 6.312839570072974 0
      vertex 114.20203102167831 6.007968978321713 0
    endloop
  endfacet
  facet normal 0.8314696123025586 -0.5555702330195821 0
    outer loop
      vertex 6.427756813566461 62.330000000000005 3.2
      vertex 6.551299321504899 62.51489442931483 5.949999999999999
      vertex 6.427756813566461 62.330000000000005 5.949999999999999
    endloop
  endfacet
  facet normal 0.8968727415326908 -0.4422886902189964 0
    outer loop
      vertex 6.32940479473082 62.13056183502066 3.2
      vertex 6.427756813566461 62.330000000000005 5.949999999999999
      vertex 6.32940479473082 62.13056183502066 5.949999999999999
    endloop
  endfacet
  facet normal 0.6593458151000955 -0.751839807478954 0
    outer loop
      vertex 6.697918471982874 62.682081528017136 3.2
      vertex 6.865105570685174 62.82870067849511 5.949999999999999
      vertex 6.697918471982874 62.682081528017136 5.949999999999999
    endloop
  endfacet
  facet normal 0.5555702330195527 -0.8314696123025784 0
    outer loop
      vertex 6.865105570685174 62.82870067849511 3.2
      vertex 7.050000000000011 62.95224318643355 5.949999999999999
      vertex 6.865105570685174 62.82870067849511 5.949999999999999
    endloop
  endfacet
  facet normal 0.4422886902190348 -0.8968727415326718 0
    outer loop
      vertex 7.050000000000011 62.95224318643355 3.2
      vertex 7.2494381649793525 63.0505952052692 5.949999999999999
      vertex 7.050000000000011 62.95224318643355 5.949999999999999
    endloop
  endfacet
  facet normal 0.3214394653031322 -0.9469301294951156 0
    outer loop
      vertex 7.2494381649793525 63.0505952052692 3.2
      vertex 7.460007623325723 63.12207390469142 5.949999999999999
      vertex 7.2494381649793525 63.0505952052692 5.949999999999999
    endloop
  endfacet
  facet normal 0.7518398074789678 -0.6593458151000797 0
    outer loop
      vertex 6.551299321504899 62.51489442931483 3.2
      vertex 6.697918471982874 62.682081528017136 5.949999999999999
      vertex 6.551299321504899 62.51489442931483 5.949999999999999
    endloop
  endfacet
  facet normal 0.9469301294951026 -0.3214394653031706 0
    outer loop
      vertex 6.257926095308591 61.919992376674294 3.2
      vertex 6.32940479473082 62.13056183502066 5.949999999999999
      vertex 6.257926095308591 61.919992376674294 5.949999999999999
    endloop
  endfacet
  facet normal 0.980785280403235 -0.19509032201610535 0
    outer loop
      vertex 6.2145437356645346 61.7018945267741 3.2
      vertex 6.257926095308591 61.919992376674294 5.949999999999999
      vertex 6.2145437356645346 61.7018945267741 5.949999999999999
    endloop
  endfacet
  facet normal 0.9978589232386008 -0.0654031292301835 0
    outer loop
      vertex 6.200000000000003 61.480000000000004 3.2
      vertex 6.2145437356645346 61.7018945267741 5.949999999999999
      vertex 6.200000000000003 61.480000000000004 5.949999999999999
    endloop
  endfacet
  facet normal 0.9978589232386007 0.06540312923018558 0
    outer loop
      vertex 6.2145437356645346 61.25810547322592 3.2
      vertex 6.200000000000003 61.480000000000004 5.949999999999999
      vertex 6.2145437356645346 61.25810547322592 5.949999999999999
    endloop
  endfacet
  facet normal 0.980785280403235 0.19509032201610535 0
    outer loop
      vertex 6.257926095308591 61.04000762332572 3.2
      vertex 6.2145437356645346 61.25810547322592 5.949999999999999
      vertex 6.257926095308591 61.04000762332572 5.949999999999999
    endloop
  endfacet
  facet normal 0.06540312923015168 -0.9978589232386028 0
    outer loop
      vertex 7.678105473225912 63.16545626433548 3.2
      vertex 7.900000000000006 63.18000000000001 5.949999999999999
      vertex 7.678105473225912 63.16545626433548 5.949999999999999
    endloop
  endfacet
  facet normal -0.06540312923015168 -0.9978589232386028 0
    outer loop
      vertex 7.900000000000006 63.18000000000001 3.2
      vertex 8.1218945267741 63.16545626433548 5.949999999999999
      vertex 7.900000000000006 63.18000000000001 5.949999999999999
    endloop
  endfacet
  facet normal -0.19509032201614218 -0.9807852804032277 0
    outer loop
      vertex 8.1218945267741 63.16545626433548 3.2
      vertex 8.339992376674289 63.12207390469142 5.949999999999999
      vertex 8.1218945267741 63.16545626433548 5.949999999999999
    endloop
  endfacet
  facet normal 0.19509032201614218 -0.9807852804032277 0
    outer loop
      vertex 7.460007623325723 63.12207390469142 3.2
      vertex 7.678105473225912 63.16545626433548 5.949999999999999
      vertex 7.460007623325723 63.12207390469142 5.949999999999999
    endloop
  endfacet
  facet normal -0.3214394653031322 -0.9469301294951156 0
    outer loop
      vertex 8.339992376674289 63.12207390469142 3.2
      vertex 8.550561835020659 63.0505952052692 5.949999999999999
      vertex 8.339992376674289 63.12207390469142 5.949999999999999
    endloop
  endfacet
  facet normal -0.4422886902190348 -0.8968727415326718 0
    outer loop
      vertex 8.550561835020659 63.0505952052692 3.2
      vertex 8.75 62.95224318643355 5.949999999999999
      vertex 8.550561835020659 63.0505952052692 5.949999999999999
    endloop
  endfacet
  facet normal -0.5555702330195527 -0.8314696123025784 0
    outer loop
      vertex 8.75 62.95224318643355 3.2
      vertex 8.934894429314838 62.82870067849511 5.949999999999999
      vertex 8.75 62.95224318643355 5.949999999999999
    endloop
  endfacet
  facet normal -0.6593458151000955 -0.751839807478954 0
    outer loop
      vertex 8.934894429314838 62.82870067849511 3.2
      vertex 9.102081528017138 62.682081528017136 5.949999999999999
      vertex 8.934894429314838 62.82870067849511 5.949999999999999
    endloop
  endfacet
  facet normal -0.7518398074789678 -0.6593458151000797 0
    outer loop
      vertex 9.102081528017138 62.682081528017136 3.2
      vertex 9.248700678495112 62.51489442931483 5.949999999999999
      vertex 9.102081528017138 62.682081528017136 5.949999999999999
    endloop
  endfacet
  facet normal -0.8314696123025586 -0.5555702330195821 0
    outer loop
      vertex 9.248700678495112 62.51489442931483 3.2
      vertex 9.37224318643355 62.330000000000005 5.949999999999999
      vertex 9.248700678495112 62.51489442931483 5.949999999999999
    endloop
  endfacet
  facet normal -0.8968727415326908 -0.4422886902189964 0
    outer loop
      vertex 9.37224318643355 62.330000000000005 3.2
      vertex 9.470595205269191 62.13056183502066 5.949999999999999
      vertex 9.37224318643355 62.330000000000005 5.949999999999999
    endloop
  endfacet
  facet normal -0.9469301294951026 -0.3214394653031706 0
    outer loop
      vertex 9.470595205269191 62.13056183502066 3.2
      vertex 9.54207390469142 61.919992376674294 5.949999999999999
      vertex 9.470595205269191 62.13056183502066 5.949999999999999
    endloop
  endfacet
  facet normal -0.980785280403235 -0.19509032201610535 0
    outer loop
      vertex 9.54207390469142 61.919992376674294 3.2
      vertex 9.585456264335477 61.7018945267741 5.949999999999999
      vertex 9.54207390469142 61.919992376674294 5.949999999999999
    endloop
  endfacet
  facet normal -0.9978589232386008 -0.0654031292301835 0
    outer loop
      vertex 9.585456264335477 61.7018945267741 3.2
      vertex 9.600000000000009 61.480000000000004 5.949999999999999
      vertex 9.585456264335477 61.7018945267741 5.949999999999999
    endloop
  endfacet
  facet normal -0.9978589232386007 0.06540312923018558 0
    outer loop
      vertex 9.600000000000009 61.480000000000004 3.2
      vertex 9.585456264335477 61.25810547322592 5.949999999999999
      vertex 9.600000000000009 61.480000000000004 5.949999999999999
    endloop
  endfacet
  facet normal -0.980785280403235 0.19509032201610535 0
    outer loop
      vertex 9.585456264335477 61.25810547322592 3.2
      vertex 9.54207390469142 61.04000762332572 5.949999999999999
      vertex 9.585456264335477 61.25810547322592 5.949999999999999
    endloop
  endfacet
  facet normal 0.9469301294951059 0.32143946530316087 0
    outer loop
      vertex 6.32940479473082 60.82943816497935 3.2
      vertex 6.257926095308591 61.04000762332572 5.949999999999999
      vertex 6.32940479473082 60.82943816497935 5.949999999999999
    endloop
  endfacet
  facet normal 0.8968727415326844 0.442288690219009 0
    outer loop
      vertex 6.427756813566461 60.63000000000001 3.2
      vertex 6.32940479473082 60.82943816497935 5.949999999999999
      vertex 6.427756813566461 60.63000000000001 5.949999999999999
    endloop
  endfacet
  facet normal 0.8314696123025586 0.5555702330195821 0
    outer loop
      vertex 6.551299321504899 60.445105570685186 3.2
      vertex 6.427756813566461 60.63000000000001 5.949999999999999
      vertex 6.551299321504899 60.445105570685186 5.949999999999999
    endloop
  endfacet
  facet normal 0.7518398074789818 0.659345815100064 0
    outer loop
      vertex 6.697918471982874 60.27791847198287 3.2
      vertex 6.551299321504899 60.445105570685186 5.949999999999999
      vertex 6.697918471982874 60.27791847198287 5.949999999999999
    endloop
  endfacet
  facet normal 0.6593458151000776 0.75183980747897 0
    outer loop
      vertex 6.865105570685174 60.131299321504905 3.2
      vertex 6.697918471982874 60.27791847198287 5.949999999999999
      vertex 6.865105570685174 60.131299321504905 5.949999999999999
    endloop
  endfacet
  facet normal 0.5555702330195746 0.8314696123025637 0
    outer loop
      vertex 7.050000000000011 60.00775681356646 3.2
      vertex 6.865105570685174 60.131299321504905 5.949999999999999
      vertex 7.050000000000011 60.00775681356646 5.949999999999999
    endloop
  endfacet
  facet normal 0.442288690219009 0.8968727415326844 0
    outer loop
      vertex 7.2494381649793525 59.90940479473082 3.2
      vertex 7.050000000000011 60.00775681356646 5.949999999999999
      vertex 7.2494381649793525 59.90940479473082 5.949999999999999
    endloop
  endfacet
  facet normal 0.32143946530316087 0.9469301294951059 0
    outer loop
      vertex 7.460007623325723 59.83792609530859 3.2
      vertex 7.2494381649793525 59.90940479473082 5.949999999999999
      vertex 7.460007623325723 59.83792609530859 5.949999999999999
    endloop
  endfacet
  facet normal -0.8314696123025586 0.5555702330195821 0
    outer loop
      vertex 9.37224318643355 60.63000000000001 3.2
      vertex 9.248700678495112 60.445105570685186 5.949999999999999
      vertex 9.37224318643355 60.63000000000001 5.949999999999999
    endloop
  endfacet
  facet normal -0.32143946530316087 0.9469301294951059 0
    outer loop
      vertex 8.550561835020659 59.90940479473082 3.2
      vertex 8.339992376674289 59.83792609530859 5.949999999999999
      vertex 8.550561835020659 59.90940479473082 5.949999999999999
    endloop
  endfacet
  facet normal -0.5555702330195746 0.8314696123025637 0
    outer loop
      vertex 8.934894429314838 60.131299321504905 3.2
      vertex 8.75 60.00775681356646 5.949999999999999
      vertex 8.934894429314838 60.131299321504905 5.949999999999999
    endloop
  endfacet
  facet normal -0.442288690219009 0.8968727415326844 0
    outer loop
      vertex 8.75 60.00775681356646 3.2
      vertex 8.550561835020659 59.90940479473082 5.949999999999999
      vertex 8.75 60.00775681356646 5.949999999999999
    endloop
  endfacet
  facet normal -0.6593458151000776 0.75183980747897 0
    outer loop
      vertex 9.102081528017138 60.27791847198287 3.2
      vertex 8.934894429314838 60.131299321504905 5.949999999999999
      vertex 9.102081528017138 60.27791847198287 5.949999999999999
    endloop
  endfacet
  facet normal -0.7518398074789818 0.659345815100064 0
    outer loop
      vertex 9.248700678495112 60.445105570685186 3.2
      vertex 9.102081528017138 60.27791847198287 5.949999999999999
      vertex 9.248700678495112 60.445105570685186 5.949999999999999
    endloop
  endfacet
  facet normal 0.19509032201611148 0.9807852804032339 0
    outer loop
      vertex 7.678105473225912 59.79454373566453 3.2
      vertex 7.460007623325723 59.83792609530859 5.949999999999999
      vertex 7.678105473225912 59.79454373566453 5.949999999999999
    endloop
  endfacet
  facet normal 0.06540312923015168 0.9978589232386028 0
    outer loop
      vertex 7.900000000000006 59.78000000000001 3.2
      vertex 7.678105473225912 59.79454373566453 5.949999999999999
      vertex 7.900000000000006 59.78000000000001 5.949999999999999
    endloop
  endfacet
  facet normal -0.06540312923015168 0.9978589232386028 0
    outer loop
      vertex 8.1218945267741 59.79454373566453 3.2
      vertex 7.900000000000006 59.78000000000001 5.949999999999999
      vertex 8.1218945267741 59.79454373566453 5.949999999999999
    endloop
  endfacet
  facet normal -0.19509032201611148 0.9807852804032339 0
    outer loop
      vertex 8.339992376674289 59.83792609530859 3.2
      vertex 8.1218945267741 59.79454373566453 5.949999999999999
      vertex 8.339992376674289 59.83792609530859 5.949999999999999
    endloop
  endfacet
  facet normal -0.9469301294951059 0.32143946530316087 0
    outer loop
      vertex 9.54207390469142 61.04000762332572 3.2
      vertex 9.470595205269191 60.82943816497935 5.949999999999999
      vertex 9.54207390469142 61.04000762332572 5.949999999999999
    endloop
  endfacet
  facet normal -0.8968727415326844 0.442288690219009 0
    outer loop
      vertex 9.470595205269191 60.82943816497935 3.2
      vertex 9.37224318643355 60.63000000000001 5.949999999999999
      vertex 9.470595205269191 60.82943816497935 5.949999999999999
    endloop
  endfacet
  facet normal 0.8314696123025586 -0.5555702330195821 0
    outer loop
      vertex 6.551299321504899 62.51489442931483 3.2
      vertex 6.551299321504899 62.51489442931483 5.949999999999999
      vertex 6.427756813566461 62.330000000000005 3.2
    endloop
  endfacet
  facet normal 0.9469301294951026 -0.3214394653031706 0
    outer loop
      vertex 6.32940479473082 62.13056183502066 3.2
      vertex 6.32940479473082 62.13056183502066 5.949999999999999
      vertex 6.257926095308591 61.919992376674294 3.2
    endloop
  endfacet
  facet normal 0.8968727415326908 -0.4422886902189964 0
    outer loop
      vertex 6.427756813566461 62.330000000000005 3.2
      vertex 6.427756813566461 62.330000000000005 5.949999999999999
      vertex 6.32940479473082 62.13056183502066 3.2
    endloop
  endfacet
  facet normal 0.5555702330195527 -0.8314696123025784 0
    outer loop
      vertex 7.050000000000011 62.95224318643355 3.2
      vertex 7.050000000000011 62.95224318643355 5.949999999999999
      vertex 6.865105570685174 62.82870067849511 3.2
    endloop
  endfacet
  facet normal 0.7518398074789678 -0.6593458151000797 0
    outer loop
      vertex 6.697918471982874 62.682081528017136 3.2
      vertex 6.697918471982874 62.682081528017136 5.949999999999999
      vertex 6.551299321504899 62.51489442931483 3.2
    endloop
  endfacet
  facet normal 0.6593458151000955 -0.751839807478954 0
    outer loop
      vertex 6.865105570685174 62.82870067849511 3.2
      vertex 6.865105570685174 62.82870067849511 5.949999999999999
      vertex 6.697918471982874 62.682081528017136 3.2
    endloop
  endfacet
  facet normal 0.4422886902190348 -0.8968727415326718 0
    outer loop
      vertex 7.2494381649793525 63.0505952052692 3.2
      vertex 7.2494381649793525 63.0505952052692 5.949999999999999
      vertex 7.050000000000011 62.95224318643355 3.2
    endloop
  endfacet
  facet normal 0.3214394653031322 -0.9469301294951156 0
    outer loop
      vertex 7.460007623325723 63.12207390469142 3.2
      vertex 7.460007623325723 63.12207390469142 5.949999999999999
      vertex 7.2494381649793525 63.0505952052692 3.2
    endloop
  endfacet
  facet normal 0.980785280403235 -0.19509032201610535 0
    outer loop
      vertex 6.257926095308591 61.919992376674294 3.2
      vertex 6.257926095308591 61.919992376674294 5.949999999999999
      vertex 6.2145437356645346 61.7018945267741 3.2
    endloop
  endfacet
  facet normal 0.9978589232386008 -0.0654031292301835 0
    outer loop
      vertex 6.2145437356645346 61.7018945267741 3.2
      vertex 6.2145437356645346 61.7018945267741 5.949999999999999
      vertex 6.200000000000003 61.480000000000004 3.2
    endloop
  endfacet
  facet normal 0.9978589232386007 0.06540312923018558 0
    outer loop
      vertex 6.200000000000003 61.480000000000004 3.2
      vertex 6.200000000000003 61.480000000000004 5.949999999999999
      vertex 6.2145437356645346 61.25810547322592 3.2
    endloop
  endfacet
  facet normal 0.980785280403235 0.19509032201610535 0
    outer loop
      vertex 6.2145437356645346 61.25810547322592 3.2
      vertex 6.2145437356645346 61.25810547322592 5.949999999999999
      vertex 6.257926095308591 61.04000762332572 3.2
    endloop
  endfacet
  facet normal 0.19509032201614218 -0.9807852804032277 0
    outer loop
      vertex 7.678105473225912 63.16545626433548 3.2
      vertex 7.678105473225912 63.16545626433548 5.949999999999999
      vertex 7.460007623325723 63.12207390469142 3.2
    endloop
  endfacet
  facet normal 0.06540312923015168 -0.9978589232386028 0
    outer loop
      vertex 7.900000000000006 63.18000000000001 3.2
      vertex 7.900000000000006 63.18000000000001 5.949999999999999
      vertex 7.678105473225912 63.16545626433548 3.2
    endloop
  endfacet
  facet normal -0.06540312923015168 -0.9978589232386028 0
    outer loop
      vertex 8.1218945267741 63.16545626433548 3.2
      vertex 8.1218945267741 63.16545626433548 5.949999999999999
      vertex 7.900000000000006 63.18000000000001 3.2
    endloop
  endfacet
  facet normal -0.19509032201614218 -0.9807852804032277 0
    outer loop
      vertex 8.339992376674289 63.12207390469142 3.2
      vertex 8.339992376674289 63.12207390469142 5.949999999999999
      vertex 8.1218945267741 63.16545626433548 3.2
    endloop
  endfacet
  facet normal -0.3214394653031322 -0.9469301294951156 0
    outer loop
      vertex 8.550561835020659 63.0505952052692 3.2
      vertex 8.550561835020659 63.0505952052692 5.949999999999999
      vertex 8.339992376674289 63.12207390469142 3.2
    endloop
  endfacet
  facet normal -0.4422886902190348 -0.8968727415326718 0
    outer loop
      vertex 8.75 62.95224318643355 3.2
      vertex 8.75 62.95224318643355 5.949999999999999
      vertex 8.550561835020659 63.0505952052692 3.2
    endloop
  endfacet
  facet normal -0.5555702330195527 -0.8314696123025784 1.9191221924048015e-18
    outer loop
      vertex 8.75 62.95224318643355 3.2
      vertex 8.934894429314838 62.82870067849511 3.2
      vertex 8.934894429314838 62.82870067849511 5.949999999999999
    endloop
  endfacet
  facet normal -0.6593458151000955 -0.751839807478954 -8.715883866041585e-19
    outer loop
      vertex 8.934894429314838 62.82870067849511 3.2
      vertex 9.102081528017138 62.682081528017136 3.2
      vertex 9.102081528017138 62.682081528017136 5.949999999999999
    endloop
  endfacet
  facet normal -0.7518398074789678 -0.6593458151000797 0
    outer loop
      vertex 9.248700678495112 62.51489442931483 3.2
      vertex 9.248700678495112 62.51489442931483 5.949999999999999
      vertex 9.102081528017138 62.682081528017136 3.2
    endloop
  endfacet
  facet normal -0.8314696123025586 -0.5555702330195821 2.089965178773854e-18
    outer loop
      vertex 9.248700678495112 62.51489442931483 3.2
      vertex 9.37224318643355 62.330000000000005 3.2
      vertex 9.37224318643355 62.330000000000005 5.949999999999999
    endloop
  endfacet
  facet normal -0.8968727415326908 -0.4422886902189964 1.5453809956559858e-18
    outer loop
      vertex 9.37224318643355 62.330000000000005 3.2
      vertex 9.470595205269191 62.13056183502066 3.2
      vertex 9.470595205269191 62.13056183502066 5.949999999999999
    endloop
  endfacet
  facet normal -0.9469301294951026 -0.3214394653031706 7.068178725933853e-19
    outer loop
      vertex 9.470595205269191 62.13056183502066 3.2
      vertex 9.54207390469142 61.919992376674294 3.2
      vertex 9.54207390469142 61.919992376674294 5.949999999999999
    endloop
  endfacet
  facet normal -0.980785280403235 -0.19509032201610535 1.049829839808889e-18
    outer loop
      vertex 9.54207390469142 61.919992376674294 3.2
      vertex 9.585456264335477 61.7018945267741 3.2
      vertex 9.585456264335477 61.7018945267741 5.949999999999999
    endloop
  endfacet
  facet normal -0.9978589232386008 -0.0654031292301835 -1.3033169191214002e-19
    outer loop
      vertex 9.585456264335477 61.7018945267741 3.2
      vertex 9.600000000000009 61.480000000000004 3.2
      vertex 9.600000000000009 61.480000000000004 5.949999999999999
    endloop
  endfacet
  facet normal -0.9978589232386007 0.06540312923018558 -7.147789983101584e-20
    outer loop
      vertex 9.600000000000009 61.480000000000004 3.2
      vertex 9.585456264335477 61.25810547322592 3.2
      vertex 9.585456264335477 61.25810547322592 5.949999999999999
    endloop
  endfacet
  facet normal -0.980785280403235 0.19509032201610535 -1.049829839808889e-18
    outer loop
      vertex 9.585456264335477 61.25810547322592 3.2
      vertex 9.54207390469142 61.04000762332572 3.2
      vertex 9.54207390469142 61.04000762332572 5.949999999999999
    endloop
  endfacet
  facet normal 0.9469301294951059 0.32143946530316087 0
    outer loop
      vertex 6.257926095308591 61.04000762332572 3.2
      vertex 6.257926095308591 61.04000762332572 5.949999999999999
      vertex 6.32940479473082 60.82943816497935 3.2
    endloop
  endfacet
  facet normal 0.8968727415326844 0.442288690219009 0
    outer loop
      vertex 6.32940479473082 60.82943816497935 3.2
      vertex 6.32940479473082 60.82943816497935 5.949999999999999
      vertex 6.427756813566461 60.63000000000001 3.2
    endloop
  endfacet
  facet normal 0.8314696123025586 0.5555702330195821 0
    outer loop
      vertex 6.427756813566461 60.63000000000001 3.2
      vertex 6.427756813566461 60.63000000000001 5.949999999999999
      vertex 6.551299321504899 60.445105570685186 3.2
    endloop
  endfacet
  facet normal 0.7518398074789818 0.659345815100064 0
    outer loop
      vertex 6.551299321504899 60.445105570685186 3.2
      vertex 6.551299321504899 60.445105570685186 5.949999999999999
      vertex 6.697918471982874 60.27791847198287 3.2
    endloop
  endfacet
  facet normal 0.6593458151000776 0.75183980747897 0
    outer loop
      vertex 6.697918471982874 60.27791847198287 3.2
      vertex 6.697918471982874 60.27791847198287 5.949999999999999
      vertex 6.865105570685174 60.131299321504905 3.2
    endloop
  endfacet
  facet normal 0.5555702330195746 0.8314696123025637 0
    outer loop
      vertex 6.865105570685174 60.131299321504905 3.2
      vertex 6.865105570685174 60.131299321504905 5.949999999999999
      vertex 7.050000000000011 60.00775681356646 3.2
    endloop
  endfacet
  facet normal 0.442288690219009 0.8968727415326844 0
    outer loop
      vertex 7.050000000000011 60.00775681356646 3.2
      vertex 7.050000000000011 60.00775681356646 5.949999999999999
      vertex 7.2494381649793525 59.90940479473082 3.2
    endloop
  endfacet
  facet normal 0.32143946530316087 0.9469301294951059 1.3401128923319555e-18
    outer loop
      vertex 7.460007623325723 59.83792609530859 3.2
      vertex 7.2494381649793525 59.90940479473082 3.2
      vertex 7.2494381649793525 59.90940479473082 5.949999999999999
    endloop
  endfacet
  facet normal -0.8314696123025586 0.5555702330195821 -2.089965178773854e-18
    outer loop
      vertex 9.37224318643355 60.63000000000001 3.2
      vertex 9.248700678495112 60.445105570685186 3.2
      vertex 9.248700678495112 60.445105570685186 5.949999999999999
    endloop
  endfacet
  facet normal -0.442288690219009 0.8968727415326844 1.7172455815007994e-18
    outer loop
      vertex 8.75 60.00775681356646 3.2
      vertex 8.550561835020659 59.90940479473082 3.2
      vertex 8.550561835020659 59.90940479473082 5.949999999999999
    endloop
  endfacet
  facet normal -0.5555702330195746 0.8314696123025637 1.846889183266622e-18
    outer loop
      vertex 8.934894429314838 60.131299321504905 3.2
      vertex 8.75 60.00775681356646 3.2
      vertex 8.75 60.00775681356646 5.949999999999999
    endloop
  endfacet
  facet normal -0.6593458151000776 0.75183980747897 -1.3931438688774746e-18
    outer loop
      vertex 9.102081528017138 60.27791847198287 3.2
      vertex 8.934894429314838 60.131299321504905 3.2
      vertex 8.934894429314838 60.131299321504905 5.949999999999999
    endloop
  endfacet
  facet normal -0.7518398074789818 0.659345815100064 -1.669905105528744e-18
    outer loop
      vertex 9.248700678495112 60.445105570685186 3.2
      vertex 9.102081528017138 60.27791847198287 3.2
      vertex 9.102081528017138 60.27791847198287 5.949999999999999
    endloop
  endfacet
  facet normal 0.19509032201611148 0.9807852804032339 0
    outer loop
      vertex 7.460007623325723 59.83792609530859 3.2
      vertex 7.460007623325723 59.83792609530859 5.949999999999999
      vertex 7.678105473225912 59.79454373566453 3.2
    endloop
  endfacet
  facet normal 0.06540312923015168 0.9978589232386028 2.383929976006378e-19
    outer loop
      vertex 7.900000000000006 59.78000000000001 3.2
      vertex 7.678105473225912 59.79454373566453 3.2
      vertex 7.678105473225912 59.79454373566453 5.949999999999999
    endloop
  endfacet
  facet normal -0.06540312923015168 0.9978589232386028 -2.383929976006378e-19
    outer loop
      vertex 8.1218945267741 59.79454373566453 3.2
      vertex 7.900000000000006 59.78000000000001 3.2
      vertex 7.900000000000006 59.78000000000001 5.949999999999999
    endloop
  endfacet
  facet normal -0.19509032201611148 0.9807852804032339 -1.8219784865458747e-19
    outer loop
      vertex 8.339992376674289 59.83792609530859 3.2
      vertex 8.1218945267741 59.79454373566453 3.2
      vertex 8.1218945267741 59.79454373566453 5.949999999999999
    endloop
  endfacet
  facet normal -0.32143946530316087 0.9469301294951059 -1.3401128923319555e-18
    outer loop
      vertex 8.550561835020659 59.90940479473082 3.2
      vertex 8.339992376674289 59.83792609530859 3.2
      vertex 8.339992376674289 59.83792609530859 5.949999999999999
    endloop
  endfacet
  facet normal -0.9469301294951059 0.32143946530316087 -1.3401128923319555e-18
    outer loop
      vertex 9.54207390469142 61.04000762332572 3.2
      vertex 9.470595205269191 60.82943816497935 3.2
      vertex 9.470595205269191 60.82943816497935 5.949999999999999
    endloop
  endfacet
  facet normal -0.8968727415326844 0.442288690219009 1.7172455815007994e-18
    outer loop
      vertex 9.470595205269191 60.82943816497935 3.2
      vertex 9.37224318643355 60.63000000000001 3.2
      vertex 9.37224318643355 60.63000000000001 5.949999999999999
    endloop
  endfacet
  facet normal 0 0 -1
    outer loop
      vertex 7.123542864692439 64.37777747886722 3.2
      vertex 7.900000000000006 64.48 3.2
      vertex 6.751949702904739 64.25163859753387 3.2
    endloop
  endfacet
  facet normal 0 0 -1
    outer loop
      vertex 6.400000000000006 64.07807621135332 3.2
      vertex 9.048050297095273 64.25163859753387 3.2
      vertex 6.073715712973851 63.86006002087371 3.2
    endloop
  endfacet
  facet normal 0 0 -1
    outer loop
      vertex 6.751949702904739 64.25163859753387 3.2
      vertex 8.676457135307572 64.37777747886722 3.2
      vertex 6.400000000000006 64.07807621135332 3.2
    endloop
  endfacet
  facet normal 0 0 -1
    outer loop
      vertex 6.073715712973851 63.86006002087371 3.2
      vertex 9.400000000000006 64.07807621135332 3.2
      vertex 5.77867965644036 63.60132034355965 3.2
    endloop
  endfacet
  facet normal 0 0 -1
    outer loop
      vertex 5.77867965644036 63.60132034355965 3.2
      vertex 9.72628428702616 63.86006002087371 3.2
      vertex 5.519939979126306 63.306284287026166 3.2
    endloop
  endfacet
  facet normal 0 0 -1
    outer loop
      vertex 7.460007623325723 63.12207390469142 3.2
      vertex 7.2494381649793525 63.0505952052692 3.2
      vertex 5.519939979126306 63.306284287026166 3.2
    endloop
  endfacet
  facet normal 0 0 -1
    outer loop
      vertex 7.678105473225912 63.16545626433548 3.2
      vertex 7.460007623325723 63.12207390469142 3.2
      vertex 5.519939979126306 63.306284287026166 3.2
    endloop
  endfacet
  facet normal 0 0 -1
    outer loop
      vertex 7.900000000000006 63.18000000000001 3.2
      vertex 7.678105473225912 63.16545626433548 3.2
      vertex 5.519939979126306 63.306284287026166 3.2
    endloop
  endfacet
  facet normal 0 0 -1
    outer loop
      vertex 6.427756813566461 62.330000000000005 3.2
      vertex 5.0022225211327935 62.25645713530757 3.2
      vertex 5.12836140246614 62.62805029709528 3.2
    endloop
  endfacet
  facet normal 0 0 -1
    outer loop
      vertex 6.257926095308591 61.919992376674294 3.2
      vertex 4.925665415878569 61.87157857666016 3.2
      vertex 5.0022225211327935 62.25645713530757 3.2
    endloop
  endfacet
  facet normal 0 0 -1
    outer loop
      vertex 6.2145437356645346 61.7018945267741 3.2
      vertex 4.900000000000006 61.480000000000004 3.2
      vertex 4.925665415878569 61.87157857666016 3.2
    endloop
  endfacet
  facet normal 0 0 -1
    outer loop
      vertex 6.200000000000003 61.480000000000004 3.2
      vertex 4.925665415878569 61.08842142333985 3.2
      vertex 4.900000000000006 61.480000000000004 3.2
    endloop
  endfacet
  facet normal 0 0 -1
    outer loop
      vertex 6.2145437356645346 61.25810547322592 3.2
      vertex 5.002222521132794 60.703542864692444 3.2
      vertex 4.925665415878569 61.08842142333985 3.2
    endloop
  endfacet
  facet normal 0 0 -1
    outer loop
      vertex 6.697918471982874 62.682081528017136 3.2
      vertex 5.30192378864669 62.980000000000004 3.2
      vertex 5.519939979126306 63.306284287026166 3.2
    endloop
  endfacet
  facet normal 0 0 -1
    outer loop
      vertex 6.697918471982874 62.682081528017136 3.2
      vertex 5.12836140246614 62.62805029709528 3.2
      vertex 5.30192378864669 62.980000000000004 3.2
    endloop
  endfacet
  facet normal 0 0 -1
    outer loop
      vertex 7.050000000000011 62.95224318643355 3.2
      vertex 6.865105570685174 62.82870067849511 3.2
      vertex 5.519939979126306 63.306284287026166 3.2
    endloop
  endfacet
  facet normal 0 0 -1
    outer loop
      vertex 6.865105570685174 62.82870067849511 3.2
      vertex 6.697918471982874 62.682081528017136 3.2
      vertex 5.519939979126306 63.306284287026166 3.2
    endloop
  endfacet
  facet normal 0 0 -1
    outer loop
      vertex 6.697918471982874 62.682081528017136 3.2
      vertex 6.551299321504899 62.51489442931483 3.2
      vertex 5.12836140246614 62.62805029709528 3.2
    endloop
  endfacet
  facet normal 0 0 -1
    outer loop
      vertex 6.551299321504899 62.51489442931483 3.2
      vertex 6.427756813566461 62.330000000000005 3.2
      vertex 5.12836140246614 62.62805029709528 3.2
    endloop
  endfacet
  facet normal 0 0 -1
    outer loop
      vertex 6.427756813566461 62.330000000000005 3.2
      vertex 6.32940479473082 62.13056183502066 3.2
      vertex 5.0022225211327935 62.25645713530757 3.2
    endloop
  endfacet
  facet normal 0 0 -1
    outer loop
      vertex 6.32940479473082 62.13056183502066 3.2
      vertex 6.257926095308591 61.919992376674294 3.2
      vertex 5.0022225211327935 62.25645713530757 3.2
    endloop
  endfacet
  facet normal 0 0 -1
    outer loop
      vertex 7.2494381649793525 63.0505952052692 3.2
      vertex 7.050000000000011 62.95224318643355 3.2
      vertex 5.519939979126306 63.306284287026166 3.2
    endloop
  endfacet
  facet normal 0 0 -1
    outer loop
      vertex 6.257926095308591 61.919992376674294 3.2
      vertex 6.2145437356645346 61.7018945267741 3.2
      vertex 4.925665415878569 61.87157857666016 3.2
    endloop
  endfacet
  facet normal 0 0 -1
    outer loop
      vertex 6.2145437356645346 61.7018945267741 3.2
      vertex 6.200000000000003 61.480000000000004 3.2
      vertex 4.900000000000006 61.480000000000004 3.2
    endloop
  endfacet
  facet normal 0 0 -1
    outer loop
      vertex 6.200000000000003 61.480000000000004 3.2
      vertex 6.2145437356645346 61.25810547322592 3.2
      vertex 4.925665415878569 61.08842142333985 3.2
    endloop
  endfacet
  facet normal 0 0 -1
    outer loop
      vertex 6.2145437356645346 61.25810547322592 3.2
      vertex 6.257926095308591 61.04000762332572 3.2
      vertex 5.002222521132794 60.703542864692444 3.2
    endloop
  endfacet
  facet normal 0 0 -1
    outer loop
      vertex 7.123542864692439 64.37777747886722 3.2
      vertex 7.508421423339854 64.45433458412144 3.2
      vertex 7.900000000000006 64.48 3.2
    endloop
  endfacet
  facet normal 0 0 -1
    outer loop
      vertex 8.291578576660157 64.45433458412144 3.2
      vertex 6.751949702904739 64.25163859753387 3.2
      vertex 7.900000000000006 64.48 3.2
    endloop
  endfacet
  facet normal 0 0 -1
    outer loop
      vertex 8.676457135307572 64.37777747886722 3.2
      vertex 6.751949702904739 64.25163859753387 3.2
      vertex 8.291578576660157 64.45433458412144 3.2
    endloop
  endfacet
  facet normal 0 0 -1
    outer loop
      vertex 9.048050297095273 64.25163859753387 3.2
      vertex 6.400000000000006 64.07807621135332 3.2
      vertex 8.676457135307572 64.37777747886722 3.2
    endloop
  endfacet
  facet normal 0 0 -1
    outer loop
      vertex 9.400000000000006 64.07807621135332 3.2
      vertex 6.073715712973851 63.86006002087371 3.2
      vertex 9.048050297095273 64.25163859753387 3.2
    endloop
  endfacet
  facet normal 0 0 -1
    outer loop
      vertex 9.72628428702616 63.86006002087371 3.2
      vertex 5.77867965644036 63.60132034355965 3.2
      vertex 9.400000000000006 64.07807621135332 3.2
    endloop
  endfacet
  facet normal 0 0 -1
    outer loop
      vertex 7.900000000000006 63.18000000000001 3.2
      vertex 5.519939979126306 63.306284287026166 3.2
      vertex 10.021320343559651 63.60132034355965 3.2
    endloop
  endfacet
  facet normal 0 0 -1
    outer loop
      vertex 10.021320343559651 63.60132034355965 3.2
      vertex 5.519939979126306 63.306284287026166 3.2
      vertex 9.72628428702616 63.86006002087371 3.2
    endloop
  endfacet
  facet normal 0 0 -1
    outer loop
      vertex 8.1218945267741 63.16545626433548 3.2
      vertex 7.900000000000006 63.18000000000001 3.2
      vertex 10.021320343559651 63.60132034355965 3.2
    endloop
  endfacet
  facet normal 0 0 -1
    outer loop
      vertex 8.339992376674289 63.12207390469142 3.2
      vertex 8.1218945267741 63.16545626433548 3.2
      vertex 10.021320343559651 63.60132034355965 3.2
    endloop
  endfacet
  facet normal 0 0 -1
    outer loop
      vertex 8.550561835020659 63.0505952052692 3.2
      vertex 8.339992376674289 63.12207390469142 3.2
      vertex 10.021320343559651 63.60132034355965 3.2
    endloop
  endfacet
  facet normal 0 0 -1
    outer loop
      vertex 8.550561835020659 63.0505952052692 3.2
      vertex 10.021320343559651 63.60132034355965 3.2
      vertex 10.280060020873705 63.306284287026166 3.2
    endloop
  endfacet
  facet normal 0 0 -1
    outer loop
      vertex 8.75 62.95224318643355 3.2
      vertex 8.550561835020659 63.0505952052692 3.2
      vertex 10.280060020873705 63.306284287026166 3.2
    endloop
  endfacet
  facet normal 0 0 -1
    outer loop
      vertex 8.75 62.95224318643355 3.2
      vertex 10.280060020873705 63.306284287026166 3.2
      vertex 8.934894429314838 62.82870067849511 3.2
    endloop
  endfacet
  facet normal 0 0 -1
    outer loop
      vertex 8.934894429314838 62.82870067849511 3.2
      vertex 10.280060020873705 63.306284287026166 3.2
      vertex 9.102081528017138 62.682081528017136 3.2
    endloop
  endfacet
  facet normal 0 0 -1
    outer loop
      vertex 9.248700678495112 62.51489442931483 3.2
      vertex 9.102081528017138 62.682081528017136 3.2
      vertex 10.498076211353322 62.980000000000004 3.2
    endloop
  endfacet
  facet normal 0 0 -1
    outer loop
      vertex 9.248700678495112 62.51489442931483 3.2
      vertex 10.498076211353322 62.980000000000004 3.2
      vertex 9.37224318643355 62.330000000000005 3.2
    endloop
  endfacet
  facet normal 0 0 -1
    outer loop
      vertex 9.102081528017138 62.682081528017136 3.2
      vertex 10.280060020873705 63.306284287026166 3.2
      vertex 10.498076211353322 62.980000000000004 3.2
    endloop
  endfacet
  facet normal 0 0 -1
    outer loop
      vertex 9.37224318643355 62.330000000000005 3.2
      vertex 10.498076211353322 62.980000000000004 3.2
      vertex 10.671638597533871 62.62805029709528 3.2
    endloop
  endfacet
  facet normal 0 0 -1
    outer loop
      vertex 9.37224318643355 62.330000000000005 3.2
      vertex 10.671638597533871 62.62805029709528 3.2
      vertex 9.470595205269191 62.13056183502066 3.2
    endloop
  endfacet
  facet normal 0 0 -1
    outer loop
      vertex 9.470595205269191 62.13056183502066 3.2
      vertex 10.671638597533871 62.62805029709528 3.2
      vertex 9.54207390469142 61.919992376674294 3.2
    endloop
  endfacet
  facet normal 0 0 -1
    outer loop
      vertex 9.54207390469142 61.919992376674294 3.2
      vertex 10.671638597533871 62.62805029709528 3.2
      vertex 10.797777478867218 62.25645713530757 3.2
    endloop
  endfacet
  facet normal 0 0 -1
    outer loop
      vertex 9.54207390469142 61.919992376674294 3.2
      vertex 10.797777478867218 62.25645713530757 3.2
      vertex 9.585456264335477 61.7018945267741 3.2
    endloop
  endfacet
  facet normal 0 0 -1
    outer loop
      vertex 9.585456264335477 61.7018945267741 3.2
      vertex 10.874334584121442 61.87157857666016 3.2
      vertex 9.600000000000009 61.480000000000004 3.2
    endloop
  endfacet
  facet normal 0 0 -1
    outer loop
      vertex 9.600000000000009 61.480000000000004 3.2
      vertex 10.900000000000006 61.480000000000004 3.2
      vertex 9.585456264335477 61.25810547322592 3.2
    endloop
  endfacet
  facet normal 0 0 -1
    outer loop
      vertex 9.585456264335477 61.25810547322592 3.2
      vertex 10.874334584121442 61.08842142333985 3.2
      vertex 9.54207390469142 61.04000762332572 3.2
    endloop
  endfacet
  facet normal 0 0 -1
    outer loop
      vertex 9.585456264335477 61.7018945267741 3.2
      vertex 10.797777478867218 62.25645713530757 3.2
      vertex 10.874334584121442 61.87157857666016 3.2
    endloop
  endfacet
  facet normal 0 0 -1
    outer loop
      vertex 9.600000000000009 61.480000000000004 3.2
      vertex 10.874334584121442 61.87157857666016 3.2
      vertex 10.900000000000006 61.480000000000004 3.2
    endloop
  endfacet
  facet normal 0 0 -1
    outer loop
      vertex 9.585456264335477 61.25810547322592 3.2
      vertex 10.900000000000006 61.480000000000004 3.2
      vertex 10.874334584121442 61.08842142333985 3.2
    endloop
  endfacet
  facet normal 0 0 -1
    outer loop
      vertex 6.257926095308591 61.04000762332572 3.2
      vertex 5.12836140246614 60.33194970290474 3.2
      vertex 5.002222521132794 60.703542864692444 3.2
    endloop
  endfacet
  facet normal 0 0 -1
    outer loop
      vertex 6.427756813566461 60.63000000000001 3.2
      vertex 5.30192378864669 59.980000000000004 3.2
      vertex 5.12836140246614 60.33194970290474 3.2
    endloop
  endfacet
  facet normal 0 0 -1
    outer loop
      vertex 6.257926095308591 61.04000762332572 3.2
      vertex 6.32940479473082 60.82943816497935 3.2
      vertex 5.12836140246614 60.33194970290474 3.2
    endloop
  endfacet
  facet normal 0 0 -1
    outer loop
      vertex 6.32940479473082 60.82943816497935 3.2
      vertex 6.427756813566461 60.63000000000001 3.2
      vertex 5.12836140246614 60.33194970290474 3.2
    endloop
  endfacet
  facet normal 0 0 -1
    outer loop
      vertex 6.697918471982874 60.27791847198287 3.2
      vertex 5.519939979126306 59.65371571297385 3.2
      vertex 5.30192378864669 59.980000000000004 3.2
    endloop
  endfacet
  facet normal 0 0 -1
    outer loop
      vertex 6.427756813566461 60.63000000000001 3.2
      vertex 6.551299321504899 60.445105570685186 3.2
      vertex 5.30192378864669 59.980000000000004 3.2
    endloop
  endfacet
  facet normal 0 0 -1
    outer loop
      vertex 6.551299321504899 60.445105570685186 3.2
      vertex 6.697918471982874 60.27791847198287 3.2
      vertex 5.30192378864669 59.980000000000004 3.2
    endloop
  endfacet
  facet normal 0 0 -1
    outer loop
      vertex 6.697918471982874 60.27791847198287 3.2
      vertex 6.865105570685174 60.131299321504905 3.2
      vertex 5.519939979126306 59.65371571297385 3.2
    endloop
  endfacet
  facet normal 0 0 -1
    outer loop
      vertex 6.865105570685174 60.131299321504905 3.2
      vertex 7.050000000000011 60.00775681356646 3.2
      vertex 5.519939979126306 59.65371571297385 3.2
    endloop
  endfacet
  facet normal 0 0 -1
    outer loop
      vertex 7.2494381649793525 59.90940479473082 3.2
      vertex 5.77867965644036 59.358679656440366 3.2
      vertex 5.519939979126306 59.65371571297385 3.2
    endloop
  endfacet
  facet normal 0 0 -1
    outer loop
      vertex 7.050000000000011 60.00775681356646 3.2
      vertex 7.2494381649793525 59.90940479473082 3.2
      vertex 5.519939979126306 59.65371571297385 3.2
    endloop
  endfacet
  facet normal 0 0 -1
    outer loop
      vertex 7.460007623325723 59.83792609530859 3.2
      vertex 5.77867965644036 59.358679656440366 3.2
      vertex 7.2494381649793525 59.90940479473082 3.2
    endloop
  endfacet
  facet normal 0 0 -1
    outer loop
      vertex 7.460007623325723 59.83792609530859 3.2
      vertex 7.678105473225912 59.79454373566453 3.2
      vertex 5.77867965644036 59.358679656440366 3.2
    endloop
  endfacet
  facet normal 0 0 -1
    outer loop
      vertex 7.900000000000006 59.78000000000001 3.2
      vertex 5.77867965644036 59.358679656440366 3.2
      vertex 7.678105473225912 59.79454373566453 3.2
    endloop
  endfacet
  facet normal 0 0 -1
    outer loop
      vertex 5.77867965644036 59.358679656440366 3.2
      vertex 10.280060020873705 59.65371571297385 3.2
      vertex 6.073715712973851 59.099939979126304 3.2
    endloop
  endfacet
  facet normal 0 0 -1
    outer loop
      vertex 8.934894429314838 60.131299321504905 3.2
      vertex 10.280060020873705 59.65371571297385 3.2
      vertex 8.75 60.00775681356646 3.2
    endloop
  endfacet
  facet normal 0 0 -1
    outer loop
      vertex 7.900000000000006 59.78000000000001 3.2
      vertex 10.280060020873705 59.65371571297385 3.2
      vertex 5.77867965644036 59.358679656440366 3.2
    endloop
  endfacet
  facet normal 0 0 -1
    outer loop
      vertex 6.073715712973851 59.099939979126304 3.2
      vertex 10.021320343559651 59.358679656440366 3.2
      vertex 6.400000000000006 58.88192378864669 3.2
    endloop
  endfacet
  facet normal 0 0 -1
    outer loop
      vertex 6.400000000000006 58.88192378864669 3.2
      vertex 9.72628428702616 59.099939979126304 3.2
      vertex 6.751949702904739 58.708361402466146 3.2
    endloop
  endfacet
  facet normal 0 0 -1
    outer loop
      vertex 8.1218945267741 59.79454373566453 3.2
      vertex 10.280060020873705 59.65371571297385 3.2
      vertex 7.900000000000006 59.78000000000001 3.2
    endloop
  endfacet
  facet normal 0 0 -1
    outer loop
      vertex 10.021320343559651 59.358679656440366 3.2
      vertex 6.073715712973851 59.099939979126304 3.2
      vertex 10.280060020873705 59.65371571297385 3.2
    endloop
  endfacet
  facet normal 0 0 -1
    outer loop
      vertex 8.339992376674289 59.83792609530859 3.2
      vertex 10.280060020873705 59.65371571297385 3.2
      vertex 8.1218945267741 59.79454373566453 3.2
    endloop
  endfacet
  facet normal 0 0 -1
    outer loop
      vertex 8.550561835020659 59.90940479473082 3.2
      vertex 10.280060020873705 59.65371571297385 3.2
      vertex 8.339992376674289 59.83792609530859 3.2
    endloop
  endfacet
  facet normal 0 0 -1
    outer loop
      vertex 8.75 60.00775681356646 3.2
      vertex 10.280060020873705 59.65371571297385 3.2
      vertex 8.550561835020659 59.90940479473082 3.2
    endloop
  endfacet
  facet normal 0 0 -1
    outer loop
      vertex 9.72628428702616 59.099939979126304 3.2
      vertex 6.400000000000006 58.88192378864669 3.2
      vertex 10.021320343559651 59.358679656440366 3.2
    endloop
  endfacet
  facet normal 0 0 -1
    outer loop
      vertex 9.400000000000006 58.88192378864669 3.2
      vertex 6.751949702904739 58.708361402466146 3.2
      vertex 9.72628428702616 59.099939979126304 3.2
    endloop
  endfacet
  facet normal 0 0 -1
    outer loop
      vertex 9.37224318643355 60.63000000000001 3.2
      vertex 10.671638597533871 60.33194970290474 3.2
      vertex 9.248700678495112 60.445105570685186 3.2
    endloop
  endfacet
  facet normal 0 0 -1
    outer loop
      vertex 9.54207390469142 61.04000762332572 3.2
      vertex 10.797777478867218 60.703542864692444 3.2
      vertex 9.470595205269191 60.82943816497935 3.2
    endloop
  endfacet
  facet normal 0 0 -1
    outer loop
      vertex 9.470595205269191 60.82943816497935 3.2
      vertex 10.797777478867218 60.703542864692444 3.2
      vertex 9.37224318643355 60.63000000000001 3.2
    endloop
  endfacet
  facet normal 0 0 -1
    outer loop
      vertex 9.37224318643355 60.63000000000001 3.2
      vertex 10.797777478867218 60.703542864692444 3.2
      vertex 10.671638597533871 60.33194970290474 3.2
    endloop
  endfacet
  facet normal 0 0 -1
    outer loop
      vertex 9.248700678495112 60.445105570685186 3.2
      vertex 10.671638597533871 60.33194970290474 3.2
      vertex 9.102081528017138 60.27791847198287 3.2
    endloop
  endfacet
  facet normal 0 0 -1
    outer loop
      vertex 9.102081528017138 60.27791847198287 3.2
      vertex 10.280060020873705 59.65371571297385 3.2
      vertex 8.934894429314838 60.131299321504905 3.2
    endloop
  endfacet
  facet normal 0 0 -1
    outer loop
      vertex 9.102081528017138 60.27791847198287 3.2
      vertex 10.671638597533871 60.33194970290474 3.2
      vertex 10.498076211353322 59.980000000000004 3.2
    endloop
  endfacet
  facet normal 0 0 -1
    outer loop
      vertex 9.102081528017138 60.27791847198287 3.2
      vertex 10.498076211353322 59.980000000000004 3.2
      vertex 10.280060020873705 59.65371571297385 3.2
    endloop
  endfacet
  facet normal 0 0 -1
    outer loop
      vertex 9.54207390469142 61.04000762332572 3.2
      vertex 10.874334584121442 61.08842142333985 3.2
      vertex 10.797777478867218 60.703542864692444 3.2
    endloop
  endfacet
  facet normal 0 0 -1
    outer loop
      vertex 6.751949702904739 58.708361402466146 3.2
      vertex 9.400000000000006 58.88192378864669 3.2
      vertex 7.123542864692439 58.582222521132806 3.2
    endloop
  endfacet
  facet normal 0 0 -1
    outer loop
      vertex 7.123542864692439 58.582222521132806 3.2
      vertex 9.048050297095273 58.708361402466146 3.2
      vertex 7.508421423339854 58.505665415878575 3.2
    endloop
  endfacet
  facet normal 0 0 -1
    outer loop
      vertex 7.508421423339854 58.505665415878575 3.2
      vertex 9.048050297095273 58.708361402466146 3.2
      vertex 7.900000000000006 58.480000000000004 3.2
    endloop
  endfacet
  facet normal 0 0 -1
    outer loop
      vertex 8.676457135307572 58.582222521132806 3.2
      vertex 8.291578576660157 58.505665415878575 3.2
      vertex 7.900000000000006 58.480000000000004 3.2
    endloop
  endfacet
  facet normal 0 0 -1
    outer loop
      vertex 9.048050297095273 58.708361402466146 3.2
      vertex 7.123542864692439 58.582222521132806 3.2
      vertex 9.400000000000006 58.88192378864669 3.2
    endloop
  endfacet
  facet normal 0 0 -1
    outer loop
      vertex 8.676457135307572 58.582222521132806 3.2
      vertex 7.900000000000006 58.480000000000004 3.2
      vertex 9.048050297095273 58.708361402466146 3.2
    endloop
  endfacet
  facet normal 0.7518398074789957 -0.659345815100048 9.99084909856442e-18
    outer loop
      vertex 5.707968978321702 63.67203102167831 1.5999999999999996
      vertex 5.4406046450971814 63.36716042992704 1.5999999999999996
      vertex 5.4406046450971814 63.36716042992704 0
    endloop
  endfacet
  facet normal 0.32143946530313994 -0.946930129495113 -4.785604472758409e-19
    outer loop
      vertex 7.097660960182196 64.47437006149612 1.5999999999999996
      vertex 6.713681359668229 64.344026550785 1.5999999999999996
      vertex 6.713681359668229 64.344026550785 0
    endloop
  endfacet
  facet normal 0.19509032201612891 -0.9807852804032303 -2.4127556213675503e-19
    outer loop
      vertex 7.495368804117845 64.55347907025882 1.5999999999999996
      vertex 7.097660960182196 64.47437006149612 1.5999999999999996
      vertex 7.097660960182196 64.47437006149612 0
    endloop
  endfacet
  facet normal 0.6593458151000579 -0.7518398074789869 -9.393955526536289e-18
    outer loop
      vertex 6.01283957007297 63.939395354902835 1.5999999999999996
      vertex 5.707968978321702 63.67203102167831 1.5999999999999996
      vertex 5.707968978321702 63.67203102167831 0
    endloop
  endfacet
  facet normal 0.5555702330196042 -0.8314696123025439 -1.2725229181213078e-18
    outer loop
      vertex 6.3500000000000085 64.16467875173177 1.5999999999999996
      vertex 6.01283957007297 63.939395354902835 1.5999999999999996
      vertex 6.01283957007297 63.939395354902835 0
    endloop
  endfacet
  facet normal 0.44228869021900924 -0.8968727415326845 2.2053952431579777e-18
    outer loop
      vertex 6.713681359668229 64.344026550785 1.5999999999999996
      vertex 6.3500000000000085 64.16467875173177 1.5999999999999996
      vertex 6.3500000000000085 64.16467875173177 0
    endloop
  endfacet
  facet normal 0.8968727415327017 -0.442288690218974 0
    outer loop
      vertex 5.035973449215021 62.66631864033178 1.5999999999999996
      vertex 5.035973449215021 62.66631864033178 0
      vertex 5.215321248268239 63.03000000000001 1.5999999999999996
    endloop
  endfacet
  facet normal 0.8314696123025304 -0.5555702330196244 4.738932655584358e-18
    outer loop
      vertex 5.4406046450971814 63.36716042992704 1.5999999999999996
      vertex 5.215321248268239 63.03000000000001 1.5999999999999996
      vertex 5.215321248268239 63.03000000000001 0
    endloop
  endfacet
  facet normal 0.9469301294951006 -0.3214394653031767 -1.3505556293621368e-18
    outer loop
      vertex 5.035973449215021 62.66631864033178 1.5999999999999996
      vertex 4.905629938503893 62.28233903981782 1.5999999999999996
      vertex 4.905629938503893 62.28233903981782 0
    endloop
  endfacet
  facet normal 0.980785280403231 -0.19509032201612556 0
    outer loop
      vertex 4.826520929741193 61.884631195882164 1.5999999999999996
      vertex 4.826520929741193 61.884631195882164 0
      vertex 4.905629938503893 62.28233903981782 1.5999999999999996
    endloop
  endfacet
  facet normal 0.9978589232386045 -0.06540312923012763 0
    outer loop
      vertex 4.800000000000011 61.480000000000004 1.5999999999999996
      vertex 4.800000000000011 61.480000000000004 0
      vertex 4.826520929741193 61.884631195882164 1.5999999999999996
    endloop
  endfacet
  facet normal 0.9978589232386045 0.06540312923012763 0
    outer loop
      vertex 4.826520929741193 61.07536880411784 1.5999999999999996
      vertex 4.826520929741193 61.07536880411784 0
      vertex 4.800000000000011 61.480000000000004 1.5999999999999996
    endloop
  endfacet
  facet normal 0.06540312923016253 -0.9978589232386023 7.593408046928341e-19
    outer loop
      vertex 7.900000000000006 64.58000000000001 1.5999999999999996
      vertex 7.495368804117845 64.55347907025882 1.5999999999999996
      vertex 7.495368804117845 64.55347907025882 0
    endloop
  endfacet
  facet normal -0.06540312923016253 -0.9978589232386023 -7.593408046928341e-19
    outer loop
      vertex 8.304631195882166 64.55347907025882 1.5999999999999996
      vertex 7.900000000000006 64.58000000000001 1.5999999999999996
      vertex 7.900000000000006 64.58000000000001 0
    endloop
  endfacet
  facet normal -0.19509032201612891 -0.9807852804032303 2.4127556213675503e-19
    outer loop
      vertex 8.702339039817815 64.47437006149612 1.5999999999999996
      vertex 8.304631195882166 64.55347907025882 1.5999999999999996
      vertex 8.304631195882166 64.55347907025882 0
    endloop
  endfacet
  facet normal -0.32143946530313994 -0.946930129495113 4.785604472758409e-19
    outer loop
      vertex 9.086318640331783 64.344026550785 1.5999999999999996
      vertex 8.702339039817815 64.47437006149612 1.5999999999999996
      vertex 8.702339039817815 64.47437006149612 0
    endloop
  endfacet
  facet normal -0.44228869021900924 -0.8968727415326845 -2.2053952431579777e-18
    outer loop
      vertex 9.450000000000003 64.16467875173177 1.5999999999999996
      vertex 9.086318640331783 64.344026550785 1.5999999999999996
      vertex 9.086318640331783 64.344026550785 0
    endloop
  endfacet
  facet normal -0.5555702330196042 -0.8314696123025439 1.2725229181213078e-18
    outer loop
      vertex 9.787160429927042 63.939395354902835 1.5999999999999996
      vertex 9.450000000000003 64.16467875173177 1.5999999999999996
      vertex 9.450000000000003 64.16467875173177 0
    endloop
  endfacet
  facet normal -0.6593458151000579 -0.7518398074789869 9.393955526536289e-18
    outer loop
      vertex 10.09203102167831 63.67203102167831 1.5999999999999996
      vertex 9.787160429927042 63.939395354902835 1.5999999999999996
      vertex 9.787160429927042 63.939395354902835 0
    endloop
  endfacet
  facet normal -0.7518398074789957 -0.659345815100048 -9.99084909856442e-18
    outer loop
      vertex 10.35939535490283 63.36716042992704 1.5999999999999996
      vertex 10.09203102167831 63.67203102167831 1.5999999999999996
      vertex 10.09203102167831 63.67203102167831 0
    endloop
  endfacet
  facet normal -0.8314696123025304 -0.5555702330196244 -4.738932655584358e-18
    outer loop
      vertex 10.584678751731772 63.03000000000001 1.5999999999999996
      vertex 10.35939535490283 63.36716042992704 1.5999999999999996
      vertex 10.35939535490283 63.36716042992704 0
    endloop
  endfacet
  facet normal -0.8968727415327017 -0.442288690218974 1.02786256046312e-17
    outer loop
      vertex 10.76402655078499 62.66631864033178 1.5999999999999996
      vertex 10.584678751731772 63.03000000000001 1.5999999999999996
      vertex 10.584678751731772 63.03000000000001 0
    endloop
  endfacet
  facet normal -0.9469301294951006 -0.3214394653031767 1.3505556293621368e-18
    outer loop
      vertex 10.894370061496119 62.28233903981782 1.5999999999999996
      vertex 10.76402655078499 62.66631864033178 1.5999999999999996
      vertex 10.76402655078499 62.66631864033178 0
    endloop
  endfacet
  facet normal -0.980785280403231 -0.19509032201612556 1.597266151180132e-19
    outer loop
      vertex 10.973479070258819 61.884631195882164 1.5999999999999996
      vertex 10.894370061496119 62.28233903981782 1.5999999999999996
      vertex 10.894370061496119 62.28233903981782 0
    endloop
  endfacet
  facet normal -0.9978589232386045 -0.06540312923012763 1.2159064595591747e-18
    outer loop
      vertex 11 61.480000000000004 1.5999999999999996
      vertex 10.973479070258819 61.884631195882164 1.5999999999999996
      vertex 10.973479070258819 61.884631195882164 0
    endloop
  endfacet
  facet normal -0.9978589232386045 0.06540312923012763 0
    outer loop
      vertex 11 61.480000000000004 1.5999999999999996
      vertex 11 61.480000000000004 0
      vertex 10.973479070258819 61.07536880411784 1.5999999999999996
    endloop
  endfacet
  facet normal 0.7518398074789957 -0.659345815100048 0
    outer loop
      vertex 5.707968978321702 63.67203102167831 1.5999999999999996
      vertex 5.4406046450971814 63.36716042992704 0
      vertex 5.707968978321702 63.67203102167831 0
    endloop
  endfacet
  facet normal 0.8314696123025304 -0.5555702330196244 0
    outer loop
      vertex 5.4406046450971814 63.36716042992704 1.5999999999999996
      vertex 5.215321248268239 63.03000000000001 0
      vertex 5.4406046450971814 63.36716042992704 0
    endloop
  endfacet
  facet normal 0.44228869021900924 -0.8968727415326845 0
    outer loop
      vertex 6.713681359668229 64.344026550785 1.5999999999999996
      vertex 6.3500000000000085 64.16467875173177 0
      vertex 6.713681359668229 64.344026550785 0
    endloop
  endfacet
  facet normal 0.32143946530313994 -0.946930129495113 0
    outer loop
      vertex 7.097660960182196 64.47437006149612 1.5999999999999996
      vertex 6.713681359668229 64.344026550785 0
      vertex 7.097660960182196 64.47437006149612 0
    endloop
  endfacet
  facet normal 0.19509032201612891 -0.9807852804032303 0
    outer loop
      vertex 7.495368804117845 64.55347907025882 1.5999999999999996
      vertex 7.097660960182196 64.47437006149612 0
      vertex 7.495368804117845 64.55347907025882 0
    endloop
  endfacet
  facet normal 0.6593458151000579 -0.7518398074789869 0
    outer loop
      vertex 6.01283957007297 63.939395354902835 1.5999999999999996
      vertex 5.707968978321702 63.67203102167831 0
      vertex 6.01283957007297 63.939395354902835 0
    endloop
  endfacet
  facet normal 0.5555702330196042 -0.8314696123025439 0
    outer loop
      vertex 6.3500000000000085 64.16467875173177 1.5999999999999996
      vertex 6.01283957007297 63.939395354902835 0
      vertex 6.3500000000000085 64.16467875173177 0
    endloop
  endfacet
  facet normal 0.8968727415327017 -0.442288690218974 0
    outer loop
      vertex 5.215321248268239 63.03000000000001 1.5999999999999996
      vertex 5.035973449215021 62.66631864033178 0
      vertex 5.215321248268239 63.03000000000001 0
    endloop
  endfacet
  facet normal 0.9469301294951006 -0.3214394653031767 0
    outer loop
      vertex 5.035973449215021 62.66631864033178 1.5999999999999996
      vertex 4.905629938503893 62.28233903981782 0
      vertex 5.035973449215021 62.66631864033178 0
    endloop
  endfacet
  facet normal 0.980785280403231 -0.19509032201612556 0
    outer loop
      vertex 4.905629938503893 62.28233903981782 1.5999999999999996
      vertex 4.826520929741193 61.884631195882164 0
      vertex 4.905629938503893 62.28233903981782 0
    endloop
  endfacet
  facet normal 0.9978589232386045 -0.06540312923012763 0
    outer loop
      vertex 4.826520929741193 61.884631195882164 1.5999999999999996
      vertex 4.800000000000011 61.480000000000004 0
      vertex 4.826520929741193 61.884631195882164 0
    endloop
  endfacet
  facet normal 0.9978589232386045 0.06540312923012763 0
    outer loop
      vertex 4.800000000000011 61.480000000000004 1.5999999999999996
      vertex 4.826520929741193 61.07536880411784 0
      vertex 4.800000000000011 61.480000000000004 0
    endloop
  endfacet
  facet normal 0.06540312923016253 -0.9978589232386023 0
    outer loop
      vertex 7.900000000000006 64.58000000000001 1.5999999999999996
      vertex 7.495368804117845 64.55347907025882 0
      vertex 7.900000000000006 64.58000000000001 0
    endloop
  endfacet
  facet normal -0.06540312923016253 -0.9978589232386023 0
    outer loop
      vertex 8.304631195882166 64.55347907025882 1.5999999999999996
      vertex 7.900000000000006 64.58000000000001 0
      vertex 8.304631195882166 64.55347907025882 0
    endloop
  endfacet
  facet normal -0.19509032201612891 -0.9807852804032303 0
    outer loop
      vertex 8.702339039817815 64.47437006149612 1.5999999999999996
      vertex 8.304631195882166 64.55347907025882 0
      vertex 8.702339039817815 64.47437006149612 0
    endloop
  endfacet
  facet normal -0.32143946530313994 -0.946930129495113 0
    outer loop
      vertex 9.086318640331783 64.344026550785 1.5999999999999996
      vertex 8.702339039817815 64.47437006149612 0
      vertex 9.086318640331783 64.344026550785 0
    endloop
  endfacet
  facet normal -0.44228869021900924 -0.8968727415326845 0
    outer loop
      vertex 9.450000000000003 64.16467875173177 1.5999999999999996
      vertex 9.086318640331783 64.344026550785 0
      vertex 9.450000000000003 64.16467875173177 0
    endloop
  endfacet
  facet normal -0.5555702330196042 -0.8314696123025439 0
    outer loop
      vertex 9.787160429927042 63.939395354902835 1.5999999999999996
      vertex 9.450000000000003 64.16467875173177 0
      vertex 9.787160429927042 63.939395354902835 0
    endloop
  endfacet
  facet normal -0.6593458151000579 -0.7518398074789869 0
    outer loop
      vertex 10.09203102167831 63.67203102167831 1.5999999999999996
      vertex 9.787160429927042 63.939395354902835 0
      vertex 10.09203102167831 63.67203102167831 0
    endloop
  endfacet
  facet normal -0.7518398074789957 -0.659345815100048 0
    outer loop
      vertex 10.35939535490283 63.36716042992704 1.5999999999999996
      vertex 10.09203102167831 63.67203102167831 0
      vertex 10.35939535490283 63.36716042992704 0
    endloop
  endfacet
  facet normal -0.8314696123025304 -0.5555702330196244 0
    outer loop
      vertex 10.584678751731772 63.03000000000001 1.5999999999999996
      vertex 10.35939535490283 63.36716042992704 0
      vertex 10.584678751731772 63.03000000000001 0
    endloop
  endfacet
  facet normal -0.8968727415327017 -0.442288690218974 0
    outer loop
      vertex 10.76402655078499 62.66631864033178 1.5999999999999996
      vertex 10.584678751731772 63.03000000000001 0
      vertex 10.76402655078499 62.66631864033178 0
    endloop
  endfacet
  facet normal -0.9469301294951006 -0.3214394653031767 0
    outer loop
      vertex 10.894370061496119 62.28233903981782 1.5999999999999996
      vertex 10.76402655078499 62.66631864033178 0
      vertex 10.894370061496119 62.28233903981782 0
    endloop
  endfacet
  facet normal -0.980785280403231 -0.19509032201612556 0
    outer loop
      vertex 10.973479070258819 61.884631195882164 1.5999999999999996
      vertex 10.894370061496119 62.28233903981782 0
      vertex 10.973479070258819 61.884631195882164 0
    endloop
  endfacet
  facet normal -0.9978589232386045 -0.06540312923012763 0
    outer loop
      vertex 11 61.480000000000004 1.5999999999999996
      vertex 10.973479070258819 61.884631195882164 0
      vertex 11 61.480000000000004 0
    endloop
  endfacet
  facet normal -0.9978589232386045 0.06540312923012763 0
    outer loop
      vertex 10.973479070258819 61.07536880411784 1.5999999999999996
      vertex 11 61.480000000000004 0
      vertex 10.973479070258819 61.07536880411784 0
    endloop
  endfacet
  facet normal 0.9807852804032303 0.19509032201612891 2.4127556213675503e-19
    outer loop
      vertex 4.826520929741193 61.07536880411784 1.5999999999999996
      vertex 4.905629938503893 60.677660960182195 1.5999999999999996
      vertex 4.905629938503893 60.677660960182195 0
    endloop
  endfacet
  facet normal 0.9469301294951024 0.3214394653031713 -3.694855139194375e-18
    outer loop
      vertex 4.905629938503893 60.677660960182195 1.5999999999999996
      vertex 5.035973449215021 60.29368135966823 1.5999999999999996
      vertex 5.035973449215021 60.29368135966823 0
    endloop
  endfacet
  facet normal 0.8968727415326984 0.44228869021898104 0
    outer loop
      vertex 5.215321248268239 59.93000000000001 1.5999999999999996
      vertex 5.215321248268239 59.93000000000001 0
      vertex 5.035973449215021 60.29368135966823 1.5999999999999996
    endloop
  endfacet
  facet normal 0.8314696123025358 0.5555702330196163 0
    outer loop
      vertex 5.4406046450971814 59.59283957007297 1.5999999999999996
      vertex 5.4406046450971814 59.59283957007297 0
      vertex 5.215321248268239 59.93000000000001 1.5999999999999996
    endloop
  endfacet
  facet normal 0.751839807478988 0.6593458151000567 0
    outer loop
      vertex 5.707968978321702 59.28796897832171 1.5999999999999996
      vertex 5.707968978321702 59.28796897832171 0
      vertex 5.4406046450971814 59.59283957007297 1.5999999999999996
    endloop
  endfacet
  facet normal 0.6593458151000579 0.7518398074789869 9.393955526536289e-18
    outer loop
      vertex 5.707968978321702 59.28796897832171 1.5999999999999996
      vertex 6.01283957007297 59.02060464509718 1.5999999999999996
      vertex 6.01283957007297 59.02060464509718 0
    endloop
  endfacet
  facet normal 0.5555702330196042 0.8314696123025439 1.2725229181213078e-18
    outer loop
      vertex 6.01283957007297 59.02060464509718 1.5999999999999996
      vertex 6.3500000000000085 58.795321248268245 1.5999999999999996
      vertex 6.3500000000000085 58.795321248268245 0
    endloop
  endfacet
  facet normal 0.4422886902189951 0.8968727415326914 2.1764703249708978e-18
    outer loop
      vertex 6.3500000000000085 58.795321248268245 1.5999999999999996
      vertex 6.713681359668229 58.61597344921502 1.5999999999999996
      vertex 6.713681359668229 58.61597344921502 0
    endloop
  endfacet
  facet normal 0.3214394653031713 0.9469301294951024 -3.694855139194375e-18
    outer loop
      vertex 6.713681359668229 58.61597344921502 1.5999999999999996
      vertex 7.097660960182196 58.48562993850389 1.5999999999999996
      vertex 7.097660960182196 58.48562993850389 0
    endloop
  endfacet
  facet normal 0.19509032201612891 0.9807852804032303 2.4127556213675503e-19
    outer loop
      vertex 7.097660960182196 58.48562993850389 1.5999999999999996
      vertex 7.495368804117845 58.40652092974119 1.5999999999999996
      vertex 7.495368804117845 58.40652092974119 0
    endloop
  endfacet
  facet normal -0.9807852804032303 0.19509032201612891 0
    outer loop
      vertex 10.973479070258819 61.07536880411784 1.5999999999999996
      vertex 10.973479070258819 61.07536880411784 0
      vertex 10.894370061496119 60.677660960182195 1.5999999999999996
    endloop
  endfacet
  facet normal -0.9469301294951024 0.3214394653031713 0
    outer loop
      vertex 10.894370061496119 60.677660960182195 1.5999999999999996
      vertex 10.894370061496119 60.677660960182195 0
      vertex 10.76402655078499 60.29368135966823 1.5999999999999996
    endloop
  endfacet
  facet normal -0.8968727415326984 0.44228869021898104 0
    outer loop
      vertex 10.76402655078499 60.29368135966823 1.5999999999999996
      vertex 10.76402655078499 60.29368135966823 0
      vertex 10.584678751731772 59.93000000000001 1.5999999999999996
    endloop
  endfacet
  facet normal -0.751839807478988 0.6593458151000567 0
    outer loop
      vertex 10.35939535490283 59.59283957007297 1.5999999999999996
      vertex 10.35939535490283 59.59283957007297 0
      vertex 10.09203102167831 59.28796897832171 1.5999999999999996
    endloop
  endfacet
  facet normal -0.5555702330196042 0.8314696123025439 -1.2725229181213078e-18
    outer loop
      vertex 9.450000000000003 58.795321248268245 1.5999999999999996
      vertex 9.787160429927042 59.02060464509718 1.5999999999999996
      vertex 9.787160429927042 59.02060464509718 0
    endloop
  endfacet
  facet normal -0.6593458151000579 0.7518398074789869 0
    outer loop
      vertex 10.09203102167831 59.28796897832171 1.5999999999999996
      vertex 10.09203102167831 59.28796897832171 0
      vertex 9.787160429927042 59.02060464509718 1.5999999999999996
    endloop
  endfacet
  facet normal -0.8314696123025358 0.5555702330196163 0
    outer loop
      vertex 10.584678751731772 59.93000000000001 1.5999999999999996
      vertex 10.584678751731772 59.93000000000001 0
      vertex 10.35939535490283 59.59283957007297 1.5999999999999996
    endloop
  endfacet
  facet normal 0.06540312923012763 0.9978589232386045 1.2159064595591747e-18
    outer loop
      vertex 7.495368804117845 58.40652092974119 1.5999999999999996
      vertex 7.900000000000006 58.38000000000001 1.5999999999999996
      vertex 7.900000000000006 58.38000000000001 0
    endloop
  endfacet
  facet normal -0.06540312923012763 0.9978589232386045 -1.2159064595591747e-18
    outer loop
      vertex 7.900000000000006 58.38000000000001 1.5999999999999996
      vertex 8.304631195882166 58.40652092974119 1.5999999999999996
      vertex 8.304631195882166 58.40652092974119 0
    endloop
  endfacet
  facet normal -0.19509032201612891 0.9807852804032303 -2.4127556213675503e-19
    outer loop
      vertex 8.304631195882166 58.40652092974119 1.5999999999999996
      vertex 8.702339039817815 58.48562993850389 1.5999999999999996
      vertex 8.702339039817815 58.48562993850389 0
    endloop
  endfacet
  facet normal -0.3214394653031713 0.9469301294951024 3.694855139194375e-18
    outer loop
      vertex 8.702339039817815 58.48562993850389 1.5999999999999996
      vertex 9.086318640331783 58.61597344921502 1.5999999999999996
      vertex 9.086318640331783 58.61597344921502 0
    endloop
  endfacet
  facet normal -0.4422886902189951 0.8968727415326914 -2.1764703249708978e-18
    outer loop
      vertex 9.086318640331783 58.61597344921502 1.5999999999999996
      vertex 9.450000000000003 58.795321248268245 1.5999999999999996
      vertex 9.450000000000003 58.795321248268245 0
    endloop
  endfacet
  facet normal 0.9807852804032303 0.19509032201612891 0
    outer loop
      vertex 4.826520929741193 61.07536880411784 1.5999999999999996
      vertex 4.905629938503893 60.677660960182195 0
      vertex 4.826520929741193 61.07536880411784 0
    endloop
  endfacet
  facet normal 0.9469301294951024 0.3214394653031713 0
    outer loop
      vertex 4.905629938503893 60.677660960182195 1.5999999999999996
      vertex 5.035973449215021 60.29368135966823 0
      vertex 4.905629938503893 60.677660960182195 0
    endloop
  endfacet
  facet normal 0.8968727415326984 0.44228869021898104 0
    outer loop
      vertex 5.035973449215021 60.29368135966823 1.5999999999999996
      vertex 5.215321248268239 59.93000000000001 0
      vertex 5.035973449215021 60.29368135966823 0
    endloop
  endfacet
  facet normal 0.8314696123025358 0.5555702330196163 0
    outer loop
      vertex 5.215321248268239 59.93000000000001 1.5999999999999996
      vertex 5.4406046450971814 59.59283957007297 0
      vertex 5.215321248268239 59.93000000000001 0
    endloop
  endfacet
  facet normal 0.751839807478988 0.6593458151000567 0
    outer loop
      vertex 5.4406046450971814 59.59283957007297 1.5999999999999996
      vertex 5.707968978321702 59.28796897832171 0
      vertex 5.4406046450971814 59.59283957007297 0
    endloop
  endfacet
  facet normal 0.6593458151000579 0.7518398074789869 0
    outer loop
      vertex 5.707968978321702 59.28796897832171 1.5999999999999996
      vertex 6.01283957007297 59.02060464509718 0
      vertex 5.707968978321702 59.28796897832171 0
    endloop
  endfacet
  facet normal 0.5555702330196042 0.8314696123025439 0
    outer loop
      vertex 6.01283957007297 59.02060464509718 1.5999999999999996
      vertex 6.3500000000000085 58.795321248268245 0
      vertex 6.01283957007297 59.02060464509718 0
    endloop
  endfacet
  facet normal 0.4422886902189951 0.8968727415326914 0
    outer loop
      vertex 6.3500000000000085 58.795321248268245 1.5999999999999996
      vertex 6.713681359668229 58.61597344921502 0
      vertex 6.3500000000000085 58.795321248268245 0
    endloop
  endfacet
  facet normal 0.3214394653031713 0.9469301294951024 0
    outer loop
      vertex 6.713681359668229 58.61597344921502 1.5999999999999996
      vertex 7.097660960182196 58.48562993850389 0
      vertex 6.713681359668229 58.61597344921502 0
    endloop
  endfacet
  facet normal 0.19509032201612891 0.9807852804032303 0
    outer loop
      vertex 7.097660960182196 58.48562993850389 1.5999999999999996
      vertex 7.495368804117845 58.40652092974119 0
      vertex 7.097660960182196 58.48562993850389 0
    endloop
  endfacet
  facet normal -0.9807852804032303 0.19509032201612891 0
    outer loop
      vertex 10.894370061496119 60.677660960182195 1.5999999999999996
      vertex 10.973479070258819 61.07536880411784 0
      vertex 10.894370061496119 60.677660960182195 0
    endloop
  endfacet
  facet normal -0.8968727415326984 0.44228869021898104 0
    outer loop
      vertex 10.584678751731772 59.93000000000001 1.5999999999999996
      vertex 10.76402655078499 60.29368135966823 0
      vertex 10.584678751731772 59.93000000000001 0
    endloop
  endfacet
  facet normal -0.9469301294951024 0.3214394653031713 0
    outer loop
      vertex 10.76402655078499 60.29368135966823 1.5999999999999996
      vertex 10.894370061496119 60.677660960182195 0
      vertex 10.76402655078499 60.29368135966823 0
    endloop
  endfacet
  facet normal -0.751839807478988 0.6593458151000567 0
    outer loop
      vertex 10.09203102167831 59.28796897832171 1.5999999999999996
      vertex 10.35939535490283 59.59283957007297 0
      vertex 10.09203102167831 59.28796897832171 0
    endloop
  endfacet
  facet normal -0.5555702330196042 0.8314696123025439 0
    outer loop
      vertex 9.450000000000003 58.795321248268245 1.5999999999999996
      vertex 9.787160429927042 59.02060464509718 0
      vertex 9.450000000000003 58.795321248268245 0
    endloop
  endfacet
  facet normal -0.6593458151000579 0.7518398074789869 0
    outer loop
      vertex 9.787160429927042 59.02060464509718 1.5999999999999996
      vertex 10.09203102167831 59.28796897832171 0
      vertex 9.787160429927042 59.02060464509718 0
    endloop
  endfacet
  facet normal -0.8314696123025358 0.5555702330196163 0
    outer loop
      vertex 10.35939535490283 59.59283957007297 1.5999999999999996
      vertex 10.584678751731772 59.93000000000001 0
      vertex 10.35939535490283 59.59283957007297 0
    endloop
  endfacet
  facet normal 0.06540312923012763 0.9978589232386045 0
    outer loop
      vertex 7.495368804117845 58.40652092974119 1.5999999999999996
      vertex 7.900000000000006 58.38000000000001 0
      vertex 7.495368804117845 58.40652092974119 0
    endloop
  endfacet
  facet normal -0.06540312923012763 0.9978589232386045 0
    outer loop
      vertex 7.900000000000006 58.38000000000001 1.5999999999999996
      vertex 8.304631195882166 58.40652092974119 0
      vertex 7.900000000000006 58.38000000000001 0
    endloop
  endfacet
  facet normal -0.3214394653031713 0.9469301294951024 0
    outer loop
      vertex 8.702339039817815 58.48562993850389 1.5999999999999996
      vertex 9.086318640331783 58.61597344921502 0
      vertex 8.702339039817815 58.48562993850389 0
    endloop
  endfacet
  facet normal -0.19509032201612891 0.9807852804032303 0
    outer loop
      vertex 8.304631195882166 58.40652092974119 1.5999999999999996
      vertex 8.702339039817815 58.48562993850389 0
      vertex 8.304631195882166 58.40652092974119 0
    endloop
  endfacet
  facet normal -0.4422886902189951 0.8968727415326914 0
    outer loop
      vertex 9.086318640331783 58.61597344921502 1.5999999999999996
      vertex 9.450000000000003 58.795321248268245 0
      vertex 9.086318640331783 58.61597344921502 0
    endloop
  endfacet
  facet normal 0.8314696123025586 -0.5555702330195821 0
    outer loop
      vertex 6.427756813566461 9.050000000000011 3.2
      vertex 6.551299321504899 9.234894429314835 5.949999999999999
      vertex 6.427756813566461 9.050000000000011 5.949999999999999
    endloop
  endfacet
  facet normal 0.9469301294951059 -0.32143946530316087 0
    outer loop
      vertex 6.257926095308591 8.639992376674293 3.2
      vertex 6.32940479473082 8.850561835020663 5.949999999999999
      vertex 6.257926095308591 8.639992376674293 5.949999999999999
    endloop
  endfacet
  facet normal 0.8968727415326908 -0.4422886902189964 0
    outer loop
      vertex 6.32940479473082 8.850561835020663 3.2
      vertex 6.427756813566461 9.050000000000011 5.949999999999999
      vertex 6.32940479473082 8.850561835020663 5.949999999999999
    endloop
  endfacet
  facet normal 0.5555702330195746 -0.8314696123025637 0
    outer loop
      vertex 6.865105570685174 9.54870067849511 3.2
      vertex 7.050000000000011 9.672243186433555 5.949999999999999
      vertex 6.865105570685174 9.54870067849511 5.949999999999999
    endloop
  endfacet
  facet normal 0.6593458151000776 -0.75183980747897 0
    outer loop
      vertex 6.697918471982874 9.402081528017142 3.2
      vertex 6.865105570685174 9.54870067849511 5.949999999999999
      vertex 6.697918471982874 9.402081528017142 5.949999999999999
    endloop
  endfacet
  facet normal 0.7518398074789678 -0.6593458151000797 0
    outer loop
      vertex 6.551299321504899 9.234894429314835 3.2
      vertex 6.697918471982874 9.402081528017142 5.949999999999999
      vertex 6.551299321504899 9.234894429314835 5.949999999999999
    endloop
  endfacet
  facet normal 0.442288690219009 -0.8968727415326844 0
    outer loop
      vertex 7.050000000000011 9.672243186433555 3.2
      vertex 7.2494381649793525 9.770595205269196 5.949999999999999
      vertex 7.050000000000011 9.672243186433555 5.949999999999999
    endloop
  endfacet
  facet normal 0.32143946530316087 -0.9469301294951059 0
    outer loop
      vertex 7.2494381649793525 9.770595205269196 3.2
      vertex 7.460007623325723 9.842073904691425 5.949999999999999
      vertex 7.2494381649793525 9.770595205269196 5.949999999999999
    endloop
  endfacet
  facet normal 0.19509032201614218 -0.9807852804032277 0
    outer loop
      vertex 7.460007623325723 9.842073904691425 3.2
      vertex 7.678105473225912 9.885456264335488 5.949999999999999
      vertex 7.460007623325723 9.842073904691425 5.949999999999999
    endloop
  endfacet
  facet normal 0.06540312923015168 -0.9978589232386028 0
    outer loop
      vertex 7.678105473225912 9.885456264335488 3.2
      vertex 7.900000000000006 9.900000000000013 5.949999999999999
      vertex 7.678105473225912 9.885456264335488 5.949999999999999
    endloop
  endfacet
  facet normal -0.06540312923015168 -0.9978589232386028 0
    outer loop
      vertex 7.900000000000006 9.900000000000013 3.2
      vertex 8.1218945267741 9.885456264335488 5.949999999999999
      vertex 7.900000000000006 9.900000000000013 5.949999999999999
    endloop
  endfacet
  facet normal -0.19509032201614218 -0.9807852804032277 0
    outer loop
      vertex 8.1218945267741 9.885456264335488 3.2
      vertex 8.339992376674289 9.842073904691425 5.949999999999999
      vertex 8.1218945267741 9.885456264335488 5.949999999999999
    endloop
  endfacet
  facet normal -0.32143946530316087 -0.9469301294951059 0
    outer loop
      vertex 8.339992376674289 9.842073904691425 3.2
      vertex 8.550561835020659 9.770595205269196 5.949999999999999
      vertex 8.339992376674289 9.842073904691425 5.949999999999999
    endloop
  endfacet
  facet normal -0.442288690219009 -0.8968727415326844 0
    outer loop
      vertex 8.550561835020659 9.770595205269196 3.2
      vertex 8.75 9.672243186433555 5.949999999999999
      vertex 8.550561835020659 9.770595205269196 5.949999999999999
    endloop
  endfacet
  facet normal -0.5555702330195746 -0.8314696123025637 0
    outer loop
      vertex 8.75 9.672243186433555 3.2
      vertex 8.934894429314838 9.54870067849511 5.949999999999999
      vertex 8.75 9.672243186433555 5.949999999999999
    endloop
  endfacet
  facet normal -0.6593458151000776 -0.75183980747897 0
    outer loop
      vertex 8.934894429314838 9.54870067849511 3.2
      vertex 9.102081528017138 9.402081528017142 5.949999999999999
      vertex 8.934894429314838 9.54870067849511 5.949999999999999
    endloop
  endfacet
  facet normal -0.7518398074789678 -0.6593458151000797 0
    outer loop
      vertex 9.102081528017138 9.402081528017142 3.2
      vertex 9.248700678495112 9.234894429314835 5.949999999999999
      vertex 9.102081528017138 9.402081528017142 5.949999999999999
    endloop
  endfacet
  facet normal -0.8314696123025586 -0.5555702330195821 0
    outer loop
      vertex 9.248700678495112 9.234894429314835 3.2
      vertex 9.37224318643355 9.050000000000011 5.949999999999999
      vertex 9.248700678495112 9.234894429314835 5.949999999999999
    endloop
  endfacet
  facet normal -0.8968727415326908 -0.4422886902189964 0
    outer loop
      vertex 9.37224318643355 9.050000000000011 3.2
      vertex 9.470595205269191 8.850561835020663 5.949999999999999
      vertex 9.37224318643355 9.050000000000011 5.949999999999999
    endloop
  endfacet
  facet normal -0.9469301294951059 -0.32143946530316087 0
    outer loop
      vertex 9.470595205269191 8.850561835020663 3.2
      vertex 9.54207390469142 8.639992376674293 5.949999999999999
      vertex 9.470595205269191 8.850561835020663 5.949999999999999
    endloop
  endfacet
  facet normal 0.980785280403235 -0.19509032201610535 0
    outer loop
      vertex 6.2145437356645346 8.421894526774096 3.2
      vertex 6.257926095308591 8.639992376674293 5.949999999999999
      vertex 6.2145437356645346 8.421894526774096 5.949999999999999
    endloop
  endfacet
  facet normal 0.9978589232386007 -0.06540312923018558 0
    outer loop
      vertex 6.200000000000003 8.20000000000001 3.2
      vertex 6.2145437356645346 8.421894526774096 5.949999999999999
      vertex 6.200000000000003 8.20000000000001 5.949999999999999
    endloop
  endfacet
  facet normal 0.9978589232386007 0.06540312923018558 0
    outer loop
      vertex 6.2145437356645346 7.978105473225924 3.2
      vertex 6.200000000000003 8.20000000000001 5.949999999999999
      vertex 6.2145437356645346 7.978105473225924 5.949999999999999
    endloop
  endfacet
  facet normal 0.980785280403235 0.19509032201610535 0
    outer loop
      vertex 6.257926095308591 7.760007623325727 3.2
      vertex 6.2145437356645346 7.978105473225924 5.949999999999999
      vertex 6.257926095308591 7.760007623325727 5.949999999999999
    endloop
  endfacet
  facet normal 0.9469301294951059 0.32143946530316087 0
    outer loop
      vertex 6.32940479473082 7.549438164979357 3.2
      vertex 6.257926095308591 7.760007623325727 5.949999999999999
      vertex 6.32940479473082 7.549438164979357 5.949999999999999
    endloop
  endfacet
  facet normal 0.8968727415326908 0.4422886902189964 0
    outer loop
      vertex 6.427756813566461 7.3500000000000085 3.2
      vertex 6.32940479473082 7.549438164979357 5.949999999999999
      vertex 6.427756813566461 7.3500000000000085 5.949999999999999
    endloop
  endfacet
  facet normal 0.8314696123025586 0.5555702330195821 0
    outer loop
      vertex 6.551299321504899 7.165105570685185 3.2
      vertex 6.427756813566461 7.3500000000000085 5.949999999999999
      vertex 6.551299321504899 7.165105570685185 5.949999999999999
    endloop
  endfacet
  facet normal 0.7518398074789678 0.6593458151000797 0
    outer loop
      vertex 6.697918471982874 6.997918471982878 3.2
      vertex 6.551299321504899 7.165105570685185 5.949999999999999
      vertex 6.697918471982874 6.997918471982878 5.949999999999999
    endloop
  endfacet
  facet normal 0.6593458151000776 0.75183980747897 0
    outer loop
      vertex 6.865105570685174 6.851299321504911 3.2
      vertex 6.697918471982874 6.997918471982878 5.949999999999999
      vertex 6.865105570685174 6.851299321504911 5.949999999999999
    endloop
  endfacet
  facet normal 0.5555702330195746 0.8314696123025637 0
    outer loop
      vertex 7.050000000000011 6.727756813566465 3.2
      vertex 6.865105570685174 6.851299321504911 5.949999999999999
      vertex 7.050000000000011 6.727756813566465 5.949999999999999
    endloop
  endfacet
  facet normal 0.442288690219009 0.8968727415326844 0
    outer loop
      vertex 7.2494381649793525 6.629404794730824 3.2
      vertex 7.050000000000011 6.727756813566465 5.949999999999999
      vertex 7.2494381649793525 6.629404794730824 5.949999999999999
    endloop
  endfacet
  facet normal 0.32143946530316087 0.9469301294951059 0
    outer loop
      vertex 7.460007623325723 6.557926095308595 3.2
      vertex 7.2494381649793525 6.629404794730824 5.949999999999999
      vertex 7.460007623325723 6.557926095308595 5.949999999999999
    endloop
  endfacet
  facet normal -0.19509032201614218 0.9807852804032277 0
    outer loop
      vertex 8.339992376674289 6.557926095308595 3.2
      vertex 8.1218945267741 6.514543735664532 5.949999999999999
      vertex 8.339992376674289 6.557926095308595 5.949999999999999
    endloop
  endfacet
  facet normal -0.8314696123025586 0.5555702330195821 0
    outer loop
      vertex 9.37224318643355 7.3500000000000085 3.2
      vertex 9.248700678495112 7.165105570685185 5.949999999999999
      vertex 9.37224318643355 7.3500000000000085 5.949999999999999
    endloop
  endfacet
  facet normal -0.7518398074789678 0.6593458151000797 0
    outer loop
      vertex 9.248700678495112 7.165105570685185 3.2
      vertex 9.102081528017138 6.997918471982878 5.949999999999999
      vertex 9.248700678495112 7.165105570685185 5.949999999999999
    endloop
  endfacet
  facet normal -0.5555702330195746 0.8314696123025637 0
    outer loop
      vertex 8.934894429314838 6.851299321504911 3.2
      vertex 8.75 6.727756813566465 5.949999999999999
      vertex 8.934894429314838 6.851299321504911 5.949999999999999
    endloop
  endfacet
  facet normal -0.32143946530316087 0.9469301294951059 0
    outer loop
      vertex 8.550561835020659 6.629404794730824 3.2
      vertex 8.339992376674289 6.557926095308595 5.949999999999999
      vertex 8.550561835020659 6.629404794730824 5.949999999999999
    endloop
  endfacet
  facet normal -0.442288690219009 0.8968727415326844 0
    outer loop
      vertex 8.75 6.727756813566465 3.2
      vertex 8.550561835020659 6.629404794730824 5.949999999999999
      vertex 8.75 6.727756813566465 5.949999999999999
    endloop
  endfacet
  facet normal -0.6593458151000776 0.75183980747897 0
    outer loop
      vertex 9.102081528017138 6.997918471982878 3.2
      vertex 8.934894429314838 6.851299321504911 5.949999999999999
      vertex 9.102081528017138 6.997918471982878 5.949999999999999
    endloop
  endfacet
  facet normal -0.980785280403235 -0.19509032201610535 0
    outer loop
      vertex 9.54207390469142 8.639992376674293 3.2
      vertex 9.585456264335477 8.421894526774096 5.949999999999999
      vertex 9.54207390469142 8.639992376674293 5.949999999999999
    endloop
  endfacet
  facet normal -0.9978589232386007 -0.06540312923018558 0
    outer loop
      vertex 9.585456264335477 8.421894526774096 3.2
      vertex 9.600000000000009 8.20000000000001 5.949999999999999
      vertex 9.585456264335477 8.421894526774096 5.949999999999999
    endloop
  endfacet
  facet normal -0.9978589232386007 0.06540312923018558 0
    outer loop
      vertex 9.600000000000009 8.20000000000001 3.2
      vertex 9.585456264335477 7.978105473225924 5.949999999999999
      vertex 9.600000000000009 8.20000000000001 5.949999999999999
    endloop
  endfacet
  facet normal -0.980785280403235 0.19509032201610535 0
    outer loop
      vertex 9.585456264335477 7.978105473225924 3.2
      vertex 9.54207390469142 7.760007623325727 5.949999999999999
      vertex 9.585456264335477 7.978105473225924 5.949999999999999
    endloop
  endfacet
  facet normal -0.9469301294951059 0.32143946530316087 0
    outer loop
      vertex 9.54207390469142 7.760007623325727 3.2
      vertex 9.470595205269191 7.549438164979357 5.949999999999999
      vertex 9.54207390469142 7.760007623325727 5.949999999999999
    endloop
  endfacet
  facet normal -0.8968727415326908 0.4422886902189964 0
    outer loop
      vertex 9.470595205269191 7.549438164979357 3.2
      vertex 9.37224318643355 7.3500000000000085 5.949999999999999
      vertex 9.470595205269191 7.549438164979357 5.949999999999999
    endloop
  endfacet
  facet normal 0.19509032201614218 0.9807852804032277 0
    outer loop
      vertex 7.678105473225912 6.514543735664532 3.2
      vertex 7.460007623325723 6.557926095308595 5.949999999999999
      vertex 7.678105473225912 6.514543735664532 5.949999999999999
    endloop
  endfacet
  facet normal 0.06540312923015168 0.9978589232386028 0
    outer loop
      vertex 7.900000000000006 6.500000000000007 3.2
      vertex 7.678105473225912 6.514543735664532 5.949999999999999
      vertex 7.900000000000006 6.500000000000007 5.949999999999999
    endloop
  endfacet
  facet normal -0.06540312923015168 0.9978589232386028 0
    outer loop
      vertex 8.1218945267741 6.514543735664532 3.2
      vertex 7.900000000000006 6.500000000000007 5.949999999999999
      vertex 8.1218945267741 6.514543735664532 5.949999999999999
    endloop
  endfacet
  facet normal 0.32143946530316087 -0.9469301294951059 0
    outer loop
      vertex 7.460007623325723 9.842073904691425 3.2
      vertex 7.460007623325723 9.842073904691425 5.949999999999999
      vertex 7.2494381649793525 9.770595205269196 3.2
    endloop
  endfacet
  facet normal 0.8314696123025586 -0.5555702330195821 0
    outer loop
      vertex 6.551299321504899 9.234894429314835 3.2
      vertex 6.551299321504899 9.234894429314835 5.949999999999999
      vertex 6.427756813566461 9.050000000000011 3.2
    endloop
  endfacet
  facet normal 0.8968727415326908 -0.4422886902189964 0
    outer loop
      vertex 6.427756813566461 9.050000000000011 3.2
      vertex 6.427756813566461 9.050000000000011 5.949999999999999
      vertex 6.32940479473082 8.850561835020663 3.2
    endloop
  endfacet
  facet normal 0.9469301294951059 -0.32143946530316087 0
    outer loop
      vertex 6.32940479473082 8.850561835020663 3.2
      vertex 6.32940479473082 8.850561835020663 5.949999999999999
      vertex 6.257926095308591 8.639992376674293 3.2
    endloop
  endfacet
  facet normal 0.5555702330195746 -0.8314696123025637 0
    outer loop
      vertex 7.050000000000011 9.672243186433555 3.2
      vertex 7.050000000000011 9.672243186433555 5.949999999999999
      vertex 6.865105570685174 9.54870067849511 3.2
    endloop
  endfacet
  facet normal 0.7518398074789678 -0.6593458151000797 0
    outer loop
      vertex 6.697918471982874 9.402081528017142 3.2
      vertex 6.697918471982874 9.402081528017142 5.949999999999999
      vertex 6.551299321504899 9.234894429314835 3.2
    endloop
  endfacet
  facet normal 0.6593458151000776 -0.75183980747897 0
    outer loop
      vertex 6.865105570685174 9.54870067849511 3.2
      vertex 6.865105570685174 9.54870067849511 5.949999999999999
      vertex 6.697918471982874 9.402081528017142 3.2
    endloop
  endfacet
  facet normal 0.442288690219009 -0.8968727415326844 0
    outer loop
      vertex 7.2494381649793525 9.770595205269196 3.2
      vertex 7.2494381649793525 9.770595205269196 5.949999999999999
      vertex 7.050000000000011 9.672243186433555 3.2
    endloop
  endfacet
  facet normal 0.19509032201614218 -0.9807852804032277 0
    outer loop
      vertex 7.678105473225912 9.885456264335488 3.2
      vertex 7.678105473225912 9.885456264335488 5.949999999999999
      vertex 7.460007623325723 9.842073904691425 3.2
    endloop
  endfacet
  facet normal 0.06540312923015168 -0.9978589232386028 0
    outer loop
      vertex 7.900000000000006 9.900000000000013 3.2
      vertex 7.900000000000006 9.900000000000013 5.949999999999999
      vertex 7.678105473225912 9.885456264335488 3.2
    endloop
  endfacet
  facet normal -0.06540312923015168 -0.9978589232386028 0
    outer loop
      vertex 8.1218945267741 9.885456264335488 3.2
      vertex 8.1218945267741 9.885456264335488 5.949999999999999
      vertex 7.900000000000006 9.900000000000013 3.2
    endloop
  endfacet
  facet normal -0.19509032201614218 -0.9807852804032277 0
    outer loop
      vertex 8.339992376674289 9.842073904691425 3.2
      vertex 8.339992376674289 9.842073904691425 5.949999999999999
      vertex 8.1218945267741 9.885456264335488 3.2
    endloop
  endfacet
  facet normal -0.32143946530316087 -0.9469301294951059 0
    outer loop
      vertex 8.550561835020659 9.770595205269196 3.2
      vertex 8.550561835020659 9.770595205269196 5.949999999999999
      vertex 8.339992376674289 9.842073904691425 3.2
    endloop
  endfacet
  facet normal -0.442288690219009 -0.8968727415326844 0
    outer loop
      vertex 8.75 9.672243186433555 3.2
      vertex 8.75 9.672243186433555 5.949999999999999
      vertex 8.550561835020659 9.770595205269196 3.2
    endloop
  endfacet
  facet normal -0.5555702330195746 -0.8314696123025637 -1.846889183266622e-18
    outer loop
      vertex 8.75 9.672243186433555 3.2
      vertex 8.934894429314838 9.54870067849511 3.2
      vertex 8.934894429314838 9.54870067849511 5.949999999999999
    endloop
  endfacet
  facet normal -0.6593458151000776 -0.75183980747897 1.3931438688774746e-18
    outer loop
      vertex 8.934894429314838 9.54870067849511 3.2
      vertex 9.102081528017138 9.402081528017142 3.2
      vertex 9.102081528017138 9.402081528017142 5.949999999999999
    endloop
  endfacet
  facet normal -0.7518398074789678 -0.6593458151000797 0
    outer loop
      vertex 9.248700678495112 9.234894429314835 3.2
      vertex 9.248700678495112 9.234894429314835 5.949999999999999
      vertex 9.102081528017138 9.402081528017142 3.2
    endloop
  endfacet
  facet normal -0.8314696123025586 -0.5555702330195821 2.089965178773854e-18
    outer loop
      vertex 9.248700678495112 9.234894429314835 3.2
      vertex 9.37224318643355 9.050000000000011 3.2
      vertex 9.37224318643355 9.050000000000011 5.949999999999999
    endloop
  endfacet
  facet normal -0.8968727415326908 -0.4422886902189964 1.5453809956559858e-18
    outer loop
      vertex 9.37224318643355 9.050000000000011 3.2
      vertex 9.470595205269191 8.850561835020663 3.2
      vertex 9.470595205269191 8.850561835020663 5.949999999999999
    endloop
  endfacet
  facet normal -0.9469301294951059 -0.32143946530316087 1.3401128923319555e-18
    outer loop
      vertex 9.470595205269191 8.850561835020663 3.2
      vertex 9.54207390469142 8.639992376674293 3.2
      vertex 9.54207390469142 8.639992376674293 5.949999999999999
    endloop
  endfacet
  facet normal 0.980785280403235 -0.19509032201610535 0
    outer loop
      vertex 6.257926095308591 8.639992376674293 3.2
      vertex 6.257926095308591 8.639992376674293 5.949999999999999
      vertex 6.2145437356645346 8.421894526774096 3.2
    endloop
  endfacet
  facet normal 0.9978589232386007 -0.06540312923018558 0
    outer loop
      vertex 6.2145437356645346 8.421894526774096 3.2
      vertex 6.2145437356645346 8.421894526774096 5.949999999999999
      vertex 6.200000000000003 8.20000000000001 3.2
    endloop
  endfacet
  facet normal 0.9978589232386007 0.06540312923018558 0
    outer loop
      vertex 6.200000000000003 8.20000000000001 3.2
      vertex 6.200000000000003 8.20000000000001 5.949999999999999
      vertex 6.2145437356645346 7.978105473225924 3.2
    endloop
  endfacet
  facet normal 0.980785280403235 0.19509032201610535 0
    outer loop
      vertex 6.2145437356645346 7.978105473225924 3.2
      vertex 6.2145437356645346 7.978105473225924 5.949999999999999
      vertex 6.257926095308591 7.760007623325727 3.2
    endloop
  endfacet
  facet normal 0.9469301294951059 0.32143946530316087 0
    outer loop
      vertex 6.257926095308591 7.760007623325727 3.2
      vertex 6.257926095308591 7.760007623325727 5.949999999999999
      vertex 6.32940479473082 7.549438164979357 3.2
    endloop
  endfacet
  facet normal 0.8968727415326908 0.4422886902189964 0
    outer loop
      vertex 6.32940479473082 7.549438164979357 3.2
      vertex 6.32940479473082 7.549438164979357 5.949999999999999
      vertex 6.427756813566461 7.3500000000000085 3.2
    endloop
  endfacet
  facet normal 0.8314696123025586 0.5555702330195821 0
    outer loop
      vertex 6.427756813566461 7.3500000000000085 3.2
      vertex 6.427756813566461 7.3500000000000085 5.949999999999999
      vertex 6.551299321504899 7.165105570685185 3.2
    endloop
  endfacet
  facet normal 0.7518398074789678 0.6593458151000797 0
    outer loop
      vertex 6.551299321504899 7.165105570685185 3.2
      vertex 6.551299321504899 7.165105570685185 5.949999999999999
      vertex 6.697918471982874 6.997918471982878 3.2
    endloop
  endfacet
  facet normal 0.6593458151000776 0.75183980747897 0
    outer loop
      vertex 6.697918471982874 6.997918471982878 3.2
      vertex 6.697918471982874 6.997918471982878 5.949999999999999
      vertex 6.865105570685174 6.851299321504911 3.2
    endloop
  endfacet
  facet normal 0.5555702330195746 0.8314696123025637 0
    outer loop
      vertex 6.865105570685174 6.851299321504911 3.2
      vertex 6.865105570685174 6.851299321504911 5.949999999999999
      vertex 7.050000000000011 6.727756813566465 3.2
    endloop
  endfacet
  facet normal 0.442288690219009 0.8968727415326844 0
    outer loop
      vertex 7.050000000000011 6.727756813566465 3.2
      vertex 7.050000000000011 6.727756813566465 5.949999999999999
      vertex 7.2494381649793525 6.629404794730824 3.2
    endloop
  endfacet
  facet normal 0.32143946530316087 0.9469301294951059 1.3401128923319555e-18
    outer loop
      vertex 7.460007623325723 6.557926095308595 3.2
      vertex 7.2494381649793525 6.629404794730824 3.2
      vertex 7.2494381649793525 6.629404794730824 5.949999999999999
    endloop
  endfacet
  facet normal 0.19509032201614218 0.9807852804032277 0
    outer loop
      vertex 7.460007623325723 6.557926095308595 3.2
      vertex 7.460007623325723 6.557926095308595 5.949999999999999
      vertex 7.678105473225912 6.514543735664532 3.2
    endloop
  endfacet
  facet normal -0.32143946530316087 0.9469301294951059 -1.3401128923319555e-18
    outer loop
      vertex 8.550561835020659 6.629404794730824 3.2
      vertex 8.339992376674289 6.557926095308595 3.2
      vertex 8.339992376674289 6.557926095308595 5.949999999999999
    endloop
  endfacet
  facet normal -0.8314696123025586 0.5555702330195821 -2.089965178773854e-18
    outer loop
      vertex 9.37224318643355 7.3500000000000085 3.2
      vertex 9.248700678495112 7.165105570685185 3.2
      vertex 9.248700678495112 7.165105570685185 5.949999999999999
    endloop
  endfacet
  facet normal -0.442288690219009 0.8968727415326844 1.7172455815007994e-18
    outer loop
      vertex 8.75 6.727756813566465 3.2
      vertex 8.550561835020659 6.629404794730824 3.2
      vertex 8.550561835020659 6.629404794730824 5.949999999999999
    endloop
  endfacet
  facet normal -0.5555702330195746 0.8314696123025637 1.846889183266622e-18
    outer loop
      vertex 8.934894429314838 6.851299321504911 3.2
      vertex 8.75 6.727756813566465 3.2
      vertex 8.75 6.727756813566465 5.949999999999999
    endloop
  endfacet
  facet normal -0.6593458151000776 0.75183980747897 -1.3931438688774746e-18
    outer loop
      vertex 9.102081528017138 6.997918471982878 3.2
      vertex 8.934894429314838 6.851299321504911 3.2
      vertex 8.934894429314838 6.851299321504911 5.949999999999999
    endloop
  endfacet
  facet normal -0.7518398074789678 0.6593458151000797 2.4375854591935668e-18
    outer loop
      vertex 9.248700678495112 7.165105570685185 3.2
      vertex 9.102081528017138 6.997918471982878 3.2
      vertex 9.102081528017138 6.997918471982878 5.949999999999999
    endloop
  endfacet
  facet normal -0.980785280403235 -0.19509032201610535 1.049829839808889e-18
    outer loop
      vertex 9.54207390469142 8.639992376674293 3.2
      vertex 9.585456264335477 8.421894526774096 3.2
      vertex 9.585456264335477 8.421894526774096 5.949999999999999
    endloop
  endfacet
  facet normal -0.9978589232386007 -0.06540312923018558 7.147789983101584e-20
    outer loop
      vertex 9.585456264335477 8.421894526774096 3.2
      vertex 9.600000000000009 8.20000000000001 3.2
      vertex 9.600000000000009 8.20000000000001 5.949999999999999
    endloop
  endfacet
  facet normal -0.9978589232386007 0.06540312923018558 -7.147789983101584e-20
    outer loop
      vertex 9.600000000000009 8.20000000000001 3.2
      vertex 9.585456264335477 7.978105473225924 3.2
      vertex 9.585456264335477 7.978105473225924 5.949999999999999
    endloop
  endfacet
  facet normal -0.980785280403235 0.19509032201610535 -1.049829839808889e-18
    outer loop
      vertex 9.585456264335477 7.978105473225924 3.2
      vertex 9.54207390469142 7.760007623325727 3.2
      vertex 9.54207390469142 7.760007623325727 5.949999999999999
    endloop
  endfacet
  facet normal -0.9469301294951059 0.32143946530316087 -1.3401128923319555e-18
    outer loop
      vertex 9.54207390469142 7.760007623325727 3.2
      vertex 9.470595205269191 7.549438164979357 3.2
      vertex 9.470595205269191 7.549438164979357 5.949999999999999
    endloop
  endfacet
  facet normal -0.8968727415326908 0.4422886902189964 -1.5453809956559858e-18
    outer loop
      vertex 9.470595205269191 7.549438164979357 3.2
      vertex 9.37224318643355 7.3500000000000085 3.2
      vertex 9.37224318643355 7.3500000000000085 5.949999999999999
    endloop
  endfacet
  facet normal 0.06540312923015168 0.9978589232386028 2.383929976006378e-19
    outer loop
      vertex 7.900000000000006 6.500000000000007 3.2
      vertex 7.678105473225912 6.514543735664532 3.2
      vertex 7.678105473225912 6.514543735664532 5.949999999999999
    endloop
  endfacet
  facet normal -0.06540312923015168 0.9978589232386028 -2.383929976006378e-19
    outer loop
      vertex 8.1218945267741 6.514543735664532 3.2
      vertex 7.900000000000006 6.500000000000007 3.2
      vertex 7.900000000000006 6.500000000000007 5.949999999999999
    endloop
  endfacet
  facet normal -0.19509032201614218 0.9807852804032277 7.505042040311862e-19
    outer loop
      vertex 8.339992376674289 6.557926095308595 3.2
      vertex 8.1218945267741 6.514543735664532 3.2
      vertex 8.1218945267741 6.514543735664532 5.949999999999999
    endloop
  endfacet
  facet normal 0 0 -1
    outer loop
      vertex 7.123542864692439 11.097777478867215 3.2
      vertex 7.900000000000006 11.20000000000001 3.2
      vertex 6.751949702904739 10.971638597533868 3.2
    endloop
  endfacet
  facet normal 0 0 -1
    outer loop
      vertex 6.751949702904739 10.971638597533868 3.2
      vertex 8.676457135307572 11.097777478867215 3.2
      vertex 6.400000000000006 10.798076211353326 3.2
    endloop
  endfacet
  facet normal 0 0 -1
    outer loop
      vertex 6.427756813566461 9.050000000000011 3.2
      vertex 5.0022225211327935 8.97645713530757 3.2
      vertex 5.12836140246614 9.348050297095277 3.2
    endloop
  endfacet
  facet normal 0 0 -1
    outer loop
      vertex 6.257926095308591 8.639992376674293 3.2
      vertex 4.925665415878569 8.591578576660162 3.2
      vertex 5.0022225211327935 8.97645713530757 3.2
    endloop
  endfacet
  facet normal 0 0 -1
    outer loop
      vertex 6.400000000000006 10.798076211353326 3.2
      vertex 9.048050297095273 10.971638597533868 3.2
      vertex 6.073715712973851 10.580060020873717 3.2
    endloop
  endfacet
  facet normal 0 0 -1
    outer loop
      vertex 6.073715712973851 10.580060020873717 3.2
      vertex 9.400000000000006 10.798076211353326 3.2
      vertex 5.77867965644036 10.321320343559655 3.2
    endloop
  endfacet
  facet normal 0 0 -1
    outer loop
      vertex 5.77867965644036 10.321320343559655 3.2
      vertex 9.72628428702616 10.580060020873717 3.2
      vertex 5.519939979126306 10.026284287026172 3.2
    endloop
  endfacet
  facet normal 0 0 -1
    outer loop
      vertex 7.2494381649793525 9.770595205269196 3.2
      vertex 7.050000000000011 9.672243186433555 3.2
      vertex 5.519939979126306 10.026284287026172 3.2
    endloop
  endfacet
  facet normal 0 0 -1
    outer loop
      vertex 7.460007623325723 9.842073904691425 3.2
      vertex 7.2494381649793525 9.770595205269196 3.2
      vertex 5.519939979126306 10.026284287026172 3.2
    endloop
  endfacet
  facet normal 0 0 -1
    outer loop
      vertex 7.678105473225912 9.885456264335488 3.2
      vertex 7.460007623325723 9.842073904691425 3.2
      vertex 5.519939979126306 10.026284287026172 3.2
    endloop
  endfacet
  facet normal 0 0 -1
    outer loop
      vertex 7.900000000000006 9.900000000000013 3.2
      vertex 7.678105473225912 9.885456264335488 3.2
      vertex 5.519939979126306 10.026284287026172 3.2
    endloop
  endfacet
  facet normal 0 0 -1
    outer loop
      vertex 6.697918471982874 9.402081528017142 3.2
      vertex 5.30192378864669 9.70000000000001 3.2
      vertex 5.519939979126306 10.026284287026172 3.2
    endloop
  endfacet
  facet normal 0 0 -1
    outer loop
      vertex 6.697918471982874 9.402081528017142 3.2
      vertex 5.12836140246614 9.348050297095277 3.2
      vertex 5.30192378864669 9.70000000000001 3.2
    endloop
  endfacet
  facet normal 0 0 -1
    outer loop
      vertex 7.050000000000011 9.672243186433555 3.2
      vertex 6.865105570685174 9.54870067849511 3.2
      vertex 5.519939979126306 10.026284287026172 3.2
    endloop
  endfacet
  facet normal 0 0 -1
    outer loop
      vertex 6.865105570685174 9.54870067849511 3.2
      vertex 6.697918471982874 9.402081528017142 3.2
      vertex 5.519939979126306 10.026284287026172 3.2
    endloop
  endfacet
  facet normal 0 0 -1
    outer loop
      vertex 6.697918471982874 9.402081528017142 3.2
      vertex 6.551299321504899 9.234894429314835 3.2
      vertex 5.12836140246614 9.348050297095277 3.2
    endloop
  endfacet
  facet normal 0 0 -1
    outer loop
      vertex 6.551299321504899 9.234894429314835 3.2
      vertex 6.427756813566461 9.050000000000011 3.2
      vertex 5.12836140246614 9.348050297095277 3.2
    endloop
  endfacet
  facet normal 0 0 -1
    outer loop
      vertex 6.427756813566461 9.050000000000011 3.2
      vertex 6.32940479473082 8.850561835020663 3.2
      vertex 5.0022225211327935 8.97645713530757 3.2
    endloop
  endfacet
  facet normal 0 0 -1
    outer loop
      vertex 6.32940479473082 8.850561835020663 3.2
      vertex 6.257926095308591 8.639992376674293 3.2
      vertex 5.0022225211327935 8.97645713530757 3.2
    endloop
  endfacet
  facet normal 0 0 -1
    outer loop
      vertex 7.123542864692439 11.097777478867215 3.2
      vertex 7.508421423339854 11.17433458412144 3.2
      vertex 7.900000000000006 11.20000000000001 3.2
    endloop
  endfacet
  facet normal 0 0 -1
    outer loop
      vertex 8.291578576660157 11.17433458412144 3.2
      vertex 6.751949702904739 10.971638597533868 3.2
      vertex 7.900000000000006 11.20000000000001 3.2
    endloop
  endfacet
  facet normal 0 0 -1
    outer loop
      vertex 8.676457135307572 11.097777478867215 3.2
      vertex 6.751949702904739 10.971638597533868 3.2
      vertex 8.291578576660157 11.17433458412144 3.2
    endloop
  endfacet
  facet normal 0 0 -1
    outer loop
      vertex 9.048050297095273 10.971638597533868 3.2
      vertex 6.400000000000006 10.798076211353326 3.2
      vertex 8.676457135307572 11.097777478867215 3.2
    endloop
  endfacet
  facet normal 0 0 -1
    outer loop
      vertex 9.400000000000006 10.798076211353326 3.2
      vertex 6.073715712973851 10.580060020873717 3.2
      vertex 9.048050297095273 10.971638597533868 3.2
    endloop
  endfacet
  facet normal 0 0 -1
    outer loop
      vertex 9.72628428702616 10.580060020873717 3.2
      vertex 5.77867965644036 10.321320343559655 3.2
      vertex 9.400000000000006 10.798076211353326 3.2
    endloop
  endfacet
  facet normal 0 0 -1
    outer loop
      vertex 7.900000000000006 9.900000000000013 3.2
      vertex 5.519939979126306 10.026284287026172 3.2
      vertex 10.021320343559651 10.321320343559655 3.2
    endloop
  endfacet
  facet normal 0 0 -1
    outer loop
      vertex 10.021320343559651 10.321320343559655 3.2
      vertex 5.519939979126306 10.026284287026172 3.2
      vertex 9.72628428702616 10.580060020873717 3.2
    endloop
  endfacet
  facet normal 0 0 -1
    outer loop
      vertex 8.1218945267741 9.885456264335488 3.2
      vertex 7.900000000000006 9.900000000000013 3.2
      vertex 10.021320343559651 10.321320343559655 3.2
    endloop
  endfacet
  facet normal 0 0 -1
    outer loop
      vertex 8.339992376674289 9.842073904691425 3.2
      vertex 8.1218945267741 9.885456264335488 3.2
      vertex 10.021320343559651 10.321320343559655 3.2
    endloop
  endfacet
  facet normal 0 0 -1
    outer loop
      vertex 8.550561835020659 9.770595205269196 3.2
      vertex 8.339992376674289 9.842073904691425 3.2
      vertex 10.021320343559651 10.321320343559655 3.2
    endloop
  endfacet
  facet normal 0 0 -1
    outer loop
      vertex 8.75 9.672243186433555 3.2
      vertex 8.550561835020659 9.770595205269196 3.2
      vertex 10.280060020873705 10.026284287026172 3.2
    endloop
  endfacet
  facet normal 0 0 -1
    outer loop
      vertex 8.75 9.672243186433555 3.2
      vertex 10.280060020873705 10.026284287026172 3.2
      vertex 8.934894429314838 9.54870067849511 3.2
    endloop
  endfacet
  facet normal 0 0 -1
    outer loop
      vertex 8.550561835020659 9.770595205269196 3.2
      vertex 10.021320343559651 10.321320343559655 3.2
      vertex 10.280060020873705 10.026284287026172 3.2
    endloop
  endfacet
  facet normal 0 0 -1
    outer loop
      vertex 8.934894429314838 9.54870067849511 3.2
      vertex 10.280060020873705 10.026284287026172 3.2
      vertex 9.102081528017138 9.402081528017142 3.2
    endloop
  endfacet
  facet normal 0 0 -1
    outer loop
      vertex 9.248700678495112 9.234894429314835 3.2
      vertex 9.102081528017138 9.402081528017142 3.2
      vertex 10.498076211353322 9.70000000000001 3.2
    endloop
  endfacet
  facet normal 0 0 -1
    outer loop
      vertex 9.248700678495112 9.234894429314835 3.2
      vertex 10.498076211353322 9.70000000000001 3.2
      vertex 9.37224318643355 9.050000000000011 3.2
    endloop
  endfacet
  facet normal 0 0 -1
    outer loop
      vertex 9.102081528017138 9.402081528017142 3.2
      vertex 10.280060020873705 10.026284287026172 3.2
      vertex 10.498076211353322 9.70000000000001 3.2
    endloop
  endfacet
  facet normal 0 0 -1
    outer loop
      vertex 9.37224318643355 9.050000000000011 3.2
      vertex 10.498076211353322 9.70000000000001 3.2
      vertex 10.671638597533871 9.348050297095277 3.2
    endloop
  endfacet
  facet normal 0 0 -1
    outer loop
      vertex 9.37224318643355 9.050000000000011 3.2
      vertex 10.671638597533871 9.348050297095277 3.2
      vertex 9.470595205269191 8.850561835020663 3.2
    endloop
  endfacet
  facet normal 0 0 -1
    outer loop
      vertex 9.470595205269191 8.850561835020663 3.2
      vertex 10.671638597533871 9.348050297095277 3.2
      vertex 9.54207390469142 8.639992376674293 3.2
    endloop
  endfacet
  facet normal 0 0 -1
    outer loop
      vertex 9.54207390469142 8.639992376674293 3.2
      vertex 10.671638597533871 9.348050297095277 3.2
      vertex 10.797777478867216 8.976457135307577 3.2
    endloop
  endfacet
  facet normal 0 0 -1
    outer loop
      vertex 6.2145437356645346 8.421894526774096 3.2
      vertex 4.900000000000006 8.20000000000001 3.2
      vertex 4.925665415878569 8.591578576660162 3.2
    endloop
  endfacet
  facet normal 0 0 -1
    outer loop
      vertex 6.200000000000003 8.20000000000001 3.2
      vertex 4.925665415878571 7.808421423339851 3.2
      vertex 4.900000000000006 8.20000000000001 3.2
    endloop
  endfacet
  facet normal 0 0 -1
    outer loop
      vertex 6.2145437356645346 7.978105473225924 3.2
      vertex 5.002222521132795 7.423542864692443 3.2
      vertex 4.925665415878571 7.808421423339851 3.2
    endloop
  endfacet
  facet normal 0 0 -1
    outer loop
      vertex 6.257926095308591 7.760007623325727 3.2
      vertex 5.12836140246614 7.051949702904743 3.2
      vertex 5.002222521132795 7.423542864692443 3.2
    endloop
  endfacet
  facet normal 0 0 -1
    outer loop
      vertex 6.427756813566461 7.3500000000000085 3.2
      vertex 5.30192378864669 6.70000000000001 3.2
      vertex 5.12836140246614 7.051949702904743 3.2
    endloop
  endfacet
  facet normal 0 0 -1
    outer loop
      vertex 6.257926095308591 8.639992376674293 3.2
      vertex 6.2145437356645346 8.421894526774096 3.2
      vertex 4.925665415878569 8.591578576660162 3.2
    endloop
  endfacet
  facet normal 0 0 -1
    outer loop
      vertex 6.2145437356645346 8.421894526774096 3.2
      vertex 6.200000000000003 8.20000000000001 3.2
      vertex 4.900000000000006 8.20000000000001 3.2
    endloop
  endfacet
  facet normal 0 0 -1
    outer loop
      vertex 6.200000000000003 8.20000000000001 3.2
      vertex 6.2145437356645346 7.978105473225924 3.2
      vertex 4.925665415878571 7.808421423339851 3.2
    endloop
  endfacet
  facet normal 0 0 -1
    outer loop
      vertex 6.2145437356645346 7.978105473225924 3.2
      vertex 6.257926095308591 7.760007623325727 3.2
      vertex 5.002222521132795 7.423542864692443 3.2
    endloop
  endfacet
  facet normal 0 0 -1
    outer loop
      vertex 6.257926095308591 7.760007623325727 3.2
      vertex 6.32940479473082 7.549438164979357 3.2
      vertex 5.12836140246614 7.051949702904743 3.2
    endloop
  endfacet
  facet normal 0 0 -1
    outer loop
      vertex 6.32940479473082 7.549438164979357 3.2
      vertex 6.427756813566461 7.3500000000000085 3.2
      vertex 5.12836140246614 7.051949702904743 3.2
    endloop
  endfacet
  facet normal 0 0 -1
    outer loop
      vertex 6.697918471982874 6.997918471982878 3.2
      vertex 5.519939979126306 6.373715712973848 3.2
      vertex 5.30192378864669 6.70000000000001 3.2
    endloop
  endfacet
  facet normal 0 0 -1
    outer loop
      vertex 6.427756813566461 7.3500000000000085 3.2
      vertex 6.551299321504899 7.165105570685185 3.2
      vertex 5.30192378864669 6.70000000000001 3.2
    endloop
  endfacet
  facet normal 0 0 -1
    outer loop
      vertex 6.551299321504899 7.165105570685185 3.2
      vertex 6.697918471982874 6.997918471982878 3.2
      vertex 5.30192378864669 6.70000000000001 3.2
    endloop
  endfacet
  facet normal 0 0 -1
    outer loop
      vertex 6.697918471982874 6.997918471982878 3.2
      vertex 6.865105570685174 6.851299321504911 3.2
      vertex 5.519939979126306 6.373715712973848 3.2
    endloop
  endfacet
  facet normal 0 0 -1
    outer loop
      vertex 6.865105570685174 6.851299321504911 3.2
      vertex 7.050000000000011 6.727756813566465 3.2
      vertex 5.519939979126306 6.373715712973848 3.2
    endloop
  endfacet
  facet normal 0 0 -1
    outer loop
      vertex 7.050000000000011 6.727756813566465 3.2
      vertex 7.2494381649793525 6.629404794730824 3.2
      vertex 5.519939979126306 6.373715712973848 3.2
    endloop
  endfacet
  facet normal 0 0 -1
    outer loop
      vertex 7.2494381649793525 6.629404794730824 3.2
      vertex 5.77867965644036 6.0786796564403645 3.2
      vertex 5.519939979126306 6.373715712973848 3.2
    endloop
  endfacet
  facet normal 0 0 -1
    outer loop
      vertex 7.460007623325723 6.557926095308595 3.2
      vertex 5.77867965644036 6.0786796564403645 3.2
      vertex 7.2494381649793525 6.629404794730824 3.2
    endloop
  endfacet
  facet normal 0 0 -1
    outer loop
      vertex 7.460007623325723 6.557926095308595 3.2
      vertex 7.678105473225912 6.514543735664532 3.2
      vertex 5.77867965644036 6.0786796564403645 3.2
    endloop
  endfacet
  facet normal 0 0 -1
    outer loop
      vertex 7.900000000000006 6.500000000000007 3.2
      vertex 5.77867965644036 6.0786796564403645 3.2
      vertex 7.678105473225912 6.514543735664532 3.2
    endloop
  endfacet
  facet normal 0 0 -1
    outer loop
      vertex 5.77867965644036 6.0786796564403645 3.2
      vertex 10.280060020873705 6.373715712973848 3.2
      vertex 6.073715712973851 5.819939979126303 3.2
    endloop
  endfacet
  facet normal 0 0 -1
    outer loop
      vertex 8.75 6.727756813566465 3.2
      vertex 10.280060020873705 6.373715712973848 3.2
      vertex 8.550561835020659 6.629404794730824 3.2
    endloop
  endfacet
  facet normal 0 0 -1
    outer loop
      vertex 8.934894429314838 6.851299321504911 3.2
      vertex 10.280060020873705 6.373715712973848 3.2
      vertex 8.75 6.727756813566465 3.2
    endloop
  endfacet
  facet normal 0 0 -1
    outer loop
      vertex 9.54207390469142 8.639992376674293 3.2
      vertex 10.797777478867216 8.976457135307577 3.2
      vertex 9.585456264335477 8.421894526774096 3.2
    endloop
  endfacet
  facet normal 0 0 -1
    outer loop
      vertex 9.585456264335477 8.421894526774096 3.2
      vertex 10.87433458412144 8.591578576660169 3.2
      vertex 9.600000000000009 8.20000000000001 3.2
    endloop
  endfacet
  facet normal 0 0 -1
    outer loop
      vertex 9.600000000000009 8.20000000000001 3.2
      vertex 10.900000000000006 8.20000000000001 3.2
      vertex 9.585456264335477 7.978105473225924 3.2
    endloop
  endfacet
  facet normal 0 0 -1
    outer loop
      vertex 9.585456264335477 7.978105473225924 3.2
      vertex 10.874334584121442 7.808421423339858 3.2
      vertex 9.54207390469142 7.760007623325727 3.2
    endloop
  endfacet
  facet normal 0 0 -1
    outer loop
      vertex 9.585456264335477 8.421894526774096 3.2
      vertex 10.797777478867216 8.976457135307577 3.2
      vertex 10.87433458412144 8.591578576660169 3.2
    endloop
  endfacet
  facet normal 0 0 -1
    outer loop
      vertex 9.600000000000009 8.20000000000001 3.2
      vertex 10.87433458412144 8.591578576660169 3.2
      vertex 10.900000000000006 8.20000000000001 3.2
    endloop
  endfacet
  facet normal 0 0 -1
    outer loop
      vertex 9.585456264335477 7.978105473225924 3.2
      vertex 10.900000000000006 8.20000000000001 3.2
      vertex 10.874334584121442 7.808421423339858 3.2
    endloop
  endfacet
  facet normal 0 0 -1
    outer loop
      vertex 9.54207390469142 7.760007623325727 3.2
      vertex 10.874334584121442 7.808421423339858 3.2
      vertex 10.797777478867218 7.42354286469245 3.2
    endloop
  endfacet
  facet normal 0 0 -1
    outer loop
      vertex 9.37224318643355 7.3500000000000085 3.2
      vertex 10.671638597533871 7.051949702904743 3.2
      vertex 9.248700678495112 7.165105570685185 3.2
    endloop
  endfacet
  facet normal 0 0 -1
    outer loop
      vertex 9.54207390469142 7.760007623325727 3.2
      vertex 10.797777478867218 7.42354286469245 3.2
      vertex 9.470595205269191 7.549438164979357 3.2
    endloop
  endfacet
  facet normal 0 0 -1
    outer loop
      vertex 9.470595205269191 7.549438164979357 3.2
      vertex 10.797777478867218 7.42354286469245 3.2
      vertex 9.37224318643355 7.3500000000000085 3.2
    endloop
  endfacet
  facet normal 0 0 -1
    outer loop
      vertex 9.37224318643355 7.3500000000000085 3.2
      vertex 10.797777478867218 7.42354286469245 3.2
      vertex 10.671638597533871 7.051949702904743 3.2
    endloop
  endfacet
  facet normal 0 0 -1
    outer loop
      vertex 9.248700678495112 7.165105570685185 3.2
      vertex 10.671638597533871 7.051949702904743 3.2
      vertex 9.102081528017138 6.997918471982878 3.2
    endloop
  endfacet
  facet normal 0 0 -1
    outer loop
      vertex 9.102081528017138 6.997918471982878 3.2
      vertex 10.280060020873705 6.373715712973848 3.2
      vertex 8.934894429314838 6.851299321504911 3.2
    endloop
  endfacet
  facet normal 0 0 -1
    outer loop
      vertex 9.102081528017138 6.997918471982878 3.2
      vertex 10.671638597533871 7.051949702904743 3.2
      vertex 10.498076211353322 6.70000000000001 3.2
    endloop
  endfacet
  facet normal 0 0 -1
    outer loop
      vertex 9.102081528017138 6.997918471982878 3.2
      vertex 10.498076211353322 6.70000000000001 3.2
      vertex 10.280060020873705 6.373715712973848 3.2
    endloop
  endfacet
  facet normal 0 0 -1
    outer loop
      vertex 7.900000000000006 6.500000000000007 3.2
      vertex 10.280060020873705 6.373715712973848 3.2
      vertex 5.77867965644036 6.0786796564403645 3.2
    endloop
  endfacet
  facet normal 0 0 -1
    outer loop
      vertex 6.073715712973851 5.819939979126303 3.2
      vertex 10.021320343559651 6.0786796564403645 3.2
      vertex 6.400000000000006 5.601923788646687 3.2
    endloop
  endfacet
  facet normal 0 0 -1
    outer loop
      vertex 6.400000000000006 5.601923788646687 3.2
      vertex 9.72628428702616 5.819939979126303 3.2
      vertex 6.751949702904739 5.428361402466152 3.2
    endloop
  endfacet
  facet normal 0 0 -1
    outer loop
      vertex 6.751949702904739 5.428361402466152 3.2
      vertex 9.400000000000006 5.601923788646687 3.2
      vertex 7.123542864692439 5.302222521132805 3.2
    endloop
  endfacet
  facet normal 0 0 -1
    outer loop
      vertex 8.1218945267741 6.514543735664532 3.2
      vertex 10.280060020873705 6.373715712973848 3.2
      vertex 7.900000000000006 6.500000000000007 3.2
    endloop
  endfacet
  facet normal 0 0 -1
    outer loop
      vertex 10.021320343559651 6.0786796564403645 3.2
      vertex 6.073715712973851 5.819939979126303 3.2
      vertex 10.280060020873705 6.373715712973848 3.2
    endloop
  endfacet
  facet normal 0 0 -1
    outer loop
      vertex 8.339992376674289 6.557926095308595 3.2
      vertex 10.280060020873705 6.373715712973848 3.2
      vertex 8.1218945267741 6.514543735664532 3.2
    endloop
  endfacet
  facet normal 0 0 -1
    outer loop
      vertex 8.550561835020659 6.629404794730824 3.2
      vertex 10.280060020873705 6.373715712973848 3.2
      vertex 8.339992376674289 6.557926095308595 3.2
    endloop
  endfacet
  facet normal 0 0 -1
    outer loop
      vertex 9.72628428702616 5.819939979126303 3.2
      vertex 6.400000000000006 5.601923788646687 3.2
      vertex 10.021320343559651 6.0786796564403645 3.2
    endloop
  endfacet
  facet normal 0 0 -1
    outer loop
      vertex 9.400000000000006 5.601923788646687 3.2
      vertex 6.751949702904739 5.428361402466152 3.2
      vertex 9.72628428702616 5.819939979126303 3.2
    endloop
  endfacet
  facet normal 0 0 -1
    outer loop
      vertex 9.048050297095273 5.428361402466152 3.2
      vertex 7.123542864692439 5.302222521132805 3.2
      vertex 9.400000000000006 5.601923788646687 3.2
    endloop
  endfacet
  facet normal 0 0 -1
    outer loop
      vertex 7.123542864692439 5.302222521132805 3.2
      vertex 9.048050297095273 5.428361402466152 3.2
      vertex 7.508421423339854 5.225665415878581 3.2
    endloop
  endfacet
  facet normal 0 0 -1
    outer loop
      vertex 7.508421423339854 5.225665415878581 3.2
      vertex 9.048050297095273 5.428361402466152 3.2
      vertex 7.900000000000006 5.200000000000003 3.2
    endloop
  endfacet
  facet normal 0 0 -1
    outer loop
      vertex 8.676457135307572 5.302222521132805 3.2
      vertex 8.291578576660157 5.225665415878581 3.2
      vertex 7.900000000000006 5.200000000000003 3.2
    endloop
  endfacet
  facet normal 0 0 -1
    outer loop
      vertex 8.676457135307572 5.302222521132805 3.2
      vertex 7.900000000000006 5.200000000000003 3.2
      vertex 9.048050297095273 5.428361402466152 3.2
    endloop
  endfacet
  facet normal 0.44228869021900924 -0.8968727415326845 2.2053952431579777e-18
    outer loop
      vertex 6.713681359668229 11.064026550785002 1.5999999999999996
      vertex 6.3500000000000085 10.88467875173177 1.5999999999999996
      vertex 6.3500000000000085 10.88467875173177 0
    endloop
  endfacet
  facet normal 0.32143946530315565 -0.9469301294951077 1.6081473459592788e-18
    outer loop
      vertex 7.097660960182196 11.194370061496123 1.5999999999999996
      vertex 6.713681359668229 11.064026550785002 1.5999999999999996
      vertex 6.713681359668229 11.064026550785002 0
    endloop
  endfacet
  facet normal 0.19509032201612891 -0.9807852804032303 -2.4127556213675503e-19
    outer loop
      vertex 7.495368804117845 11.273479070258823 1.5999999999999996
      vertex 7.097660960182196 11.194370061496123 1.5999999999999996
      vertex 7.097660960182196 11.194370061496123 0
    endloop
  endfacet
  facet normal 0.751839807478988 -0.6593458151000567 -9.057739259550815e-18
    outer loop
      vertex 5.707968978321702 10.392031021678307 1.5999999999999996
      vertex 5.4406046450971814 10.087160429927046 1.5999999999999996
      vertex 5.4406046450971814 10.087160429927046 0
    endloop
  endfacet
  facet normal 0.8314696123025358 -0.5555702330196163 0
    outer loop
      vertex 5.215321248268239 9.750000000000007 0
      vertex 5.4406046450971814 10.087160429927046 1.5999999999999996
      vertex 5.215321248268239 9.750000000000007 1.5999999999999996
    endloop
  endfacet
  facet normal 0.8968727415326984 -0.44228869021898104 0
    outer loop
      vertex 5.035973449215021 9.386318640331787 0
      vertex 5.215321248268239 9.750000000000007 1.5999999999999996
      vertex 5.035973449215021 9.386318640331787 1.5999999999999996
    endloop
  endfacet
  facet normal 0.9469301294951006 -0.3214394653031767 -1.3505556293621368e-18
    outer loop
      vertex 5.035973449215021 9.386318640331787 1.5999999999999996
      vertex 4.905629938503893 9.002339039817826 1.5999999999999996
      vertex 4.905629938503893 9.002339039817826 0
    endloop
  endfacet
  facet normal 0.980785280403231 -0.19509032201612556 -1.597266151180132e-19
    outer loop
      vertex 4.905629938503893 9.002339039817826 1.5999999999999996
      vertex 4.826520929741193 8.60463119588217 1.5999999999999996
      vertex 4.826520929741193 8.60463119588217 0
    endloop
  endfacet
  facet normal 0.6593458151000678 -0.7518398074789784 -7.388796680319813e-18
    outer loop
      vertex 6.01283957007297 10.659395354902841 1.5999999999999996
      vertex 5.707968978321702 10.392031021678307 1.5999999999999996
      vertex 5.707968978321702 10.392031021678307 0
    endloop
  endfacet
  facet normal 0.5555702330195921 -0.831469612302552 6.724326201917814e-18
    outer loop
      vertex 6.3500000000000085 10.88467875173177 1.5999999999999996
      vertex 6.01283957007297 10.659395354902841 1.5999999999999996
      vertex 6.01283957007297 10.659395354902841 0
    endloop
  endfacet
  facet normal 0.06540312923014509 -0.9978589232386035 -2.2828282743316923e-19
    outer loop
      vertex 7.900000000000006 11.300000000000011 1.5999999999999996
      vertex 7.495368804117845 11.273479070258823 1.5999999999999996
      vertex 7.495368804117845 11.273479070258823 0
    endloop
  endfacet
  facet normal -0.06540312923014509 -0.9978589232386035 2.2828282743316923e-19
    outer loop
      vertex 8.304631195882166 11.273479070258823 1.5999999999999996
      vertex 7.900000000000006 11.300000000000011 1.5999999999999996
      vertex 7.900000000000006 11.300000000000011 0
    endloop
  endfacet
  facet normal -0.19509032201612891 -0.9807852804032303 2.4127556213675503e-19
    outer loop
      vertex 8.702339039817815 11.194370061496123 1.5999999999999996
      vertex 8.304631195882166 11.273479070258823 1.5999999999999996
      vertex 8.304631195882166 11.273479070258823 0
    endloop
  endfacet
  facet normal -0.32143946530315565 -0.9469301294951077 -1.6081473459592788e-18
    outer loop
      vertex 9.086318640331783 11.064026550785002 1.5999999999999996
      vertex 8.702339039817815 11.194370061496123 1.5999999999999996
      vertex 8.702339039817815 11.194370061496123 0
    endloop
  endfacet
  facet normal -0.44228869021900924 -0.8968727415326845 -2.2053952431579777e-18
    outer loop
      vertex 9.450000000000003 10.88467875173177 1.5999999999999996
      vertex 9.086318640331783 11.064026550785002 1.5999999999999996
      vertex 9.086318640331783 11.064026550785002 0
    endloop
  endfacet
  facet normal -0.5555702330195921 -0.831469612302552 -6.724326201917814e-18
    outer loop
      vertex 9.787160429927042 10.659395354902841 1.5999999999999996
      vertex 9.450000000000003 10.88467875173177 1.5999999999999996
      vertex 9.450000000000003 10.88467875173177 0
    endloop
  endfacet
  facet normal -0.6593458151000678 -0.7518398074789784 7.388796680319813e-18
    outer loop
      vertex 10.09203102167831 10.392031021678307 1.5999999999999996
      vertex 9.787160429927042 10.659395354902841 1.5999999999999996
      vertex 9.787160429927042 10.659395354902841 0
    endloop
  endfacet
  facet normal -0.751839807478988 -0.6593458151000567 9.057739259550815e-18
    outer loop
      vertex 10.35939535490283 10.087160429927046 1.5999999999999996
      vertex 10.09203102167831 10.392031021678307 1.5999999999999996
      vertex 10.09203102167831 10.392031021678307 0
    endloop
  endfacet
  facet normal -0.8314696123025358 -0.5555702330196163 9.269372038160273e-18
    outer loop
      vertex 10.584678751731772 9.750000000000007 1.5999999999999996
      vertex 10.35939535490283 10.087160429927046 1.5999999999999996
      vertex 10.35939535490283 10.087160429927046 0
    endloop
  endfacet
  facet normal -0.8968727415326984 -0.44228869021898104 6.558335893099841e-18
    outer loop
      vertex 10.76402655078499 9.386318640331787 1.5999999999999996
      vertex 10.584678751731772 9.750000000000007 1.5999999999999996
      vertex 10.584678751731772 9.750000000000007 0
    endloop
  endfacet
  facet normal -0.9469301294951006 -0.3214394653031767 0
    outer loop
      vertex 10.76402655078499 9.386318640331787 0
      vertex 10.894370061496119 9.002339039817826 1.5999999999999996
      vertex 10.76402655078499 9.386318640331787 1.5999999999999996
    endloop
  endfacet
  facet normal -0.980785280403231 -0.19509032201612556 0
    outer loop
      vertex 10.894370061496119 9.002339039817826 0
      vertex 10.973479070258819 8.60463119588217 1.5999999999999996
      vertex 10.894370061496119 9.002339039817826 1.5999999999999996
    endloop
  endfacet
  facet normal 0.44228869021900924 -0.8968727415326845 2.2053952431579777e-18
    outer loop
      vertex 6.3500000000000085 10.88467875173177 0
      vertex 6.713681359668229 11.064026550785002 0
      vertex 6.713681359668229 11.064026550785002 1.5999999999999996
    endloop
  endfacet
  facet normal 0.32143946530315565 -0.9469301294951077 1.6081473459592788e-18
    outer loop
      vertex 6.713681359668229 11.064026550785002 0
      vertex 7.097660960182196 11.194370061496123 0
      vertex 7.097660960182196 11.194370061496123 1.5999999999999996
    endloop
  endfacet
  facet normal 0.19509032201612891 -0.9807852804032303 -2.4127556213675503e-19
    outer loop
      vertex 7.097660960182196 11.194370061496123 0
      vertex 7.495368804117845 11.273479070258823 0
      vertex 7.495368804117845 11.273479070258823 1.5999999999999996
    endloop
  endfacet
  facet normal 0.751839807478988 -0.6593458151000567 0
    outer loop
      vertex 5.707968978321702 10.392031021678307 0
      vertex 5.707968978321702 10.392031021678307 1.5999999999999996
      vertex 5.4406046450971814 10.087160429927046 0
    endloop
  endfacet
  facet normal 0.8314696123025358 -0.5555702330196163 0
    outer loop
      vertex 5.4406046450971814 10.087160429927046 0
      vertex 5.4406046450971814 10.087160429927046 1.5999999999999996
      vertex 5.215321248268239 9.750000000000007 0
    endloop
  endfacet
  facet normal 0.9469301294951006 -0.3214394653031767 0
    outer loop
      vertex 5.035973449215021 9.386318640331787 1.5999999999999996
      vertex 4.905629938503893 9.002339039817826 0
      vertex 5.035973449215021 9.386318640331787 0
    endloop
  endfacet
  facet normal 0.8968727415326984 -0.44228869021898104 0
    outer loop
      vertex 5.215321248268239 9.750000000000007 0
      vertex 5.215321248268239 9.750000000000007 1.5999999999999996
      vertex 5.035973449215021 9.386318640331787 0
    endloop
  endfacet
  facet normal 0.980785280403231 -0.19509032201612556 0
    outer loop
      vertex 4.905629938503893 9.002339039817826 1.5999999999999996
      vertex 4.826520929741193 8.60463119588217 0
      vertex 4.905629938503893 9.002339039817826 0
    endloop
  endfacet
  facet normal 0.6593458151000678 -0.7518398074789784 -7.388796680319813e-18
    outer loop
      vertex 5.707968978321702 10.392031021678307 0
      vertex 6.01283957007297 10.659395354902841 0
      vertex 6.01283957007297 10.659395354902841 1.5999999999999996
    endloop
  endfacet
  facet normal 0.5555702330195921 -0.831469612302552 6.724326201917814e-18
    outer loop
      vertex 6.01283957007297 10.659395354902841 0
      vertex 6.3500000000000085 10.88467875173177 0
      vertex 6.3500000000000085 10.88467875173177 1.5999999999999996
    endloop
  endfacet
  facet normal 0.06540312923014509 -0.9978589232386035 -2.2828282743316923e-19
    outer loop
      vertex 7.495368804117845 11.273479070258823 0
      vertex 7.900000000000006 11.300000000000011 0
      vertex 7.900000000000006 11.300000000000011 1.5999999999999996
    endloop
  endfacet
  facet normal -0.06540312923014509 -0.9978589232386035 2.2828282743316923e-19
    outer loop
      vertex 7.900000000000006 11.300000000000011 0
      vertex 8.304631195882166 11.273479070258823 0
      vertex 8.304631195882166 11.273479070258823 1.5999999999999996
    endloop
  endfacet
  facet normal -0.19509032201612891 -0.9807852804032303 2.4127556213675503e-19
    outer loop
      vertex 8.304631195882166 11.273479070258823 0
      vertex 8.702339039817815 11.194370061496123 0
      vertex 8.702339039817815 11.194370061496123 1.5999999999999996
    endloop
  endfacet
  facet normal -0.32143946530315565 -0.9469301294951077 -1.6081473459592788e-18
    outer loop
      vertex 8.702339039817815 11.194370061496123 0
      vertex 9.086318640331783 11.064026550785002 0
      vertex 9.086318640331783 11.064026550785002 1.5999999999999996
    endloop
  endfacet
  facet normal -0.44228869021900924 -0.8968727415326845 -2.2053952431579777e-18
    outer loop
      vertex 9.086318640331783 11.064026550785002 0
      vertex 9.450000000000003 10.88467875173177 0
      vertex 9.450000000000003 10.88467875173177 1.5999999999999996
    endloop
  endfacet
  facet normal -0.5555702330195921 -0.831469612302552 -6.724326201917814e-18
    outer loop
      vertex 9.450000000000003 10.88467875173177 0
      vertex 9.787160429927042 10.659395354902841 0
      vertex 9.787160429927042 10.659395354902841 1.5999999999999996
    endloop
  endfacet
  facet normal -0.6593458151000678 -0.7518398074789784 7.388796680319813e-18
    outer loop
      vertex 9.787160429927042 10.659395354902841 0
      vertex 10.09203102167831 10.392031021678307 0
      vertex 10.09203102167831 10.392031021678307 1.5999999999999996
    endloop
  endfacet
  facet normal -0.751839807478988 -0.6593458151000567 0
    outer loop
      vertex 10.35939535490283 10.087160429927046 0
      vertex 10.35939535490283 10.087160429927046 1.5999999999999996
      vertex 10.09203102167831 10.392031021678307 0
    endloop
  endfacet
  facet normal -0.8314696123025358 -0.5555702330196163 0
    outer loop
      vertex 10.584678751731772 9.750000000000007 0
      vertex 10.584678751731772 9.750000000000007 1.5999999999999996
      vertex 10.35939535490283 10.087160429927046 0
    endloop
  endfacet
  facet normal -0.8968727415326984 -0.44228869021898104 0
    outer loop
      vertex 10.76402655078499 9.386318640331787 1.5999999999999996
      vertex 10.584678751731772 9.750000000000007 0
      vertex 10.76402655078499 9.386318640331787 0
    endloop
  endfacet
  facet normal -0.9469301294951006 -0.3214394653031767 0
    outer loop
      vertex 10.894370061496119 9.002339039817826 1.5999999999999996
      vertex 10.76402655078499 9.386318640331787 0
      vertex 10.894370061496119 9.002339039817826 0
    endloop
  endfacet
  facet normal -0.980785280403231 -0.19509032201612556 0
    outer loop
      vertex 10.973479070258819 8.60463119588217 1.5999999999999996
      vertex 10.894370061496119 9.002339039817826 0
      vertex 10.973479070258819 8.60463119588217 0
    endloop
  endfacet
  facet normal 0.9978589232386045 -0.06540312923012763 0
    outer loop
      vertex 4.800000000000011 8.20000000000001 1.5999999999999996
      vertex 4.800000000000011 8.20000000000001 0
      vertex 4.826520929741193 8.60463119588217 1.5999999999999996
    endloop
  endfacet
  facet normal 0.9978589232386045 0.06540312923012763 1.2159064595591747e-18
    outer loop
      vertex 4.800000000000011 8.20000000000001 1.5999999999999996
      vertex 4.826520929741193 7.7953688041178495 1.5999999999999996
      vertex 4.826520929741193 7.7953688041178495 0
    endloop
  endfacet
  facet normal 0.980785280403231 0.19509032201612556 1.597266151180132e-19
    outer loop
      vertex 4.826520929741193 7.7953688041178495 1.5999999999999996
      vertex 4.905629938503893 7.397660960182193 1.5999999999999996
      vertex 4.905629938503893 7.397660960182193 0
    endloop
  endfacet
  facet normal 0.9469301294951006 0.3214394653031767 0
    outer loop
      vertex 5.035973449215021 7.013681359668233 0
      vertex 4.905629938503893 7.397660960182193 1.5999999999999996
      vertex 5.035973449215021 7.013681359668233 1.5999999999999996
    endloop
  endfacet
  facet normal 0.8968727415326984 0.44228869021898104 0
    outer loop
      vertex 5.215321248268239 6.650000000000013 0
      vertex 5.035973449215021 7.013681359668233 1.5999999999999996
      vertex 5.215321248268239 6.650000000000013 1.5999999999999996
    endloop
  endfacet
  facet normal 0.8314696123025358 0.5555702330196163 0
    outer loop
      vertex 5.4406046450971814 6.312839570072974 0
      vertex 5.215321248268239 6.650000000000013 1.5999999999999996
      vertex 5.4406046450971814 6.312839570072974 1.5999999999999996
    endloop
  endfacet
  facet normal 0.751839807478988 0.6593458151000567 0
    outer loop
      vertex 5.707968978321702 6.007968978321713 0
      vertex 5.4406046450971814 6.312839570072974 1.5999999999999996
      vertex 5.707968978321702 6.007968978321713 1.5999999999999996
    endloop
  endfacet
  facet normal 0.6593458151000678 0.7518398074789784 7.388796680319813e-18
    outer loop
      vertex 5.707968978321702 6.007968978321713 1.5999999999999996
      vertex 6.01283957007297 5.740604645097179 1.5999999999999996
      vertex 6.01283957007297 5.740604645097179 0
    endloop
  endfacet
  facet normal 0.5555702330195921 0.831469612302552 -6.724326201917814e-18
    outer loop
      vertex 6.01283957007297 5.740604645097179 1.5999999999999996
      vertex 6.3500000000000085 5.5153212482682505 1.5999999999999996
      vertex 6.3500000000000085 5.5153212482682505 0
    endloop
  endfacet
  facet normal 0.44228869021900924 0.8968727415326845 -2.2053952431579777e-18
    outer loop
      vertex 6.3500000000000085 5.5153212482682505 1.5999999999999996
      vertex 6.713681359668229 5.335973449215018 1.5999999999999996
      vertex 6.713681359668229 5.335973449215018 0
    endloop
  endfacet
  facet normal 0.3214394653031713 0.9469301294951024 -3.694855139194375e-18
    outer loop
      vertex 6.713681359668229 5.335973449215018 1.5999999999999996
      vertex 7.097660960182196 5.20562993850389 1.5999999999999996
      vertex 7.097660960182196 5.20562993850389 0
    endloop
  endfacet
  facet normal 0.19509032201612891 0.9807852804032303 2.4127556213675503e-19
    outer loop
      vertex 7.097660960182196 5.20562993850389 1.5999999999999996
      vertex 7.495368804117845 5.12652092974119 1.5999999999999996
      vertex 7.495368804117845 5.12652092974119 0
    endloop
  endfacet
  facet normal -0.9978589232386045 -0.06540312923012763 0
    outer loop
      vertex 10.973479070258819 8.60463119588217 0
      vertex 11 8.20000000000001 1.5999999999999996
      vertex 10.973479070258819 8.60463119588217 1.5999999999999996
    endloop
  endfacet
  facet normal -0.9978589232386045 0.06540312923012763 0
    outer loop
      vertex 11 8.20000000000001 0
      vertex 10.973479070258819 7.7953688041178495 1.5999999999999996
      vertex 11 8.20000000000001 1.5999999999999996
    endloop
  endfacet
  facet normal -0.980785280403231 0.19509032201612556 0
    outer loop
      vertex 10.973479070258819 7.7953688041178495 0
      vertex 10.894370061496119 7.397660960182193 1.5999999999999996
      vertex 10.973479070258819 7.7953688041178495 1.5999999999999996
    endloop
  endfacet
  facet normal -0.9469301294951006 0.3214394653031767 0
    outer loop
      vertex 10.894370061496119 7.397660960182193 0
      vertex 10.76402655078499 7.013681359668233 1.5999999999999996
      vertex 10.894370061496119 7.397660960182193 1.5999999999999996
    endloop
  endfacet
  facet normal -0.8968727415326984 0.44228869021898104 0
    outer loop
      vertex 10.76402655078499 7.013681359668233 0
      vertex 10.584678751731772 6.650000000000013 1.5999999999999996
      vertex 10.76402655078499 7.013681359668233 1.5999999999999996
    endloop
  endfacet
  facet normal -0.8314696123025358 0.5555702330196163 0
    outer loop
      vertex 10.584678751731772 6.650000000000013 0
      vertex 10.35939535490283 6.312839570072974 1.5999999999999996
      vertex 10.584678751731772 6.650000000000013 1.5999999999999996
    endloop
  endfacet
  facet normal -0.44228869021900924 0.8968727415326845 2.2053952431579777e-18
    outer loop
      vertex 9.086318640331783 5.335973449215018 1.5999999999999996
      vertex 9.450000000000003 5.5153212482682505 1.5999999999999996
      vertex 9.450000000000003 5.5153212482682505 0
    endloop
  endfacet
  facet normal 0.06540312923012763 0.9978589232386045 0
    outer loop
      vertex 7.900000000000006 5.1000000000000085 0
      vertex 7.495368804117845 5.12652092974119 1.5999999999999996
      vertex 7.900000000000006 5.1000000000000085 1.5999999999999996
    endloop
  endfacet
  facet normal -0.06540312923012763 0.9978589232386045 0
    outer loop
      vertex 8.304631195882166 5.12652092974119 0
      vertex 7.900000000000006 5.1000000000000085 1.5999999999999996
      vertex 8.304631195882166 5.12652092974119 1.5999999999999996
    endloop
  endfacet
  facet normal -0.19509032201612891 0.9807852804032303 -2.4127556213675503e-19
    outer loop
      vertex 8.304631195882166 5.12652092974119 1.5999999999999996
      vertex 8.702339039817815 5.20562993850389 1.5999999999999996
      vertex 8.702339039817815 5.20562993850389 0
    endloop
  endfacet
  facet normal -0.3214394653031713 0.9469301294951024 3.694855139194375e-18
    outer loop
      vertex 8.702339039817815 5.20562993850389 1.5999999999999996
      vertex 9.086318640331783 5.335973449215018 1.5999999999999996
      vertex 9.086318640331783 5.335973449215018 0
    endloop
  endfacet
  facet normal -0.751839807478988 0.6593458151000567 0
    outer loop
      vertex 10.35939535490283 6.312839570072974 0
      vertex 10.09203102167831 6.007968978321713 1.5999999999999996
      vertex 10.35939535490283 6.312839570072974 1.5999999999999996
    endloop
  endfacet
  facet normal -0.5555702330195921 0.831469612302552 6.724326201917814e-18
    outer loop
      vertex 9.450000000000003 5.5153212482682505 1.5999999999999996
      vertex 9.787160429927042 5.740604645097179 1.5999999999999996
      vertex 9.787160429927042 5.740604645097179 0
    endloop
  endfacet
  facet normal -0.6593458151000678 0.7518398074789784 0
    outer loop
      vertex 10.09203102167831 6.007968978321713 1.5999999999999996
      vertex 10.09203102167831 6.007968978321713 0
      vertex 9.787160429927042 5.740604645097179 1.5999999999999996
    endloop
  endfacet
  facet normal 0.9978589232386045 -0.06540312923012763 0
    outer loop
      vertex 4.826520929741193 8.60463119588217 1.5999999999999996
      vertex 4.800000000000011 8.20000000000001 0
      vertex 4.826520929741193 8.60463119588217 0
    endloop
  endfacet
  facet normal 0.9978589232386045 0.06540312923012763 0
    outer loop
      vertex 4.800000000000011 8.20000000000001 1.5999999999999996
      vertex 4.826520929741193 7.7953688041178495 0
      vertex 4.800000000000011 8.20000000000001 0
    endloop
  endfacet
  facet normal 0.980785280403231 0.19509032201612556 0
    outer loop
      vertex 4.826520929741193 7.7953688041178495 1.5999999999999996
      vertex 4.905629938503893 7.397660960182193 0
      vertex 4.826520929741193 7.7953688041178495 0
    endloop
  endfacet
  facet normal 0.9469301294951006 0.3214394653031767 0
    outer loop
      vertex 4.905629938503893 7.397660960182193 0
      vertex 4.905629938503893 7.397660960182193 1.5999999999999996
      vertex 5.035973449215021 7.013681359668233 0
    endloop
  endfacet
  facet normal 0.8968727415326984 0.44228869021898104 0
    outer loop
      vertex 5.035973449215021 7.013681359668233 0
      vertex 5.035973449215021 7.013681359668233 1.5999999999999996
      vertex 5.215321248268239 6.650000000000013 0
    endloop
  endfacet
  facet normal 0.8314696123025358 0.5555702330196163 0
    outer loop
      vertex 5.215321248268239 6.650000000000013 1.5999999999999996
      vertex 5.4406046450971814 6.312839570072974 0
      vertex 5.215321248268239 6.650000000000013 0
    endloop
  endfacet
  facet normal 0.751839807478988 0.6593458151000567 0
    outer loop
      vertex 5.4406046450971814 6.312839570072974 1.5999999999999996
      vertex 5.707968978321702 6.007968978321713 0
      vertex 5.4406046450971814 6.312839570072974 0
    endloop
  endfacet
  facet normal 0.6593458151000678 0.7518398074789784 7.388796680319813e-18
    outer loop
      vertex 6.01283957007297 5.740604645097179 0
      vertex 5.707968978321702 6.007968978321713 0
      vertex 5.707968978321702 6.007968978321713 1.5999999999999996
    endloop
  endfacet
  facet normal 0.5555702330195921 0.831469612302552 -6.724326201917814e-18
    outer loop
      vertex 6.3500000000000085 5.5153212482682505 0
      vertex 6.01283957007297 5.740604645097179 0
      vertex 6.01283957007297 5.740604645097179 1.5999999999999996
    endloop
  endfacet
  facet normal 0.44228869021900924 0.8968727415326845 -2.2053952431579777e-18
    outer loop
      vertex 6.713681359668229 5.335973449215018 0
      vertex 6.3500000000000085 5.5153212482682505 0
      vertex 6.3500000000000085 5.5153212482682505 1.5999999999999996
    endloop
  endfacet
  facet normal 0.3214394653031713 0.9469301294951024 -3.694855139194375e-18
    outer loop
      vertex 7.097660960182196 5.20562993850389 0
      vertex 6.713681359668229 5.335973449215018 0
      vertex 6.713681359668229 5.335973449215018 1.5999999999999996
    endloop
  endfacet
  facet normal 0.19509032201612891 0.9807852804032303 2.4127556213675503e-19
    outer loop
      vertex 7.495368804117845 5.12652092974119 0
      vertex 7.097660960182196 5.20562993850389 0
      vertex 7.097660960182196 5.20562993850389 1.5999999999999996
    endloop
  endfacet
  facet normal -0.9978589232386045 -0.06540312923012763 0
    outer loop
      vertex 11 8.20000000000001 1.5999999999999996
      vertex 10.973479070258819 8.60463119588217 0
      vertex 11 8.20000000000001 0
    endloop
  endfacet
  facet normal -0.9978589232386045 0.06540312923012763 0
    outer loop
      vertex 10.973479070258819 7.7953688041178495 1.5999999999999996
      vertex 11 8.20000000000001 0
      vertex 10.973479070258819 7.7953688041178495 0
    endloop
  endfacet
  facet normal -0.980785280403231 0.19509032201612556 0
    outer loop
      vertex 10.894370061496119 7.397660960182193 1.5999999999999996
      vertex 10.973479070258819 7.7953688041178495 0
      vertex 10.894370061496119 7.397660960182193 0
    endloop
  endfacet
  facet normal -0.9469301294951006 0.3214394653031767 0
    outer loop
      vertex 10.76402655078499 7.013681359668233 1.5999999999999996
      vertex 10.894370061496119 7.397660960182193 0
      vertex 10.76402655078499 7.013681359668233 0
    endloop
  endfacet
  facet normal -0.8968727415326984 0.44228869021898104 0
    outer loop
      vertex 10.584678751731772 6.650000000000013 1.5999999999999996
      vertex 10.76402655078499 7.013681359668233 0
      vertex 10.584678751731772 6.650000000000013 0
    endloop
  endfacet
  facet normal 0.06540312923012763 0.9978589232386045 1.2159064595591747e-18
    outer loop
      vertex 7.900000000000006 5.1000000000000085 0
      vertex 7.495368804117845 5.12652092974119 0
      vertex 7.495368804117845 5.12652092974119 1.5999999999999996
    endloop
  endfacet
  facet normal -0.06540312923012763 0.9978589232386045 -1.2159064595591747e-18
    outer loop
      vertex 8.304631195882166 5.12652092974119 0
      vertex 7.900000000000006 5.1000000000000085 0
      vertex 7.900000000000006 5.1000000000000085 1.5999999999999996
    endloop
  endfacet
  facet normal -0.3214394653031713 0.9469301294951024 3.694855139194375e-18
    outer loop
      vertex 9.086318640331783 5.335973449215018 0
      vertex 8.702339039817815 5.20562993850389 0
      vertex 8.702339039817815 5.20562993850389 1.5999999999999996
    endloop
  endfacet
  facet normal -0.19509032201612891 0.9807852804032303 -2.4127556213675503e-19
    outer loop
      vertex 8.702339039817815 5.20562993850389 0
      vertex 8.304631195882166 5.12652092974119 0
      vertex 8.304631195882166 5.12652092974119 1.5999999999999996
    endloop
  endfacet
  facet normal -0.44228869021900924 0.8968727415326845 2.2053952431579777e-18
    outer loop
      vertex 9.450000000000003 5.5153212482682505 0
      vertex 9.086318640331783 5.335973449215018 0
      vertex 9.086318640331783 5.335973449215018 1.5999999999999996
    endloop
  endfacet
  facet normal -0.751839807478988 0.6593458151000567 0
    outer loop
      vertex 10.09203102167831 6.007968978321713 1.5999999999999996
      vertex 10.35939535490283 6.312839570072974 0
      vertex 10.09203102167831 6.007968978321713 0
    endloop
  endfacet
  facet normal -0.5555702330195921 0.831469612302552 6.724326201917814e-18
    outer loop
      vertex 9.787160429927042 5.740604645097179 0
      vertex 9.450000000000003 5.5153212482682505 0
      vertex 9.450000000000003 5.5153212482682505 1.5999999999999996
    endloop
  endfacet
  facet normal -0.6593458151000678 0.7518398074789784 -7.388796680319813e-18
    outer loop
      vertex 10.09203102167831 6.007968978321713 0
      vertex 9.787160429927042 5.740604645097179 0
      vertex 9.787160429927042 5.740604645097179 1.5999999999999996
    endloop
  endfacet
  facet normal -0.8314696123025358 0.5555702330196163 0
    outer loop
      vertex 10.35939535490283 6.312839570072974 1.5999999999999996
      vertex 10.584678751731772 6.650000000000013 0
      vertex 10.35939535490283 6.312839570072974 0
    endloop
  endfacet
endsolid OpenSCAD_Model
